1,8,uniform,0.0115851716,0.028530311003263382
1,8,uniform,0.0027784219599999997,0.001211981053926101
1,8,uniform,0.0030753514600000017,0.0003966462843178068
1,8,uniform,0.00293228948,0.00040624728691639666
1,8,uniform,0.0030730953800000003,0.00037788173456143045
1,8,uniform,0.0028629172,0.00010910068192474537
1,8,uniform,0.00295380852,0.00017548349598232247
1,8,uniform,0.0029270477800000015,0.00008189840854348472
1,8,uniform,0.0030813404399999975,0.00018929418317473176
1,8,uniform,0.0030140092600000013,0.00013003615400614986
1,8,uniform,0.00304829774,0.0012258927005406712
1,8,uniform,0.0021378103000000014,0.00018082320673485963
1,8,uniform,0.0027329679999999992,0.00014503222918682606
1,8,uniform,0.0030739292600000002,0.0006713067356123759
1,8,uniform,0.00279566008,0.0002735137187917432
1,8,uniform,0.002769850280000001,0.0001153257140346418
1,8,uniform,0.0026805714400000005,0.0001891333645197071
1,8,uniform,0.002845167520000002,0.00016526681008764124
1,8,uniform,0.0031384691,0.00024599882899350935
1,8,uniform,0.003173552560000001,0.0011444029273615713
1,8,uniform,0.003155042559999999,0.0004360922974218623
1,8,uniform,0.00226571798,0.00019780492129202562
1,8,uniform,0.0025784777600000005,0.0005251532974138337
1,8,uniform,0.00267099338,0.0005341446323358603
1,8,uniform,0.0025321262400000008,0.00011387459464833326
1,8,uniform,0.0023803575799999995,0.0001578240680842648
1,8,uniform,0.0026050926400000007,0.0004685609214470768
1,8,uniform,0.0026496600000000007,0.00043349017710203695
1,8,uniform,0.002612466640000002,0.00031368996470187993
1,8,uniform,0.0025661108,0.0003419866794235152
1,8,uniform,0.00258427472,0.00022924245167868789
1,8,uniform,0.00265583148,0.0005287056370160056
1,8,uniform,0.0028287129600000002,0.0006062678097386867
1,8,uniform,0.002668141639999999,0.00039636770321037357
1,8,uniform,0.0029758234800000005,0.0007872191450460992
1,8,uniform,0.00306062528,0.0005101645541940908
1,8,uniform,0.0021179138600000004,0.00028266016004234977
1,8,uniform,0.0035921942000000013,0.0011269235464777003
1,8,uniform,0.0004952695999999972,0.00023309138485914826
1,8,uniform,0.00257700046,0.00022618519518738525
1,8,uniform,0.0022321801000000016,0.00027385058823980806
1,8,uniform,0.00254900864,0.0002809198026813783
1,8,uniform,0.0025775234599999986,0.00026804498565236734
1,8,uniform,0.0025406091000000006,0.0001680297585323968
1,8,uniform,0.0026320001599999996,0.000171181909761906
1,8,uniform,0.0028618319200000007,0.0004960298514258997
1,8,uniform,0.002260246960000001,0.0002885557931278725
1,8,uniform,0.002513121380000001,0.0002838881535965451
1,8,uniform,0.0026448293600000007,0.0004308122630314355
1,8,uniform,0.0025203842200000005,0.00022009720835982656
1,8,uniform,0.0034827726600000003,0.0007896610429925052
1,8,uniform,0.00219357508,0.00015756096327806317
1,8,uniform,0.0025973309000000013,0.00021608201309749657
1,8,uniform,0.0025366632800000017,0.00021596585214344523
1,8,uniform,0.00270076254,0.000624126674970679
1,8,uniform,0.0032031317399999993,0.0005316996388622267
1,8,uniform,0.00269826448,0.0006434249698346429
1,8,uniform,0.0026362904999999983,0.00030277652161002616
1,8,uniform,0.0032843500400000004,0.0007989812972038901
1,8,uniform,0.0032525212399999994,0.0005780940754194483
1,8,uniform,0.0023295836199999998,0.00016723049042643702
1,8,uniform,0.00298692662,0.0007053565816161039
1,8,uniform,0.0029924294399999996,0.0007590240760096627
1,8,uniform,0.00281567502,0.0003219296847730021
1,8,uniform,0.0028188102000000007,0.0004774157988664946
1,8,uniform,0.0028958762399999994,0.00047153742364926775
1,8,uniform,0.002763449719999999,0.0005538235275572497
1,8,uniform,0.0029196655200000006,0.0008223274646365441
1,8,uniform,0.002681835479999999,0.00041267873259539844
1,8,uniform,0.0024887061000000016,0.00018844481091847553
1,8,uniform,0.002146236239999999,0.00020569157400041136
1,8,uniform,0.002519945739999999,0.0001735203006847709
1,8,uniform,0.0025539116600000007,0.00018160711248541155
1,8,uniform,0.0026106106799999996,0.0006292484969665625
1,8,uniform,0.0028033988400000013,0.0004895257528009581
1,8,uniform,0.002579614180000001,0.00017690767207158902
1,8,uniform,0.002508510920000001,0.0004025978330008606
1,8,uniform,0.003059715960000001,0.0011788063199551627
1,8,uniform,0.002758880700000001,0.0003753205645012155
1,8,uniform,0.0026034965000000026,0.00024830910026783597
1,8,uniform,0.0021634427000000005,0.00020511527646710698
1,8,uniform,0.0035190146600000013,0.001694341133546659
1,8,uniform,0.0025597855400000006,0.00034831818916491027
1,8,uniform,0.0032467938400000005,0.0015313478864258736
1,8,uniform,0.0026006190199999992,0.0005177129405351644
1,8,uniform,0.001702415779999998,0.0004535088124408514
1,8,uniform,0.002455807139999999,0.00020873783101459543
1,8,uniform,0.0026353268399999996,0.0011701779709787548
1,8,uniform,0.00245391964,0.0002622980253659947
1,8,uniform,0.0024207835799999996,0.0002444309012490716
1,8,uniform,0.0025393735999999986,0.00033361400265311604
1,8,uniform,0.00257151488,0.0002603378035562429
1,8,uniform,0.002037080580000001,0.00010424940599329837
1,8,uniform,0.002383579620000001,0.00022356815535265497
1,8,uniform,0.0025131789200000003,0.0003425063461320259
1,8,uniform,0.0025789183399999994,0.00046664962854963375
1,8,uniform,0.0011377330599999995,0.00018281159848899082
1,8,uniform,0.002165436479999999,0.00007505443820980133
1,8,uniform,0.002621748440000001,0.00034058287707849693
1,8,uniform,0.0029799237800000014,0.0003693701934740631
2,8,uniform,0.002113681960000001,0.0005629449291265435
2,8,uniform,0.0023098682,0.0002734848895806373
2,8,uniform,0.0023248360199999997,0.00031731578016860624
2,8,uniform,0.002612930520000001,0.0012996030065371502
2,8,uniform,0.0023140109000000008,0.0001142644546791444
2,8,uniform,0.0030214172000000003,0.0014548037832587942
2,8,uniform,0.00233973792,0.0001057370307117301
2,8,uniform,0.002001423139999999,0.0003104841333691628
2,8,uniform,0.0024325839400000013,0.00020829710004769105
2,8,uniform,0.0023000349400000017,0.00031520054616607023
2,8,uniform,0.0024553048599999993,0.0002589366349175884
2,8,uniform,0.0022648799000000003,0.00019122909403516814
2,8,uniform,0.0023478633399999995,0.0004574150493834406
2,8,uniform,0.0028102836600000006,0.0010235026498492594
2,8,uniform,0.0024468105200000007,0.0002990257700675644
2,8,uniform,0.0024196440399999997,0.0004973992649407518
2,8,uniform,0.0024398332399999992,0.0006240107867081927
2,8,uniform,0.0028328742400000008,0.0005721178273623265
2,8,uniform,0.001831080559999999,0.00029334573748137
2,8,uniform,0.0025668831600000014,0.0003986949387480776
2,8,uniform,0.002384625800000002,0.00038010055620060724
2,8,uniform,0.0023999854,0.00032643959122195267
2,8,uniform,0.011738669919999998,0.013560240459977469
2,8,uniform,0.003203106520000001,0.0010776843743230409
2,8,uniform,0.002254732319999999,0.0004112619672977988
2,8,uniform,0.002392785920000002,0.00017282431873646213
2,8,uniform,0.0006423321199999991,0.0002457177791838976
2,8,uniform,0.0025121804999999994,0.00044772588801960555
2,8,uniform,0.002388398399999999,0.00042024961858352694
2,8,uniform,0.0021740914199999987,0.0001986755993360924
2,8,uniform,0.0009816026400000012,0.0015537481427790642
2,8,uniform,0.004456417320000001,0.001843176562925324
2,8,uniform,0.005440407340000001,0.003845274782068998
2,8,uniform,0.00335936918,0.0012157051874616097
2,8,uniform,0.002655783919999999,0.0007290817264567276
2,8,uniform,0.002946784359999999,0.0013424069427847751
2,8,uniform,0.0029132318599999997,0.0008285554903911588
2,8,uniform,0.0034228363400000002,0.0014945023656904664
2,8,uniform,0.00209282558,0.0005619789786932131
2,8,uniform,0.003309764980000001,0.001010347979891114
2,8,uniform,0.0027514947200000008,0.0004986054109014686
2,8,uniform,0.003034867379999999,0.0006538253053051285
2,8,uniform,0.0028433674400000003,0.0005536042512165769
2,8,uniform,0.0021266457,0.00039035055589753067
2,8,uniform,0.0025118528000000005,0.00018968726264576773
2,8,uniform,0.0029790604799999998,0.0008839109962292522
2,8,uniform,0.0025021848600000015,0.0005687182591705668
2,8,uniform,0.0027619755400000003,0.00041791057850565746
2,8,uniform,0.0006350303520000008,0.0009712485813149353
2,8,uniform,0.0025343444399999982,0.0002599197527849489
2,8,uniform,0.0025465794799999996,0.00028246604019600493
2,8,uniform,0.002455325720000001,0.00025048065700082855
2,8,uniform,0.0023975915999999977,0.0016595308891036013
2,8,uniform,0.0025382906000000005,0.0003944081417079408
2,8,uniform,0.00265036204,0.0005404662187817725
2,8,uniform,0.0026898029399999995,0.000336216102446378
2,8,uniform,0.0014439634200000017,0.0007004538750978619
2,8,uniform,0.008118885119999999,0.006382993855871714
2,8,uniform,0.0027238480399999995,0.0004589005266406509
2,8,uniform,0.0023368988600000005,0.0003537628467933473
2,8,uniform,0.0027463112000000013,0.00040323807990697854
2,8,uniform,0.0024639536199999998,0.000632803488935467
2,8,uniform,0.0026954681400000002,0.0003885911536360976
2,8,uniform,0.0027680235599999996,0.00040689093157863994
2,8,uniform,0.0026957514200000006,0.000522554106713724
2,8,uniform,0.0024868948199999992,0.00037501414799860855
2,8,uniform,0.0026760193799999993,0.000516318583023182
2,8,uniform,0.002786376540000001,0.000520092322161161
2,8,uniform,0.002598394359999998,0.0004476381814132183
2,8,uniform,0.002488871780000001,0.00029085072766856434
2,8,uniform,0.0023675489399999994,0.0004952790474377941
2,8,uniform,0.00259452048,0.0006044961489593445
2,8,uniform,0.00257301374,0.000396513708475774
2,8,uniform,0.0024487007,0.0003755153105718563
2,8,uniform,0.002551568080000001,0.0003455045351396996
2,8,uniform,0.002608741540000001,0.00031160727071657566
2,8,uniform,0.0024185761400000007,0.0003135295277645581
2,8,uniform,0.00288754206,0.000540485627585251
2,8,uniform,0.002506951840000001,0.0003059493358189483
2,8,uniform,0.002537328260000002,0.0003472439488131427
2,8,uniform,0.0028396433,0.0010951556336387183
2,8,uniform,0.002621394440000001,0.0004546414584017339
2,8,uniform,0.002598620660000002,0.0005316967010411102
2,8,uniform,0.0046254354999999995,0.005236257275110348
2,8,uniform,0.0023171879999999987,0.0015751169782827067
2,8,uniform,0.00323480272,0.0013419086092542635
2,8,uniform,0.002560592519999999,0.0005984625475639318
2,8,uniform,0.00300425674,0.0005759004035106531
2,8,uniform,0.00254315488,0.0005764352345321201
2,8,uniform,0.0022824054799999998,0.00047577342941153316
2,8,uniform,0.003206526700000001,0.0009728921983728092
2,8,uniform,0.0023838483799999985,0.00022525640377933764
2,8,uniform,0.00270894496,0.000428531328599607
2,8,uniform,0.002383775879999999,0.0002403765394264221
2,8,uniform,0.0025355506399999997,0.0004932153122949222
2,8,uniform,0.0025032556200000004,0.00038869481472459733
2,8,uniform,0.002649969240000002,0.0004959335322786715
2,8,uniform,0.002523653719999999,0.0003881764579394274
2,8,uniform,0.0024153838,0.0003045042280919557
2,8,uniform,0.0034470099799999996,0.001439967393673316
3,8,uniform,0.00298914478,0.001553736618889762
3,8,uniform,0.0021385651399999984,0.00034537615187019876
3,8,uniform,0.002910436940000002,0.0007965581801320046
3,8,uniform,0.0029386654800000007,0.001764347928230613
3,8,uniform,0.0027435246999999987,0.0006892265961912589
3,8,uniform,0.0005740144320000015,0.0006585526790027011
3,8,uniform,0.0038403885400000006,0.002431568136638577
3,8,uniform,0.005004590859999998,0.001962242525366212
3,8,uniform,0.0018934979800000011,0.00036773194145749686
3,8,uniform,0.0032114895199999993,0.0022483784785566983
3,8,uniform,0.011438698900000002,0.006661852092389878
3,8,uniform,0.0049393465199999995,0.005249547008489592
3,8,uniform,0.0012793328900000006,0.002114340466545231
3,8,uniform,0.0027642776140000013,0.0026758877892691327
3,8,uniform,0.0035445907199999982,0.0016070672248481052
3,8,uniform,0.0015883064400000015,0.0008174407595765647
3,8,uniform,0.0021544346399999985,0.00041278679894697347
3,8,uniform,0.0023812899199999998,0.0009897974734412198
3,8,uniform,0.0034943432200000013,0.0015631090575461068
3,8,uniform,0.0037584759199999996,0.001941564104411367
3,8,uniform,0.00285037844,0.0009887495984436383
3,8,uniform,0.002446415459999999,0.00032500191264777376
3,8,uniform,0.0029800448199999996,0.0009249837637396731
3,8,uniform,0.00252392524,0.00028922960271383013
3,8,uniform,0.004020406280000001,0.0019553560678307953
3,8,uniform,0.00265512234,0.0004948890031840923
3,8,uniform,0.003928597440000001,0.0008050260247884053
3,8,uniform,0.0026818485399999997,0.0005693524533965075
3,8,uniform,0.0024171565600000005,0.0013800055848152532
3,8,uniform,0.0025990513999999986,0.0005348251711054744
3,8,uniform,0.0025891358999999997,0.000804005839283584
3,8,uniform,0.00258771784,0.00038344829097385075
3,8,uniform,0.0029127380799999986,0.00045658486540445047
3,8,uniform,0.0033428020200000005,0.001941822729830407
3,8,uniform,0.0030036292800000005,0.0007039904173171683
3,8,uniform,0.0030716922799999993,0.00077659772761195
3,8,uniform,0.002634445640000001,0.0006743147120160501
3,8,uniform,0.002717029219999998,0.00037801802294505567
3,8,uniform,0.0027058773199999994,0.0005820710969215303
3,8,uniform,0.0025270879600000013,0.0005592646896582553
3,8,uniform,0.0023363743800000024,0.0006231927131106218
3,8,uniform,0.002756239819999999,0.0003706178757286268
3,8,uniform,0.0029028189400000003,0.0008382166354403255
3,8,uniform,0.0027563645999999996,0.0005812912557677472
3,8,uniform,0.0028695493600000015,0.0007447384985183352
3,8,uniform,0.0028232166400000013,0.0006677218915701773
3,8,uniform,0.0027768192599999996,0.0007898895489702692
3,8,uniform,0.0026416921999999994,0.0006769803116641492
3,8,uniform,0.002047748939999998,0.0008120943447644766
3,8,uniform,0.0024428737199999996,0.0002572474597919935
3,8,uniform,0.0012151208,0.0003547801047212832
3,8,uniform,0.002400305,0.0006605523835407336
3,8,uniform,0.0024465762,0.00013445274069059026
3,8,uniform,0.00259705174,0.00022463203002641652
3,8,uniform,0.0027314143800000004,0.0004200839940808267
3,8,uniform,0.0030219203199999996,0.0007674073642811809
3,8,uniform,0.0027466537599999995,0.0006758803246401933
3,8,uniform,0.002902230339999998,0.0005134273843491081
3,8,uniform,0.0024064939200000002,0.00030607865801972464
3,8,uniform,0.0024583459400000012,0.0002999035674695006
3,8,uniform,0.00311795528,0.001221444543916155
3,8,uniform,0.0030440886600000003,0.001423939300835245
3,8,uniform,0.0027283761999999994,0.0004255869274896076
3,8,uniform,0.0026285532199999987,0.0004324614977542831
3,8,uniform,0.0028375185599999993,0.000746179203363233
3,8,uniform,0.0024361461199999992,0.0002539326956953796
3,8,uniform,0.0026109199199999987,0.000318815466464432
3,8,uniform,0.0021201186599999994,0.0003497880331861949
3,8,uniform,0.0025284112000000004,0.00026393880823329325
3,8,uniform,0.0015706362200000007,0.000266460069111073
3,8,uniform,0.0024801258200000003,0.0003951061259189881
3,8,uniform,0.0026369006600000006,0.0003694722366766473
3,8,uniform,0.0025699595600000005,0.00041945269208827336
3,8,uniform,0.0026351908,0.0005831411520075658
3,8,uniform,0.002683887340000001,0.0005177240215093152
3,8,uniform,0.0027982696800000007,0.0007964560650095242
3,8,uniform,0.0026741023800000005,0.0003785054704342828
3,8,uniform,0.0027044857999999994,0.0003302648538945002
3,8,uniform,0.002720890420000001,0.0004469194648107943
3,8,uniform,0.002530960280000002,0.0003458319193339126
3,8,uniform,0.0027529095800000007,0.00035606567850914506
3,8,uniform,0.002570656200000001,0.0002852364148118382
3,8,uniform,0.00253090258,0.00028642475707206045
3,8,uniform,0.0026850810400000013,0.0003489556569651954
3,8,uniform,0.00251405922,0.00024076141261766918
3,8,uniform,0.0026373321399999986,0.00046286855520451064
3,8,uniform,0.0029922182400000017,0.0017251217679212618
3,8,uniform,0.0027701328399999995,0.0004203293995647935
3,8,uniform,0.0024811874000000003,0.00037508988312515753
3,8,uniform,0.0027166528400000005,0.0004142791242609262
3,8,uniform,0.0026810738200000006,0.00046337218616428254
3,8,uniform,0.0028372741200000003,0.00044360760680369334
3,8,uniform,0.0025929870799999994,0.0004471854017951368
3,8,uniform,0.0025578842600000005,0.0002910964037059622
3,8,uniform,0.0026277296600000005,0.00047350728369745747
3,8,uniform,0.0027538448800000013,0.0003938369100887094
3,8,uniform,0.00261296116,0.0003546935529727817
3,8,uniform,0.0025888340599999997,0.00038083792715830355
3,8,uniform,0.002551384739999999,0.00025269231467117833
3,8,uniform,0.00247441716,0.0002878576178274407
4,8,uniform,0.002686591,0.00031810851669183255
4,8,uniform,0.003087447019999999,0.0010530335725292216
4,8,uniform,0.0029961901400000004,0.0006699969879381799
4,8,uniform,0.00287962884,0.0004533910231572254
4,8,uniform,0.0023991257600000006,0.00019100847728682966
4,8,uniform,0.002785002600000001,0.0004079666585991365
4,8,uniform,0.0027260912000000013,0.00031007328514524884
4,8,uniform,0.0029757724800000013,0.0006879923660765185
4,8,uniform,0.002713450039999999,0.0005063512805747169
4,8,uniform,0.0027612681,0.0003641011616161395
4,8,uniform,0.002600586020000001,0.00027237487453793445
4,8,uniform,0.0026938747000000004,0.00035267954769236173
4,8,uniform,0.002556178220000002,0.00042292621658834704
4,8,uniform,0.00282767668,0.00048440382435002867
4,8,uniform,0.0026590683799999995,0.0003455908680304725
4,8,uniform,0.002564125020000001,0.0002873462783980526
4,8,uniform,0.002589398,0.0002617369761492124
4,8,uniform,0.0026350300799999997,0.0002357244974819356
4,8,uniform,0.002539838680000001,0.00023791938947990117
4,8,uniform,0.0028231962,0.000978142545528911
4,8,uniform,0.00266898616,0.00026305654727698535
4,8,uniform,0.0025624579199999995,0.00022666257933510884
4,8,uniform,0.002768701140000001,0.0003774202736513588
4,8,uniform,0.0026316650600000007,0.000320673956153893
4,8,uniform,0.002500293040000001,0.00021234727459959972
4,8,uniform,0.0026195234400000003,0.0010009362359386668
4,8,uniform,0.0028766434600000015,0.0010351609286254105
4,8,uniform,0.0026916116800000016,0.0009495215149929404
4,8,uniform,0.0025853613400000012,0.0012892509522608728
4,8,uniform,0.002601869979999999,0.0011908386685771087
4,8,uniform,0.0028496475999999983,0.0004955126760357399
4,8,uniform,0.00255048494,0.0002110548653197132
4,8,uniform,0.0025610249999999998,0.00022344665556125738
4,8,uniform,0.0025436345600000007,0.00026581871608274293
4,8,uniform,0.002600093839999999,0.00017539136439099085
4,8,uniform,0.0026366728999999986,0.0003248939860778691
4,8,uniform,0.0025256260599999985,0.0003617666071293449
4,8,uniform,0.0025484298600000014,0.00036072894781201956
4,8,uniform,0.00258487458,0.0002586759174149943
4,8,uniform,0.00262800814,0.00036512563084633405
4,8,uniform,0.0025462915800000007,0.00037852127019555385
4,8,uniform,0.002609749359999999,0.00016443329098397985
4,8,uniform,0.0028083101799999998,0.00027155000088359014
4,8,uniform,0.0026517047400000018,0.00042023595724519926
4,8,uniform,0.00258290992,0.00018081527958739175
4,8,uniform,0.00266049046,0.00032576738554272787
4,8,uniform,0.0026169447799999994,0.00032555724671713937
4,8,uniform,0.002816171560000001,0.00046981392929333686
4,8,uniform,0.0031724624199999996,0.0011688910801386644
4,8,uniform,0.002672351419999999,0.00020772873120461155
4,8,uniform,0.0026005704000000005,0.00032949876043563835
4,8,uniform,0.002634859060000001,0.00025295082020171866
4,8,uniform,0.0029934212600000007,0.0009956724826233221
4,8,uniform,0.002456408419999999,0.0002761008193304275
4,8,uniform,0.00288389142,0.0006463382615969582
4,8,uniform,0.0027208114999999985,0.00029852743264050847
4,8,uniform,0.0026198474200000003,0.00029901961458264826
4,8,uniform,0.002485785920000001,0.0003153966454509833
4,8,uniform,0.0025627453800000006,0.00034700357843777665
4,8,uniform,0.002565312440000001,0.0002809365485103948
4,8,uniform,0.0030490550200000005,0.0008447749410888086
4,8,uniform,0.0024834785400000003,0.00025601062583190657
4,8,uniform,0.0025361488400000003,0.0002427448250209352
4,8,uniform,0.002729100519999999,0.00030091114391837776
4,8,uniform,0.0031225752600000014,0.0013526831595530623
4,8,uniform,0.00283965428,0.00040923964657501655
4,8,uniform,0.0026032326600000013,0.0002460162944103049
4,8,uniform,0.002718463619999999,0.00030331800933602133
4,8,uniform,0.0027536901600000007,0.000358833915682528
4,8,uniform,0.003004064200000002,0.0008659995304833792
4,8,uniform,0.00233266838,0.0003274062124157931
4,8,uniform,0.0028727633400000016,0.0007076792197847287
4,8,uniform,0.0027218385999999996,0.0002670754535999143
4,8,uniform,0.002774761899999999,0.00027174861855294366
4,8,uniform,0.0029903926800000018,0.0010021889891063686
4,8,uniform,0.002543606960000001,0.0003202332860279623
4,8,uniform,0.00257380834,0.0003717657540436064
4,8,uniform,0.00263116288,0.00031849476982729946
4,8,uniform,0.0028797156599999992,0.0009234734133170449
4,8,uniform,0.002739863080000001,0.0004226663775508474
4,8,uniform,0.0026834072999999997,0.0002721550352292279
4,8,uniform,0.00256623366,0.00031398639952746725
4,8,uniform,0.002643670200000002,0.00032049430120750804
4,8,uniform,0.0025845983400000013,0.0002623253801717122
4,8,uniform,0.002821841560000001,0.00036384800860415754
4,8,uniform,0.00267287342,0.0005698820441277006
4,8,uniform,0.00252158516,0.0003835035463208624
4,8,uniform,0.002619799039999999,0.0002519960756939591
4,8,uniform,0.002872090220000001,0.0005822109257506537
4,8,uniform,0.0022080935200000018,0.00015370493151349018
4,8,uniform,0.0027072895200000013,0.00033181976185220737
4,8,uniform,0.0026152619200000005,0.0005207673431643819
4,8,uniform,0.002497793639999999,0.00025471439815945497
4,8,uniform,0.002339467799999999,0.0002277596413199181
4,8,uniform,0.0025434023000000003,0.00031758928812590997
4,8,uniform,0.0027654501400000003,0.0003929526412123845
4,8,uniform,0.001533882420000001,0.0005687154947069175
4,8,uniform,0.000962220779999997,0.00032687965237018915
4,8,uniform,0.00330555948,0.001742635442869398
4,8,uniform,0.00254173512,0.0004163213719025776
5,8,uniform,0.0027141215600000003,0.0003609837774219684
5,8,uniform,0.0026537701,0.0005333199170163045
5,8,uniform,0.0027360500199999993,0.0006207639036275384
5,8,uniform,0.0022978512000000006,0.00008457204212215242
5,8,uniform,0.002732698860000001,0.0005348091045755483
5,8,uniform,0.002487928979999999,0.00044007077554397743
5,8,uniform,0.002654418559999999,0.0005007634923440628
5,8,uniform,0.0026808529599999997,0.0003709870316764456
5,8,uniform,0.0027109533799999997,0.00036199380333210734
5,8,uniform,0.0028026036200000013,0.0005199917982248586
5,8,uniform,0.0027301124800000005,0.0004583608404184537
5,8,uniform,0.0027718585000000013,0.0003976291903380588
5,8,uniform,0.0026574292200000006,0.000386369516766082
5,8,uniform,0.0031232291400000002,0.0010147010280189051
5,8,uniform,0.0028266511400000006,0.000547115884616738
5,8,uniform,0.0025002400599999997,0.0003347370043821965
5,8,uniform,0.002761805519999999,0.0003600545952300537
5,8,uniform,0.0025922559600000004,0.0004887164098425023
5,8,uniform,0.0026863531600000005,0.00040869793238495003
5,8,uniform,0.00291554702,0.0006595262042054215
5,8,uniform,0.00308256872,0.0009415597948993174
5,8,uniform,0.0027776318400000014,0.0007111551709810364
5,8,uniform,0.00269678354,0.00043548251539286863
5,8,uniform,0.0026327715200000017,0.0004053821877531264
5,8,uniform,0.0028271532000000016,0.0004625945664068653
5,8,uniform,0.0026295136199999992,0.00030729503224686194
5,8,uniform,0.0025210471800000004,0.00029790945234157236
5,8,uniform,0.0025744454599999998,0.00045681000581823477
5,8,uniform,0.002526834180000001,0.0001799630471720052
5,8,uniform,0.0028763128200000004,0.0004540688722529999
5,8,uniform,0.00271226876,0.0003096439115285133
5,8,uniform,0.00284003908,0.0004888123161219336
5,8,uniform,0.002454022360000001,0.00024908292323606255
5,8,uniform,0.00264396442,0.0003107777893611983
5,8,uniform,0.00279023018,0.0007056050756390968
5,8,uniform,0.003035459059999999,0.0009070601508700817
5,8,uniform,0.0029379917400000006,0.0005943062448571629
5,8,uniform,0.00259813268,0.00039685097043686023
5,8,uniform,0.0027233294199999988,0.00035578597429222335
5,8,uniform,0.0027317209000000007,0.0005021851143110479
5,8,uniform,0.0029252898200000004,0.0008796262981083121
5,8,uniform,0.002669322359999999,0.00035301707616053546
5,8,uniform,0.00248480262,0.0001889170956370957
5,8,uniform,0.0024731977800000007,0.000509810253576204
5,8,uniform,0.0027278380000000002,0.00035036316140389727
5,8,uniform,0.0026996791199999986,0.0004854125175452431
5,8,uniform,0.0024374967800000003,0.0003236211780541496
5,8,uniform,0.0022333973599999992,0.0012730796283766039
5,8,uniform,0.0025903161799999985,0.0003318346448395479
5,8,uniform,0.00272384384,0.0004220434559396832
5,8,uniform,0.0028242395,0.000786563846257385
5,8,uniform,0.00275497138,0.0006748182056815665
5,8,uniform,0.002537777660000001,0.0004683420880716242
5,8,uniform,0.0031333337399999986,0.001078430055103663
5,8,uniform,0.00255311218,0.0005061373317216606
5,8,uniform,0.00229968978,0.0002048073785422401
5,8,uniform,0.0028134761599999994,0.0004834601131248344
5,8,uniform,0.0025725458999999997,0.0003086409163189843
5,8,uniform,0.0024389187800000025,0.0003642754452437821
5,8,uniform,0.002742222500000002,0.0005788936050086885
5,8,uniform,0.00274466958,0.0005839148141119371
5,8,uniform,0.0027083996399999994,0.0005141099243194873
5,8,uniform,0.003167839540000001,0.0009378319047074243
5,8,uniform,0.002663990820000001,0.0007024590126078532
5,8,uniform,0.0028514152399999994,0.0009742387649965255
5,8,uniform,0.00237131788,0.00037745729108714326
5,8,uniform,0.0025935212999999993,0.0006235118342794306
5,8,uniform,0.00265302422,0.00033990599261601395
5,8,uniform,0.002761522060000001,0.0007436747544105256
5,8,uniform,0.002277877540000001,0.0003433002762552047
5,8,uniform,0.002649828740000001,0.0005676512137924231
5,8,uniform,0.0028453496800000012,0.0006100938267874051
5,8,uniform,0.00261788772,0.00039327766499306824
5,8,uniform,0.00215317004,0.0005994775818091764
5,8,uniform,0.0026465753599999994,0.0004251551030825885
5,8,uniform,0.00322571488,0.00075233095856684
5,8,uniform,0.002591077340000002,0.00038430963258179657
5,8,uniform,0.002523497280000001,0.0006060801185533147
5,8,uniform,0.0029626602599999996,0.000628677476805432
5,8,uniform,0.002554016899999999,0.0004226290486101916
5,8,uniform,0.0024892922400000005,0.0003102403773152539
5,8,uniform,0.0027436830999999994,0.0005132610974138364
5,8,uniform,0.0025685954800000006,0.0003914965949393005
5,8,uniform,0.002632919919999998,0.00039826120871469387
5,8,uniform,0.0032936897000000014,0.0013342582843775042
5,8,uniform,0.0028716294999999994,0.00044167881479977435
5,8,uniform,0.0026997478999999996,0.0004462545352798979
5,8,uniform,0.002536043440000001,0.0005460399421285752
5,8,uniform,0.00241528184,0.000254689072190234
5,8,uniform,0.002874665600000001,0.00048803070609888675
5,8,uniform,0.0024145223800000008,0.00023596967206884393
5,8,uniform,0.00179708856,0.0009352541368697839
5,8,uniform,0.0023989915800000016,0.000246121321259365
5,8,uniform,0.0025947589799999995,0.0004236433839862118
5,8,uniform,0.0022636964600000003,0.0004346188985865024
5,8,uniform,0.00272090326,0.0005655935879732807
5,8,uniform,0.0025384315,0.00021854742973765064
5,8,uniform,0.00264461702,0.0004065211753115834
5,8,uniform,0.002278560740000001,0.0004507526936364823
5,8,uniform,0.0022955207800000005,0.0002226232604944207
6,8,uniform,0.0025779207799999982,0.000309117984014752
6,8,uniform,0.0027773884000000006,0.000431515706751356
6,8,uniform,0.0022568564999999995,0.00021341542945232963
6,8,uniform,0.002541900320000001,0.0004483562995114118
6,8,uniform,0.0025756889800000017,0.0005125229026897887
6,8,uniform,0.0026762769800000004,0.0003046267071937937
6,8,uniform,0.0027143969200000002,0.0004519660750188618
6,8,uniform,0.0023604026599999993,0.0003207860666530128
6,8,uniform,0.0024941514400000017,0.00025387524933898824
6,8,uniform,0.002571204500000001,0.0005567285043085686
6,8,uniform,0.0026328130599999992,0.00042010106250548027
6,8,uniform,0.0025534123199999993,0.0002784571755428271
6,8,uniform,0.0028431237400000004,0.0006576893312394707
6,8,uniform,0.002483186600000001,0.0003015892817450765
6,8,uniform,0.0026825517600000005,0.0005540414185220774
6,8,uniform,0.002767657280000002,0.0007201297121409682
6,8,uniform,0.00265826208,0.00031596298115767375
6,8,uniform,0.0026491749999999993,0.0003749980048687665
6,8,uniform,0.0024902501999999995,0.0002810193045679129
6,8,uniform,0.002480672799999999,0.0002439912745052806
6,8,uniform,0.0026811278799999997,0.00042722367392133645
6,8,uniform,0.0028198929600000006,0.00048334144569031086
6,8,uniform,0.0026652427400000005,0.0002545791660591609
6,8,uniform,0.0025614387200000002,0.0005129990418601514
6,8,uniform,0.0030293625000000005,0.0003907935172180515
6,8,uniform,0.00265652816,0.00044230606277228715
6,8,uniform,0.003047859200000002,0.0007237104259750198
6,8,uniform,0.00231941764,0.00038547925168347987
6,8,uniform,0.0025421935200000004,0.0003065749142790571
6,8,uniform,0.0023616670200000004,0.0003180005794181305
6,8,uniform,0.002543445540000001,0.0005379393239101726
6,8,uniform,0.0026652434000000004,0.00030009874646487423
6,8,uniform,0.0025441978800000015,0.00028293243698876235
6,8,uniform,0.0025366196600000008,0.0003284304577167829
6,8,uniform,0.0027652747800000006,0.0005258432721620051
6,8,uniform,0.00281390396,0.0003567332208178355
6,8,uniform,0.0032484247,0.001305631876211328
6,8,uniform,0.0025444549800000007,0.0003123959570886674
6,8,uniform,0.0026195095399999995,0.0003746599992187879
6,8,uniform,0.0026465675200000012,0.0003209449426494623
6,8,uniform,0.0024717644800000002,0.0004141070204699373
6,8,uniform,0.002704005720000001,0.0004189885949316124
6,8,uniform,0.0028999406200000003,0.0005228602903562183
6,8,uniform,0.0025141419599999998,0.0007043873820634732
6,8,uniform,0.0026250307000000007,0.00043925917487383764
6,8,uniform,0.0026942012200000002,0.00038990387822928014
6,8,uniform,0.0028070678800000007,0.0004749158199347777
6,8,uniform,0.002785989640000002,0.0005328383840935053
6,8,uniform,0.0025970990200000015,0.0004981150452327365
6,8,uniform,0.0032349650599999996,0.0013659943474859302
6,8,uniform,0.0025674536999999993,0.0003655963651566971
6,8,uniform,0.0025591332000000026,0.0006211856953715749
6,8,uniform,0.00261991058,0.00030813600196271545
6,8,uniform,0.0026033381599999987,0.0003000801471251009
6,8,uniform,0.0028787540199999998,0.0006372345938069607
6,8,uniform,0.0024165982600000005,0.0004344387883994834
6,8,uniform,0.002439881339999999,0.00019799184469669446
6,8,uniform,0.002607599959999999,0.0004662891840163855
6,8,uniform,0.0027299055599999994,0.0006518398790191756
6,8,uniform,0.0024538684599999996,0.00047327044706877455
6,8,uniform,0.0027451276,0.0007760820983774059
6,8,uniform,0.0028044210400000004,0.000436638309539499
6,8,uniform,0.003600826319999999,0.0007625395557515616
6,8,uniform,0.00271364796,0.0005007748362048667
6,8,uniform,0.002665087640000001,0.0003868893411104783
6,8,uniform,0.0025908513199999995,0.0004185390981341993
6,8,uniform,0.0025596347599999994,0.00036535379151752796
6,8,uniform,0.002898116,0.0004371111231827037
6,8,uniform,0.002645629380000002,0.0004823154713567089
6,8,uniform,0.0024120536600000008,0.0003725696533967544
6,8,uniform,0.00274964532,0.0005306882006760342
6,8,uniform,0.0027648284800000007,0.0004636788364521408
6,8,uniform,0.002658215099999999,0.00029080129161955233
6,8,uniform,0.0025308490199999994,0.00037824457422867705
6,8,uniform,0.0029161704400000005,0.000721052750112439
6,8,uniform,0.0027054640399999997,0.000427906718105256
6,8,uniform,0.002612101880000001,0.0003353333730563926
6,8,uniform,0.002768226100000001,0.0002699008000622946
6,8,uniform,0.002474190580000001,0.00039033874004978724
6,8,uniform,0.002548178779999999,0.00030568286229992975
6,8,uniform,0.0026121454200000024,0.00027887648121228243
6,8,uniform,0.0029394101799999992,0.0006643021578965486
6,8,uniform,0.00280376548,0.00033746323739262507
6,8,uniform,0.0028899632400000022,0.0008995773617689155
6,8,uniform,0.002776436420000001,0.0003962559033195174
6,8,uniform,0.0027282888599999985,0.00037032552828110296
6,8,uniform,0.0027268028,0.00035517315980055595
6,8,uniform,0.002850636,0.0005608447411167075
6,8,uniform,0.005037364460000001,0.004213294697952799
6,8,uniform,0.0025217346,0.0003808916021017734
6,8,uniform,0.002732432640000001,0.0005524913633757245
6,8,uniform,0.00237621638,0.00027076448347474326
6,8,uniform,0.0027372222,0.00043315649527831036
6,8,uniform,0.00282542862,0.000533490540318133
6,8,uniform,0.0036665319600000016,0.0014305724664990431
6,8,uniform,0.0025185846799999994,0.00019631572977233514
6,8,uniform,0.002426919060000001,0.00027982499870988814
6,8,uniform,0.002619141240000001,0.00042471317275389275
6,8,uniform,0.0026004089600000016,0.0003905267861361397
6,8,uniform,0.00343726892,0.0013246854413591052
7,8,uniform,0.0027113635800000016,0.0003083082245844246
7,8,uniform,0.002619933999999999,0.0002915152642418765
7,8,uniform,0.0026045166800000015,0.00023578059415154515
7,8,uniform,0.0025439390800000004,0.00028567021620169323
7,8,uniform,0.0029633459799999996,0.0004827899411421194
7,8,uniform,0.0025027905600000003,0.0001853698927486758
7,8,uniform,0.0025983282200000004,0.0005872825546495105
7,8,uniform,0.0026591451799999996,0.00048796307899953993
7,8,uniform,0.002571290559999999,0.00040381649907072055
7,8,uniform,0.00270759392,0.0004720627795042614
7,8,uniform,0.0029017151399999995,0.00037196110211910015
7,8,uniform,0.0027471414200000003,0.0005072610912168846
7,8,uniform,0.003262839279999999,0.001181259380837385
7,8,uniform,0.002665942739999999,0.0004267809619092422
7,8,uniform,0.0028042714799999995,0.0005530154917525165
7,8,uniform,0.002536380140000001,0.0002732726366417896
7,8,uniform,0.0026850693799999976,0.0003703739317866771
7,8,uniform,0.0027606535199999997,0.0004024989844786224
7,8,uniform,0.00258772658,0.00046547223494158163
7,8,uniform,0.0026194616200000006,0.0004561073303927607
7,8,uniform,0.002636267000000001,0.0002782190996867197
7,8,uniform,0.0028112677800000005,0.000611018955236397
7,8,uniform,0.0026931305199999994,0.000373470607566096
7,8,uniform,0.002569308580000001,0.0003235736305017763
7,8,uniform,0.0029375713600000007,0.0005103768556880407
7,8,uniform,0.0027592977000000006,0.00026590680189545114
7,8,uniform,0.0032476168999999977,0.0008454761435743109
7,8,uniform,0.00166693004,0.0003012961775952545
7,8,uniform,0.002882045799999999,0.0004127157126952589
7,8,uniform,0.0027916588999999997,0.0005622542751690535
7,8,uniform,0.0024371587999999986,0.0002647320253777813
7,8,uniform,0.0029286884399999996,0.0005022076753305793
7,8,uniform,0.0025099687800000017,0.00036071197749204596
7,8,uniform,0.002702207820000001,0.00037080938926629736
7,8,uniform,0.0027402554000000006,0.0006661535209354355
7,8,uniform,0.0029603870799999998,0.000941610596735007
7,8,uniform,0.002395137519999999,0.00016796099860982952
7,8,uniform,0.002956085399999999,0.0006512238217695204
7,8,uniform,0.002793667520000001,0.000338881893987812
7,8,uniform,0.0024903235199999997,0.00025750472317704953
7,8,uniform,0.0028529737000000006,0.0008886568219341919
7,8,uniform,0.0028174779599999984,0.0003785206274468629
7,8,uniform,0.0030079953600000006,0.0006960958836826129
7,8,uniform,0.00277702468,0.0005342923896363196
7,8,uniform,0.002660347140000001,0.00021494164166657473
7,8,uniform,0.0028908870600000006,0.000509612601226167
7,8,uniform,0.0026901064400000002,0.0003490427677368173
7,8,uniform,0.0026211622199999985,0.00023757394469876817
7,8,uniform,0.0026693171000000005,0.00043710965214203783
7,8,uniform,0.002669790200000002,0.0004742657295361489
7,8,uniform,0.0026806743400000005,0.0003687160272001114
7,8,uniform,0.00271135994,0.0004584389804250094
7,8,uniform,0.002778053420000001,0.0006108315933981225
7,8,uniform,0.0026478656599999983,0.0003663519110417678
7,8,uniform,0.0027988928200000005,0.0006390943417737409
7,8,uniform,0.0026939778199999995,0.00040557909119156763
7,8,uniform,0.0027094495599999987,0.0002909925608543017
7,8,uniform,0.0028160388600000003,0.0004074594068207421
7,8,uniform,0.0025897414200000005,0.00031886975122887826
7,8,uniform,0.0025583951399999988,0.00037269535262148836
7,8,uniform,0.00264207428,0.0003334481849170707
7,8,uniform,0.0028422740799999976,0.0005734573471954613
7,8,uniform,0.002914109600000001,0.0005666181629590796
7,8,uniform,0.00266042504,0.0003226428984549841
7,8,uniform,0.0026213922799999995,0.0003040095520392594
7,8,uniform,0.0028001975000000014,0.0006160708255479145
7,8,uniform,0.0028812379599999984,0.0005747882799675022
7,8,uniform,0.0024429291,0.00025012701396033
7,8,uniform,0.0028021889199999995,0.0004565797190110154
7,8,uniform,0.0026787693599999995,0.0003530884320248653
7,8,uniform,0.0027640434999999996,0.0003309395102590333
7,8,uniform,0.002645447080000001,0.0001972422389070522
7,8,uniform,0.0027902962800000013,0.00047279422804142706
7,8,uniform,0.002938911900000001,0.0006179594160893037
7,8,uniform,0.00249432852,0.0003210337276743503
7,8,uniform,0.002668508079999997,0.0002798481009993337
7,8,uniform,0.0027941251400000005,0.00037851796462584023
7,8,uniform,0.0024494095199999997,0.0003690195799716535
7,8,uniform,0.002648817520000001,0.0002236759860682413
7,8,uniform,0.0028870817200000024,0.0003550911423348471
7,8,uniform,0.00281078524,0.0002898346936734228
7,8,uniform,0.002655835220000001,0.00039344823136029536
7,8,uniform,0.002849528019999999,0.0005451194770030695
7,8,uniform,0.00654266996,0.007591690383368313
7,8,uniform,0.002783002540000002,0.0003483059349415556
7,8,uniform,0.002527324540000002,0.00027889882474426683
7,8,uniform,0.0027054568599999993,0.0004081805949503914
7,8,uniform,0.0030711965200000005,0.0004705499719984408
7,8,uniform,0.002416837259999999,0.00037138086266407303
7,8,uniform,0.00259353208,0.0002664645897359638
7,8,uniform,0.002405889800000001,0.00025665127848494246
7,8,uniform,0.002513378400000001,0.00025086943433551685
7,8,uniform,0.00272441546,0.0004660559931494284
7,8,uniform,0.0029435189000000003,0.00047646052518994427
7,8,uniform,0.0028094395600000007,0.0003580056075357851
7,8,uniform,0.0029835837799999983,0.0005959724342809077
7,8,uniform,0.0027977148600000007,0.00041635591968949923
7,8,uniform,0.00246057278,0.0002402720683448476
7,8,uniform,0.0026411549400000003,0.000498983533840157
7,8,uniform,0.0025694809199999996,0.00031032546525616543
8,8,uniform,0.002615446040000001,0.00042518672314533374
8,8,uniform,0.0027636390200000012,0.0006544848882527475
8,8,uniform,0.0025161330399999997,0.0001052605396768735
8,8,uniform,0.002588558520000001,0.0003062064910318598
8,8,uniform,0.0027395348200000003,0.000503385908834575
8,8,uniform,0.002765010380000001,0.00040758685187489656
8,8,uniform,0.0029070485400000006,0.0008534750217387998
8,8,uniform,0.002739943859999999,0.00045916985866506954
8,8,uniform,0.0026292735199999998,0.0002623326511197396
8,8,uniform,0.0024650089600000004,0.0002591632875581637
8,8,uniform,0.0025825876800000002,0.000459927825637458
8,8,uniform,0.0025479695400000006,0.00019388398669433455
8,8,uniform,0.0029798858999999984,0.0006353334599375878
8,8,uniform,0.0031690932200000013,0.0010903316135632063
8,8,uniform,0.0025178634999999997,0.0005560118028372042
8,8,uniform,0.0025672067400000003,0.00030994273487298344
8,8,uniform,0.0031413555600000006,0.0007330940179705921
8,8,uniform,0.002809858700000002,0.000514144722493623
8,8,uniform,0.002396815979999999,0.0002902017500425065
8,8,uniform,0.002988258680000001,0.000736147946990579
8,8,uniform,0.0026659093,0.00053566382026625
8,8,uniform,0.002916664200000001,0.0007277663188559683
8,8,uniform,0.0024746925800000004,0.00028893803149302914
8,8,uniform,0.00268043046,0.0003541815384740179
8,8,uniform,0.0025884325000000005,0.00038611313911542393
8,8,uniform,0.0028743746600000007,0.0005133558106384564
8,8,uniform,0.0026604839800000004,0.0005193719659733175
8,8,uniform,0.0025381094199999994,0.00023868278316862787
8,8,uniform,0.0029793031999999996,0.0003676929219033488
8,8,uniform,0.0028086487000000015,0.000529919872107976
8,8,uniform,0.00299483538,0.0007131905170822873
8,8,uniform,0.002884117240000002,0.00038739478492956286
8,8,uniform,0.0028574323000000006,0.0006426799347081374
8,8,uniform,0.002607218160000001,0.00039733538142084
8,8,uniform,0.0028495160600000013,0.0006525210440382493
8,8,uniform,0.0027705684000000016,0.0003632286493050286
8,8,uniform,0.002485065819999999,0.0003601042761608704
8,8,uniform,0.0025761778999999992,0.0003346589198645225
8,8,uniform,0.0026748007199999995,0.0003643459920956695
8,8,uniform,0.003026459499999999,0.0006244381775697785
8,8,uniform,0.0028228471799999996,0.0006294316379015189
8,8,uniform,0.002639535919999999,0.0003454370120687546
8,8,uniform,0.003372893880000001,0.0014108146557680618
8,8,uniform,0.0027096685200000007,0.00047273486879058916
8,8,uniform,0.0027139264199999985,0.0003853582634931493
8,8,uniform,0.0029228243399999996,0.0010616388526450981
8,8,uniform,0.00271124894,0.00031075894207327324
8,8,uniform,0.00246618454,0.00031640882302882934
8,8,uniform,0.002948084220000001,0.0005738659776221565
8,8,uniform,0.0026011954799999995,0.0004378149827049473
8,8,uniform,0.00312355866,0.0006862703023192424
8,8,uniform,0.0033753844800000015,0.0015532328799121066
8,8,uniform,0.0027733091599999983,0.0004681472398711162
8,8,uniform,0.0034556851200000004,0.0007762069513841795
8,8,uniform,0.0025391182200000017,0.00034224567128917494
8,8,uniform,0.0027853774400000003,0.0003944457261695623
8,8,uniform,0.002793475519999998,0.0004503777800010539
8,8,uniform,0.002743647400000001,0.0005285929762249968
8,8,uniform,0.0030843347800000006,0.0005285557732437935
8,8,uniform,0.0029365770399999995,0.0005023941093793462
8,8,uniform,0.002657979219999998,0.0005672523452198129
8,8,uniform,0.002689262100000001,0.00036562596393109793
8,8,uniform,0.0026389475000000006,0.00031184913864766236
8,8,uniform,0.001800274939999999,0.0005638520440841137
8,8,uniform,0.00256312566,0.00042794568732133905
8,8,uniform,0.0028522735599999997,0.0003732297281220301
8,8,uniform,0.00268105644,0.0005171638052414129
8,8,uniform,0.002850705719999999,0.00039722295576855954
8,8,uniform,0.002942554099999999,0.0007160162494725086
8,8,uniform,0.0023787052,0.0004776660517679341
8,8,uniform,0.0026309372800000005,0.00043843174918110136
8,8,uniform,0.0027538823600000003,0.00030094265882766864
8,8,uniform,0.0027677427,0.00041185695321853643
8,8,uniform,0.0029938008200000006,0.0005642775123968406
8,8,uniform,0.0030255678000000005,0.0005220995028122193
8,8,uniform,0.0026341472799999996,0.0004493597191160503
8,8,uniform,0.00249352834,0.00021960014609793274
8,8,uniform,0.0061268465599999995,0.007890924770155686
8,8,uniform,0.002722831999999999,0.0005439088521470096
8,8,uniform,0.0026613448599999995,0.0003214100887575285
8,8,uniform,0.002652530240000001,0.0003369727945047231
8,8,uniform,0.0028010271199999997,0.00040410222637348993
8,8,uniform,0.0030219202600000003,0.0007024596472548286
8,8,uniform,0.0027425520200000013,0.0004205269880590438
8,8,uniform,0.00266614044,0.00038733962064920076
8,8,uniform,0.0023814175200000003,0.00029149212671280786
8,8,uniform,0.002951439000000001,0.00042311611560810216
8,8,uniform,0.0027587913,0.00033379450923559753
8,8,uniform,0.002596917179999999,0.0002795771562109268
8,8,uniform,0.002795528619999999,0.00035365046988958216
8,8,uniform,0.0027400244600000014,0.000333892747893425
8,8,uniform,0.002579719640000001,0.00027372390756169704
8,8,uniform,0.0027863323999999987,0.0006436571366360269
8,8,uniform,0.0028929531000000007,0.00042765343732663834
8,8,uniform,0.002675574440000001,0.00040890399173840316
8,8,uniform,0.0028847198799999987,0.0006481177296373193
8,8,uniform,0.00285958924,0.000305649958863276
8,8,uniform,0.0027022738799999998,0.0005190662201820153
8,8,uniform,0.00256233734,0.0003753383907103917
8,8,uniform,0.002867968299999999,0.00048718336864452005
9,8,uniform,0.003053593199999998,0.0007533180014848752
9,8,uniform,0.0025292987799999996,0.00023199712039841252
9,8,uniform,0.0028094836199999995,0.00034484412734292014
9,8,uniform,0.002851920200000001,0.00038888103029911347
9,8,uniform,0.0032400069600000024,0.0005461289826417687
9,8,uniform,0.0025162590399999984,0.00015258405506707158
9,8,uniform,0.0026478384600000003,0.00041461764665758977
9,8,uniform,0.0029821203599999994,0.0007014164287139432
9,8,uniform,0.0028058147200000004,0.00038254995751526796
9,8,uniform,0.0029703397199999995,0.0006565717039056399
9,8,uniform,0.002750355180000001,0.0002850221950675264
9,8,uniform,0.002755228,0.0005430855658156353
9,8,uniform,0.0030718900599999975,0.000680998128624807
9,8,uniform,0.0030180898199999996,0.0004382206593668056
9,8,uniform,0.0028180683,0.000555750048633936
9,8,uniform,0.00280171426,0.0005806481735321599
9,8,uniform,0.0028355993399999994,0.0005232636758782326
9,8,uniform,0.002685994259999998,0.0005851599147207159
9,8,uniform,0.00289351834,0.0005196783345701454
9,8,uniform,0.0027332290999999994,0.0003972167482850863
9,8,uniform,0.002611608319999999,0.00031355815991205405
9,8,uniform,0.0027049958399999988,0.00034738761055827673
9,8,uniform,0.002828186019999998,0.00048350982640076734
9,8,uniform,0.0027664499800000007,0.00036638104916548276
9,8,uniform,0.00252488624,0.00043295962028049826
9,8,uniform,0.0031166727600000005,0.0006982904885515451
9,8,uniform,0.0028557512200000023,0.0004627870264754742
9,8,uniform,0.002684970560000001,0.00029893183980575825
9,8,uniform,0.0029007018000000015,0.0005214593037803835
9,8,uniform,0.00275906542,0.00043243784115342337
9,8,uniform,0.0026624659599999998,0.0003887478291197837
9,8,uniform,0.0027247198199999993,0.0003850225394042394
9,8,uniform,0.00350986152,0.001294566228208168
9,8,uniform,0.002720606540000001,0.00044148278046577197
9,8,uniform,0.0026724211,0.0003717211327783385
9,8,uniform,0.0027374687,0.0003844969534198619
9,8,uniform,0.00261377672,0.00012415645268866753
9,8,uniform,0.0025274609800000005,0.0002903585658795958
9,8,uniform,0.002715882179999999,0.0003481931825520617
9,8,uniform,0.00281501122,0.0004046689868129671
9,8,uniform,0.0027586703400000003,0.000511794740178825
9,8,uniform,0.0025721533999999995,0.00020923356484987992
9,8,uniform,0.0027177486000000014,0.00043507429184578487
9,8,uniform,0.0027475461000000005,0.0004364366564066694
9,8,uniform,0.002818624500000001,0.00047476913996458446
9,8,uniform,0.0025740960600000007,0.00037256000552336093
9,8,uniform,0.0026622980599999976,0.00048415048897090503
9,8,uniform,0.0026659646200000004,0.00035015486245985184
9,8,uniform,0.0029827900399999998,0.000292449418225063
9,8,uniform,0.0025615738200000016,0.0004147231374425327
9,8,uniform,0.002788665719999999,0.00038786090287060387
9,8,uniform,0.002858034540000002,0.00048200339773331037
9,8,uniform,0.00277733422,0.0003950471781295244
9,8,uniform,0.002780257800000001,0.00028762434924450023
9,8,uniform,0.0029527891999999987,0.0004703637811778005
9,8,uniform,0.002858005160000001,0.00035520924339613636
9,8,uniform,0.0027406316600000007,0.0004905265797728555
9,8,uniform,0.0027857687000000008,0.00041019879334949023
9,8,uniform,0.002943327860000003,0.000403176101577903
9,8,uniform,0.00283194768,0.0003560126657484876
9,8,uniform,0.002390414440000001,0.00021336875198574775
9,8,uniform,0.0028589016200000006,0.00038163060043863847
9,8,uniform,0.0028538787000000005,0.00033941934450445414
9,8,uniform,0.0028402096799999997,0.000308953497136813
9,8,uniform,0.0027012027000000004,0.00033895973548032075
9,8,uniform,0.002815510680000001,0.00038955353176169653
9,8,uniform,0.0027606309000000008,0.00043053370711137914
9,8,uniform,0.0035073988199999994,0.0014921613960784126
9,8,uniform,0.002574624079999999,0.00023403338728160127
9,8,uniform,0.0028863350800000004,0.0003429191718719992
9,8,uniform,0.0026534577200000007,0.0004219909487382269
9,8,uniform,0.0032987265000000007,0.0010522335007355859
9,8,uniform,0.0031305470200000004,0.000505005980915089
9,8,uniform,0.0026573931199999996,0.0005400130997513547
9,8,uniform,0.0036696142800000013,0.0013611584963260607
9,8,uniform,0.0026494814400000017,0.00033769897510231757
9,8,uniform,0.00269270954,0.0004323737129625121
9,8,uniform,0.0026725087200000002,0.0002580479526519785
9,8,uniform,0.0028675990199999992,0.0003752519281849046
9,8,uniform,0.002772602540000001,0.0004939669324570893
9,8,uniform,0.002728952320000001,0.00040207876112010417
9,8,uniform,0.00264103382,0.0005216957323876736
9,8,uniform,0.0029344266799999994,0.0005367171420462346
9,8,uniform,0.0027112872199999997,0.00040805625357547904
9,8,uniform,0.0029369112000000005,0.0005184326531336116
9,8,uniform,0.0027282716400000005,0.0004837703797366518
9,8,uniform,0.00278913354,0.0005276974281538825
9,8,uniform,0.0027358354600000006,0.00036995993739984904
9,8,uniform,0.0027296302599999988,0.0005716697568730957
9,8,uniform,0.0030692399400000002,0.0006219382794762499
9,8,uniform,0.002760067860000001,0.0007323766140622899
9,8,uniform,0.00282382308,0.0006196858095167259
9,8,uniform,0.0028500548999999997,0.0004874458977571996
9,8,uniform,0.0028784440999999996,0.00021295390954236503
9,8,uniform,0.0027422682800000014,0.00023027693827688817
9,8,uniform,0.0026187762599999996,0.00027769952850318074
9,8,uniform,0.0017215193200000006,0.00029283701418176113
9,8,uniform,0.0024440281399999994,0.00032919354740429266
9,8,uniform,0.0026780489199999995,0.0002759354793886305
9,8,uniform,0.002709717620000001,0.00033228824529931843
10,8,uniform,0.0028798956399999987,0.0004624474682295036
10,8,uniform,0.002812198860000002,0.00042033719637195246
10,8,uniform,0.00292158426,0.0005013962840218637
10,8,uniform,0.0027073157,0.0003423283831870115
10,8,uniform,0.003031647780000002,0.00040935981732944884
10,8,uniform,0.0028070209799999995,0.00047167448113898764
10,8,uniform,0.002900261679999998,0.0007598245705981232
10,8,uniform,0.0027522169400000006,0.0005254011645121487
10,8,uniform,0.00295700724,0.000592223522119478
10,8,uniform,0.0029019780399999998,0.0004871217454066284
10,8,uniform,0.0029178340999999994,0.0004910847525581734
10,8,uniform,0.0030426606399999996,0.000632680251626268
10,8,uniform,0.00299820494,0.00056681099726158
10,8,uniform,0.002696285040000002,0.0003763336273298085
10,8,uniform,0.00286824566,0.0004303084951256352
10,8,uniform,0.002698193600000001,0.0003205312368707264
10,8,uniform,0.0027699730199999984,0.0003271749560472026
10,8,uniform,0.0028861355799999987,0.00043718983435518156
10,8,uniform,0.0028001754199999986,0.00039389467326769826
10,8,uniform,0.0029187434,0.0004291711887265187
10,8,uniform,0.0029578720999999994,0.0005765043970172881
10,8,uniform,0.003091392299999999,0.0006532774032504109
10,8,uniform,0.00293218528,0.00019654629707326234
10,8,uniform,0.0028281445,0.0005438804244134711
10,8,uniform,0.0028675893400000006,0.000437781753708702
10,8,uniform,0.00267834578,0.00021913583373994307
10,8,uniform,0.0027026150800000008,0.0004235750222940834
10,8,uniform,0.002724292339999999,0.0002760383249495137
10,8,uniform,0.002762905019999999,0.0002974037359185695
10,8,uniform,0.0026068925199999996,0.0002683323216663331
10,8,uniform,0.00315427958,0.0005250700593239813
10,8,uniform,0.002662829240000001,0.0003375971952607952
10,8,uniform,0.002824720840000001,0.0003197066421632319
10,8,uniform,0.0027694269600000007,0.00027722265826635926
10,8,uniform,0.002625285040000001,0.0003404143740666823
10,8,uniform,0.0034630800000000016,0.001487620132224935
10,8,uniform,0.0030541665800000004,0.0006675206178065881
10,8,uniform,0.002931165680000001,0.0005437743604556847
10,8,uniform,0.003069546719999999,0.00038255069234066505
10,8,uniform,0.00349406756,0.000990784486122885
10,8,uniform,0.00267889546,0.0004484556703089317
10,8,uniform,0.0030142557200000006,0.0004989239759491864
10,8,uniform,0.002845179879999999,0.00037476234882894647
10,8,uniform,0.00263663694,0.000324011191018064
10,8,uniform,0.002884671480000001,0.0005971409217348298
10,8,uniform,0.0026024310399999995,0.0003188560513437756
10,8,uniform,0.0027647535999999998,0.0003041405370749226
10,8,uniform,0.0029621692400000005,0.0004924497546090814
10,8,uniform,0.0028635640599999996,0.0004000551759237579
10,8,uniform,0.00272421748,0.00024962842430246865
10,8,uniform,0.0027736097599999976,0.0005341987529905677
10,8,uniform,0.0029493759200000013,0.000544906537918823
10,8,uniform,0.0029042597000000004,0.0005370901930677629
10,8,uniform,0.0035809373599999987,0.0005072450523979291
10,8,uniform,0.0025237051,0.0003218383221136041
10,8,uniform,0.0027834058999999982,0.00034200721994906614
10,8,uniform,0.002585508700000002,0.00024735125936451406
10,8,uniform,0.002896610700000001,0.0005827256914160098
10,8,uniform,0.002677511480000001,0.00044284033890727595
10,8,uniform,0.00263253566,0.0003023881851164163
10,8,uniform,0.003142274060000002,0.0005714563231724128
10,8,uniform,0.0027080134,0.0003743982560833674
10,8,uniform,0.003268767379999999,0.0006333436273805172
10,8,uniform,0.0029774519400000005,0.0002733580741474653
10,8,uniform,0.002774722020000001,0.00035638131508159744
10,8,uniform,0.0026386356799999993,0.0002138060395390592
10,8,uniform,0.0028347692400000008,0.00032900728866200253
10,8,uniform,0.00297517948,0.0006287903630995788
10,8,uniform,0.0031663253800000004,0.00041806016914529054
10,8,uniform,0.0025854000399999993,0.000250465907610619
10,8,uniform,0.0024647144600000014,0.0002412159859449158
10,8,uniform,0.0027947443400000013,0.00037560771520954304
10,8,uniform,0.0026710718799999996,0.00040635171392526445
10,8,uniform,0.0028703079799999994,0.00043287819082366187
10,8,uniform,0.00250714446,0.0002578092696256932
10,8,uniform,0.00290611884,0.0007010801371420153
10,8,uniform,0.0028882295799999985,0.0009302963640407169
10,8,uniform,0.0028765557800000006,0.0008937718584879849
10,8,uniform,0.0030078760200000004,0.0007301128410193714
10,8,uniform,0.002582090999999999,0.00023609532210773588
10,8,uniform,0.0028680237199999997,0.0002970496230542597
10,8,uniform,0.0031048100599999993,0.00043217351864957614
10,8,uniform,0.004051111080000001,0.001685308599154931
10,8,uniform,0.002868916859999999,0.0007965831467803877
10,8,uniform,0.0027236526999999994,0.0006792205143492388
10,8,uniform,0.002783879960000001,0.00037533589923693673
10,8,uniform,0.002805318260000001,0.00038208267418524014
10,8,uniform,0.0029412844199999976,0.0005700343942968217
10,8,uniform,0.0026442445799999986,0.00037158440887092583
10,8,uniform,0.0028322088200000007,0.00029751371999280215
10,8,uniform,0.002991718520000002,0.0005386097695277267
10,8,uniform,0.0025963251000000005,0.00018636959612259728
10,8,uniform,0.00307901318,0.0005723768896305709
10,8,uniform,0.00280008474,0.00040076595792253467
10,8,uniform,0.0026444539400000016,0.0002461507362842713
10,8,uniform,0.0028376528199999976,0.0004351016560429171
10,8,uniform,0.002923876179999999,0.00042331114474007854
10,8,uniform,0.00263663432,0.0002579262926048619
10,8,uniform,0.0027432781999999984,0.00010535632581488001
10,8,uniform,0.002703064960000001,0.00036706077989057584
11,8,uniform,0.0031304952600000003,0.000645206296978261
11,8,uniform,0.0028901416,0.00029976277840550685
11,8,uniform,0.0031822990799999992,0.0003862730784049744
11,8,uniform,0.00261243818,0.00037405301374361075
11,8,uniform,0.0028705175999999984,0.00027383281518719504
11,8,uniform,0.003143319840000001,0.000582370439962744
11,8,uniform,0.00276013472,0.00040996936924745406
11,8,uniform,0.002654860660000001,0.00028446555066316916
11,8,uniform,0.00355404594,0.0006803966953705839
11,8,uniform,0.002904063159999999,0.0005130209597984713
12,8,uniform,0.00301672632,0.00042595205092075796
12,8,uniform,0.0031976642399999997,0.0005238005506681699
12,8,uniform,0.00349086896,0.0007789485556669109
12,8,uniform,0.003047287799999999,0.0005212269794327076
12,8,uniform,0.0034688632399999995,0.00029398358372829833
12,8,uniform,0.00364305132,0.00048357501368762756
12,8,uniform,0.003053589680000001,0.000411980188114051
12,8,uniform,0.003113490900000001,0.000606812440986404
12,8,uniform,0.0031403594199999997,0.0005701095290940348
12,8,uniform,0.0030329208599999997,0.000714606124586661
13,8,uniform,0.0030261301000000006,0.0004014587998091876
13,8,uniform,0.0031144779999999995,0.000593426936694541
13,8,uniform,0.0030067984600000005,0.00035044451639471014
13,8,uniform,0.002961661240000001,0.0005528286292114701
13,8,uniform,0.0029210652599999986,0.00034393499701169315
13,8,uniform,0.0032014670800000014,0.0005634838273605553
13,8,uniform,0.0030746870599999993,0.00021296398306818603
13,8,uniform,0.00310636178,0.0004937021785239894
13,8,uniform,0.003208295180000001,0.0008464305659088905
13,8,uniform,0.0029519253800000004,0.0002770833615447406
14,8,uniform,0.0025875826400000006,0.00042898316525109045
14,8,uniform,0.00368757054,0.0006137289331615834
14,8,uniform,0.00330441048,0.000618078870194025
14,8,uniform,0.0028701610199999995,0.0003896813479332395
14,8,uniform,0.0028085426800000014,0.00018490298901748436
14,8,uniform,0.0030338838,0.00031322339404331063
14,8,uniform,0.0031864972599999998,0.00047310676902158626
14,8,uniform,0.0032706590599999993,0.0003531881587406666
14,8,uniform,0.0028137714600000004,0.000220358354672666
14,8,uniform,0.0035424253,0.00044278652059079196
15,8,uniform,0.0031352994999999987,0.00035028009859799637
15,8,uniform,0.003553006979999998,0.0005010760021878361
15,8,uniform,0.00403453114,0.0004612384724914361
15,8,uniform,0.0031671552200000013,0.0003863843834991408
15,8,uniform,0.0033933538000000007,0.0005117416198111547
15,8,uniform,0.0035486361200000012,0.00034463927741490327
15,8,uniform,0.003257488660000002,0.0004427762877104721
15,8,uniform,0.0036059457399999994,0.00041750103474454613
15,8,uniform,0.003974212459999999,0.00039442467756079034
15,8,uniform,0.0030143126400000004,0.00023845366068812334
16,8,uniform,0.0036970965400000013,0.0005328934793927291
16,8,uniform,0.0063182349,0.00034322866014702537
16,8,uniform,0.0032005985799999992,0.0002577797730156715
16,8,uniform,0.006496672859999999,0.0005249081866698107
16,8,uniform,0.00328901724,0.00039890158351348596
16,8,uniform,0.00334948912,0.0005539926106540891
16,8,uniform,0.0036519534400000003,0.00029958803531674014
16,8,uniform,0.003430251780000001,0.0005705813219530879
16,8,uniform,0.0044022663999999994,0.00034034084687135517
16,8,uniform,0.003328561000000002,0.0003834749824701593
17,8,uniform,0.00001669719999999944,0.00004442407358641285
17,8,uniform,0.0034863891400000015,0.0005255834851725273
17,8,uniform,0.0074961696200000014,0.000822761609776084
17,8,uniform,0.0037345618200000015,0.0003779268787169905
17,8,uniform,0.0034003825600000008,0.0005222220656967152
17,8,uniform,0.00373355944,0.00027319942429327647
17,8,uniform,0.004385296700000001,0.0007278940236266386
17,8,uniform,0.0037848875000000013,0.0005506206913429101
17,8,uniform,0.00344887438,0.0003560388959609141
17,8,uniform,0.0034777274800000006,0.00027179318913754194
18,8,uniform,0.006240999340000002,0.0008818731051175169
18,8,uniform,0.00533383318,0.0015401003815912492
18,8,uniform,0.0035802786400000015,0.00047055158726111613
18,8,uniform,0.0047215511200000004,0.0007511742804512368
18,8,uniform,0.00407331618,0.00038768414933029657
18,8,uniform,0.004357852680000001,0.0006196071594610125
18,8,uniform,0.003999108159999999,0.0004708048971320401
18,8,uniform,0.003581701340000001,0.0004349964464257024
18,8,uniform,0.0037901003800000005,0.00028163485325024824
18,8,uniform,0.004586380519999999,0.0006201960164038191
19,8,uniform,0.0038950949200000015,0.00034057981549926174
19,8,uniform,0.005397418060000001,0.00037595570323349143
19,8,uniform,0.0033488276799999994,0.0003324928015046341
19,8,uniform,0.005756215180000002,0.00046576682208090384
19,8,uniform,0.004050501000000001,0.00021156887004338196
19,8,uniform,0.0066570516,0.00033311004556719353
19,8,uniform,0.004831176299999999,0.0004527065484563802
19,8,uniform,0.004945387900000001,0.0005884394572469343
19,8,uniform,0.0063841301000000005,0.0002879980903906793
19,8,uniform,0.003644523279999999,0.000184181122092991
20,8,uniform,0.00663840316,0.0004376353197228639
20,8,uniform,0.00689012372,0.0003178864940346718
20,8,uniform,0.0074767175200000004,0.0006365754872370336
20,8,uniform,0.007884173440000003,0.00017437659232744906
20,8,uniform,0.004384874320000001,0.00043153616527141206
20,8,uniform,0.023572567880000006,0.0009203974350930024
20,8,uniform,0.00401744078,0.0003320663843048385
20,8,uniform,0.011518379300000001,0.0005829598343248868
20,8,uniform,0.0063166655200000005,0.0006057535466505612
20,8,uniform,0.005174825720000001,0.0007950381532935734
1,16,uniform,0.0028291943799999986,0.0004230831761273951
1,16,uniform,0.0029154569399999996,0.0005234630917326135
1,16,uniform,0.002671938260000001,0.000355541635571935
1,16,uniform,0.002672350700000002,0.0005386349319590113
1,16,uniform,0.0026488288199999987,0.0003190323515772865
1,16,uniform,0.00266333522,0.0002951938527152963
1,16,uniform,0.002326814540000001,0.00041375780241517283
1,16,uniform,0.0025933525800000004,0.0002335751450772916
1,16,uniform,0.0027240758400000004,0.0004943360533595764
1,16,uniform,0.0026211260200000005,0.00020405471600463764
1,16,uniform,0.00261038342,0.00030791722054654733
1,16,uniform,0.0027151429800000007,0.0003656509967761305
1,16,uniform,0.0027476251600000003,0.0003734147992589625
1,16,uniform,0.0025488709800000004,0.0002750734951434697
1,16,uniform,0.002593380759999999,0.00035997993277534846
1,16,uniform,0.002610196940000001,0.00023011273782670095
1,16,uniform,0.0027360287199999994,0.000536697190104066
1,16,uniform,0.002758456220000001,0.0005123747970304116
1,16,uniform,0.00287660242,0.0003635071984670699
1,16,uniform,0.002747580359999999,0.00030594558485267325
1,16,uniform,0.0026439605400000003,0.0003538862155848811
1,16,uniform,0.0028029870800000004,0.0004126883396296505
1,16,uniform,0.0025220086199999998,0.00033107909636099223
1,16,uniform,0.0025734736800000005,0.0002702220005888163
1,16,uniform,0.00262797728,0.00033077397075539195
1,16,uniform,0.0028807992600000014,0.0004826783880371874
1,16,uniform,0.00285191788,0.00034786337723939864
1,16,uniform,0.0027445740599999994,0.0004086035771890104
1,16,uniform,0.0026814785200000003,0.0003200329478695035
1,16,uniform,0.00283541056,0.000663174681795411
1,16,uniform,0.002873227439999998,0.0005601458634446726
1,16,uniform,0.002594520499999999,0.000344330743167799
1,16,uniform,0.0033624120400000007,0.0010947769821529052
1,16,uniform,0.0025160123000000007,0.00023661118408393127
1,16,uniform,0.0027727688800000005,0.00040594371380838564
1,16,uniform,0.0026547934000000013,0.0003487488273020347
1,16,uniform,0.002706650360000001,0.00034639881689689213
1,16,uniform,0.0028699456600000004,0.00041844372383829047
1,16,uniform,0.0026992952200000026,0.0004537054607956823
1,16,uniform,0.0026624010800000006,0.0005595404401918197
1,16,uniform,0.0027063675600000016,0.0004424537881348741
1,16,uniform,0.002719198360000001,0.0003434882990195996
1,16,uniform,0.002773368380000001,0.00040770193659284414
1,16,uniform,0.0026944250800000004,0.00032555299053745127
1,16,uniform,0.0027138711600000003,0.0004230780993454203
1,16,uniform,0.0027128838400000007,0.00029783577986462056
1,16,uniform,0.002911030099999998,0.00040530209781478656
1,16,uniform,0.002592042699999999,0.000278973743269386
1,16,uniform,0.0029321510799999997,0.0002966431960491706
1,16,uniform,0.0024842806600000023,0.0003843529543046051
1,16,uniform,0.0026929045400000003,0.0002685143902959599
1,16,uniform,0.0027568038799999995,0.00033653990158407987
1,16,uniform,0.002728211779999999,0.00030050725222263773
1,16,uniform,0.0027327163800000003,0.0003321304641312572
1,16,uniform,0.002609444459999999,0.0006302636369194951
1,16,uniform,0.0027109501200000006,0.000674500518162893
1,16,uniform,0.002695601899999999,0.00044302295029491524
1,16,uniform,0.002800666900000001,0.0006028089927681074
1,16,uniform,0.00290155398,0.0005775981595612511
1,16,uniform,0.00275092602,0.0006844956512297537
1,16,uniform,0.0028710981599999997,0.0005837915412536778
1,16,uniform,0.002756728260000001,0.0004238814359232099
1,16,uniform,0.0021635148199999994,0.000825171750302687
1,16,uniform,0.002723262820000001,0.00046393562891994456
1,16,uniform,0.002772391680000002,0.00044292966342770237
1,16,uniform,0.00264656926,0.0003902030103995867
1,16,uniform,0.0029291234200000005,0.0006792292130399313
1,16,uniform,0.002448845200000002,0.00025528075652463296
1,16,uniform,0.0028297429200000008,0.0004962804951696389
1,16,uniform,0.0026509635199999998,0.0002733184929974553
1,16,uniform,0.0025278659200000005,0.00026727314256983544
1,16,uniform,0.0028092232000000005,0.0006226447426477996
1,16,uniform,0.002803378439999999,0.0003373707228612992
1,16,uniform,0.0028193351600000003,0.0005189904021781777
1,16,uniform,0.0027227695200000004,0.00030374346980678726
1,16,uniform,0.002445250320000001,0.0002526025013232581
1,16,uniform,0.0027802023200000003,0.0003750820728804118
1,16,uniform,0.0028425267400000024,0.0005540928316912753
1,16,uniform,0.00259231398,0.00041731919233156136
1,16,uniform,0.002696068939999999,0.0004473477179346562
1,16,uniform,0.002654506660000001,0.00034406327531670057
1,16,uniform,0.002739630019999999,0.00041271247432721106
1,16,uniform,0.0024808717199999992,0.0004186102373771387
1,16,uniform,0.002748627840000001,0.000435308580962517
1,16,uniform,0.0027898763199999998,0.0003702354549218045
1,16,uniform,0.002609538580000002,0.0003878697115119972
1,16,uniform,0.0027918308800000003,0.0004799493828883418
1,16,uniform,0.0027695848199999996,0.0005788767597966484
1,16,uniform,0.002680708660000001,0.0004886228460299418
1,16,uniform,0.0026941853799999993,0.000269717551792426
1,16,uniform,0.003423391540000001,0.0009349413258402964
1,16,uniform,0.00255929426,0.00037241684412092434
1,16,uniform,0.002685684060000001,0.00038796235265631403
1,16,uniform,0.0026427802600000007,0.0005133652514077088
1,16,uniform,0.0037786386600000012,0.0022241023279257056
1,16,uniform,0.0027481859,0.0005403874255383404
1,16,uniform,0.0026700857199999997,0.0003214217384549983
1,16,uniform,0.002626198820000001,0.00026011673227758087
1,16,uniform,0.0027079683199999994,0.0003586680539621404
1,16,uniform,0.0028148821800000013,0.0004586310852323225
2,16,uniform,0.002632129599999999,0.00021582549215669086
2,16,uniform,0.00284811134,0.0006715834627505023
2,16,uniform,0.0024871071400000013,0.0004312277998088198
2,16,uniform,0.0024874348000000004,0.00017652442472096234
2,16,uniform,0.00276210234,0.0004797081044878114
2,16,uniform,0.0026793650600000015,0.0006181933606495268
2,16,uniform,0.002610458120000001,0.00027134085812065896
2,16,uniform,0.00265887296,0.00032768732651960563
2,16,uniform,0.0027813458000000004,0.0005538319773272997
2,16,uniform,0.0025895096199999995,0.00040447698229024374
2,16,uniform,0.0029082109400000015,0.0007459389414935083
2,16,uniform,0.002512413319999999,0.0003804968050387254
2,16,uniform,0.0025313603400000015,0.0003602208370242405
2,16,uniform,0.00249241528,0.00035365619709047924
2,16,uniform,0.00263019658,0.0004616011557613588
2,16,uniform,0.0027044337999999994,0.0004690424378809329
2,16,uniform,0.0023816468400000013,0.00025200105340291297
2,16,uniform,0.003021345800000001,0.0007908387428939608
2,16,uniform,0.0025128541400000004,0.0002829505514868475
2,16,uniform,0.0026380842600000004,0.0005615569231325529
2,16,uniform,0.002368656040000001,0.0002379520214787472
2,16,uniform,0.002388155840000002,0.00013714419784628158
2,16,uniform,0.002309613960000001,0.0003679649358084123
2,16,uniform,0.00279180428,0.0005966894458548305
2,16,uniform,0.0027594623600000006,0.0004770056516494444
2,16,uniform,0.0026049417000000006,0.00038831704803691
2,16,uniform,0.0025023088,0.00037592564299729976
2,16,uniform,0.0023448584400000013,0.00039451974862919663
2,16,uniform,0.0025842347400000004,0.0003984228830144062
2,16,uniform,0.0025518823199999997,0.00025823440874697554
2,16,uniform,0.002707345160000002,0.0003128582760963111
2,16,uniform,0.00305166722,0.0014092529868276393
2,16,uniform,0.002459520720000001,0.00028884501228444286
2,16,uniform,0.0025190525800000015,0.0004139945452681982
2,16,uniform,0.0027882514400000002,0.0004467658581305822
2,16,uniform,0.002399497420000001,0.0002898996125505058
2,16,uniform,0.00262717778,0.0004013106110393378
2,16,uniform,0.0028696374199999996,0.0007403578246739057
2,16,uniform,0.0026479160199999996,0.0003761439769475987
2,16,uniform,0.00282823482,0.0010571080803982575
2,16,uniform,0.0025315335800000006,0.00033326884195235946
2,16,uniform,0.002828045240000001,0.0005245997667236318
2,16,uniform,0.0023746055400000006,0.00017570891320514532
2,16,uniform,0.0023851534199999997,0.0002002390614147666
2,16,uniform,0.0025161327799999994,0.0003513908262436254
2,16,uniform,0.0023897506,0.00021096798813574643
2,16,uniform,0.0024708220799999994,0.00041965167328625726
2,16,uniform,0.002502924140000001,0.0004532551935838255
2,16,uniform,0.0029152397600000018,0.000594575257591959
2,16,uniform,0.0032323154600000003,0.0011454963031122267
2,16,uniform,0.0025706222599999997,0.00034390677668364334
2,16,uniform,0.002426413580000001,0.0002120272014050451
2,16,uniform,0.002641314220000001,0.000430617162486123
2,16,uniform,0.002594144300000002,0.0003382358419060253
2,16,uniform,0.002535529860000001,0.00034388966546180664
2,16,uniform,0.0023665538200000006,0.00018141365440172598
2,16,uniform,0.0025273325599999997,0.0002556551695826278
2,16,uniform,0.0026968643800000004,0.0003464235073128458
2,16,uniform,0.0031857566999999995,0.0010104758790102644
2,16,uniform,0.0024770399199999992,0.0004545258919360188
2,16,uniform,0.0017164488400000012,0.000517772835491149
2,16,uniform,0.0024244655400000002,0.00027235973112648066
2,16,uniform,0.0026856482,0.0005109424415672148
2,16,uniform,0.0028919446799999986,0.00046745846633006416
2,16,uniform,0.0023817661399999986,0.0002148331250007006
2,16,uniform,0.00254387024,0.000438370434556197
2,16,uniform,0.0027068056600000005,0.00039092884842767606
2,16,uniform,0.003480350840000001,0.00113819429495298
2,16,uniform,0.002434250780000001,0.0002750420879844473
2,16,uniform,0.0025567624600000014,0.000302365008479799
2,16,uniform,0.0027318069600000003,0.000683138355776152
2,16,uniform,0.0026168831800000014,0.0003363213625339279
2,16,uniform,0.0026501840600000005,0.0004264699467419062
2,16,uniform,0.0025727941000000007,0.0003059558081833423
2,16,uniform,0.0026739775799999995,0.0005167099663465743
2,16,uniform,0.002772020499999999,0.0005828384481583213
2,16,uniform,0.0026918713199999998,0.0006087853863783833
2,16,uniform,0.0025871809999999987,0.0004041549280234691
2,16,uniform,0.00266400314,0.00048125447679742844
2,16,uniform,0.00247218464,0.0003018391859506391
2,16,uniform,0.0025185934200000005,0.00041116083047061864
2,16,uniform,0.0026899798,0.0003945399502281247
2,16,uniform,0.0026589060599999997,0.00034543454628562507
2,16,uniform,0.002588138380000001,0.0003412785873154886
2,16,uniform,0.002420636960000001,0.00025670989106113973
2,16,uniform,0.002665529119999999,0.00035439570097555584
2,16,uniform,0.002303570199999998,0.00019367776832908146
2,16,uniform,0.00243743646,0.00037946724736111583
2,16,uniform,0.00242166714,0.0003930841947173944
2,16,uniform,0.002637921459999999,0.0002856581120676331
2,16,uniform,0.002507983660000002,0.00027495278234546214
2,16,uniform,0.002978450540000001,0.001144001582692592
2,16,uniform,0.002728647400000001,0.0004814194132537774
2,16,uniform,0.0025919796799999998,0.0005160323967568961
2,16,uniform,0.0024809354600000004,0.00028960502400453395
2,16,uniform,0.002532943500000001,0.0004045434548067598
2,16,uniform,0.0027040351199999996,0.0005531965052857096
2,16,uniform,0.0026506018200000005,0.0005489772419234499
2,16,uniform,0.00262814094,0.0005981053739449447
2,16,uniform,0.0026541579400000013,0.0006442144434897784
3,16,uniform,0.002447567280000001,0.0002387957308277422
3,16,uniform,0.002469049680000001,0.00030624465199168954
3,16,uniform,0.0024238178399999992,0.0003705633025492105
3,16,uniform,0.002322542419999999,0.00020330620252507453
3,16,uniform,0.00254738288,0.00023788515436583163
3,16,uniform,0.0030375759199999996,0.0009236293520224622
3,16,uniform,0.002536023719999999,0.0003607374003417015
3,16,uniform,0.002506207519999999,0.00029866880303320756
3,16,uniform,0.0025815845800000016,0.0001988468519992207
3,16,uniform,0.0028593204599999993,0.0006688592954678383
3,16,uniform,0.0025807724199999995,0.0006259658892346203
3,16,uniform,0.0024715385999999986,0.0003413804114265752
3,16,uniform,0.00287355564,0.0004916799163882039
3,16,uniform,0.00256145576,0.00028683947077415956
3,16,uniform,0.0025889377800000007,0.000489267214279568
3,16,uniform,0.0024867118000000002,0.00042804744501624285
3,16,uniform,0.0025745548199999995,0.0004171782733236342
3,16,uniform,0.002587139900000001,0.0003409214813809611
3,16,uniform,0.002580712899999999,0.00041457309234944076
3,16,uniform,0.00260896528,0.0004961612023118765
3,16,uniform,0.0026438042600000016,0.00040888400810042277
3,16,uniform,0.0025716290199999997,0.0004692056544323963
3,16,uniform,0.002757981360000001,0.0005386854712477197
3,16,uniform,0.0025263499400000012,0.0005425513008455103
3,16,uniform,0.002716686680000001,0.0004527679919887349
3,16,uniform,0.00246600684,0.00045562792858032744
3,16,uniform,0.0027953204199999996,0.0005978472947280102
3,16,uniform,0.0025653608000000003,0.00036410302489084986
3,16,uniform,0.0027622667800000006,0.0005582256597691274
3,16,uniform,0.002416005800000001,0.00021128831876974293
3,16,uniform,0.0024265093599999993,0.0001512379128739073
3,16,uniform,0.0024468351600000003,0.00040333123295377356
3,16,uniform,0.002698383840000001,0.0004216793728876244
3,16,uniform,0.002488222499999999,0.00046155307823262466
3,16,uniform,0.0025779754399999997,0.00038870838929518304
3,16,uniform,0.0029147521200000013,0.000691641340290287
3,16,uniform,0.0025785819400000005,0.0005469926663282913
3,16,uniform,0.0025954170999999996,0.000426610890692157
3,16,uniform,0.0028177080800000005,0.0002849088737709538
3,16,uniform,0.0025944303199999996,0.0003327725437543889
3,16,uniform,0.0025571751999999997,0.00042798296765186823
3,16,uniform,0.002546510140000001,0.00034876154375767024
3,16,uniform,0.0026452706199999987,0.00033930797891060563
3,16,uniform,0.0022832586000000018,0.0001827467183582542
3,16,uniform,0.0024088712599999993,0.0005244648531334798
3,16,uniform,0.002743596600000001,0.0005291936243212666
3,16,uniform,0.0025956647800000005,0.0003554260506919674
3,16,uniform,0.0024459407599999993,0.00022887524231930844
3,16,uniform,0.002596308180000001,0.0003617062432880522
3,16,uniform,0.0028099394399999983,0.00042475742945279304
3,16,uniform,0.002453331500000001,0.0004960682031386076
3,16,uniform,0.0028832001600000005,0.00035708964611781246
3,16,uniform,0.002677300560000001,0.0003558684985566846
3,16,uniform,0.00271091418,0.0004969803266499255
3,16,uniform,0.0024723490599999993,0.00043300569936454396
3,16,uniform,0.0023971517000000025,0.0006092633065773781
3,16,uniform,0.002563104600000002,0.0003334783501825702
3,16,uniform,0.00256180118,0.00033592408341338414
3,16,uniform,0.00252260912,0.00028934876819659855
3,16,uniform,0.002713469079999999,0.0006149954469386025
3,16,uniform,0.002374592360000001,0.0004286620284067881
3,16,uniform,0.002751504199999999,0.0005598012516867931
3,16,uniform,0.002635415859999999,0.000509331538495267
3,16,uniform,0.002352697260000002,0.00042924576265130444
3,16,uniform,0.0025456030199999995,0.0005081665431042158
3,16,uniform,0.00250790638,0.00020068298706821716
3,16,uniform,0.0025934765600000003,0.00024516067461845866
3,16,uniform,0.0023854824800000024,0.00019983549619891536
3,16,uniform,0.0024186951000000007,0.00033173762989857235
3,16,uniform,0.0026386315200000003,0.00023157885002835535
3,16,uniform,0.0026367665199999992,0.0003782622259961556
3,16,uniform,0.002653516419999999,0.00047148041020373023
3,16,uniform,0.0028441035400000023,0.0005172533622169338
3,16,uniform,0.002743918780000001,0.00048807113805396146
3,16,uniform,0.002620112380000002,0.0003521026286481448
3,16,uniform,0.002515263059999999,0.00041724887561422316
3,16,uniform,0.0025947308000000007,0.00047555612506062583
3,16,uniform,0.002780568040000001,0.000502258040520132
3,16,uniform,0.0025646481999999993,0.0004685101163061
3,16,uniform,0.0025703161599999994,0.0004780779175608767
3,16,uniform,0.002632321440000001,0.0005155778185051648
3,16,uniform,0.002670444260000001,0.0005029197758861635
3,16,uniform,0.00264728668,0.0003928593960555948
3,16,uniform,0.0025108404400000007,0.00046073851293510924
3,16,uniform,0.002713836480000001,0.0003533612401498407
3,16,uniform,0.002809111960000001,0.0005924827495172424
3,16,uniform,0.002354795719999999,0.00041468266068738234
3,16,uniform,0.002503267000000001,0.0006056910131192216
3,16,uniform,0.0024716650400000003,0.0004606143763262279
3,16,uniform,0.002598602339999999,0.00035022503170715515
3,16,uniform,0.00281770984,0.0005197642419772427
3,16,uniform,0.0026603292800000005,0.00044407119199567043
3,16,uniform,0.001559731499999999,0.0003800285586794176
3,16,uniform,0.0026572518400000003,0.00034639968298490756
3,16,uniform,0.0025727661000000002,0.0006162440881692905
3,16,uniform,0.002531534299999999,0.00038939872395272584
3,16,uniform,0.0026412094799999988,0.0003850723538021277
3,16,uniform,0.0027174170600000004,0.00043316626688189833
3,16,uniform,0.0028580815200000007,0.0005039340688833546
3,16,uniform,0.0026247813599999995,0.0003585878856084271
4,16,uniform,0.0028325213000000007,0.0004893349165229723
4,16,uniform,0.0025444445600000002,0.0005877024946388075
4,16,uniform,0.0028907516800000003,0.0006695012184390623
4,16,uniform,0.002818856220000001,0.0005014859465356156
4,16,uniform,0.0025390529999999986,0.0004715098611923778
4,16,uniform,0.002765533120000001,0.0005011840311935107
4,16,uniform,0.0025939933199999993,0.0003317355605816173
4,16,uniform,0.0026337228400000003,0.0005228139546396554
4,16,uniform,0.002401905759999999,0.0003702493408201799
4,16,uniform,0.002709387619999999,0.0004912885648630663
4,16,uniform,0.0025746575999999995,0.00039532629590200547
4,16,uniform,0.002691166840000001,0.0003134320396128606
4,16,uniform,0.0026463257199999994,0.0003257028755706478
4,16,uniform,0.0023768684000000013,0.00024784457278842687
4,16,uniform,0.0025827756600000007,0.0003760926850078316
4,16,uniform,0.0027417710199999995,0.0004155746066149989
4,16,uniform,0.002524032200000002,0.00038254076865052355
4,16,uniform,0.002649586679999999,0.0007334338402107353
4,16,uniform,0.0026729184999999987,0.00033664282476808196
4,16,uniform,0.0025296267999999995,0.00041054698246715805
4,16,uniform,0.002612911600000001,0.0005809529136396514
4,16,uniform,0.00246634514,0.0002709208523975836
4,16,uniform,0.002603936459999999,0.0002856373003922594
4,16,uniform,0.002631800480000001,0.0003679411935677434
4,16,uniform,0.002545201179999999,0.00031379921519711015
4,16,uniform,0.0025151112200000013,0.0003622605318975712
4,16,uniform,0.002878895020000001,0.0005798395882171879
4,16,uniform,0.0026105802599999998,0.00036463940258289556
4,16,uniform,0.002498398600000001,0.00034311128979904864
4,16,uniform,0.002709994180000001,0.000555209183020198
4,16,uniform,0.002668260719999999,0.00040001343170700045
4,16,uniform,0.00296016162,0.0005039128256852019
4,16,uniform,0.002677036580000001,0.0004820996566847057
4,16,uniform,0.0025396726600000006,0.0003782841838303285
4,16,uniform,0.002740145559999998,0.00040159472199691274
4,16,uniform,0.00263222176,0.0003345876210464325
4,16,uniform,0.002574448659999999,0.00040451144776087604
4,16,uniform,0.002390908300000001,0.00027664685584059866
4,16,uniform,0.0027140657,0.0004571704228389744
4,16,uniform,0.002316988060000001,0.00026780078330804045
4,16,uniform,0.0024349918800000005,0.0003316559621529682
4,16,uniform,0.0027669209,0.0003600627986719973
4,16,uniform,0.0028442114800000004,0.0003430923396129192
4,16,uniform,0.002670979960000002,0.00046319624270713946
4,16,uniform,0.002415658640000001,0.00017655832817652326
4,16,uniform,0.0027058211200000006,0.00038412586294120084
4,16,uniform,0.002507533120000001,0.0003323066241880966
4,16,uniform,0.0027099376999999993,0.0003836263805923676
4,16,uniform,0.00249382614,0.00028260512092004514
4,16,uniform,0.00258341806,0.00027378127999191465
4,16,uniform,0.0025555241599999994,0.0003668513248352496
4,16,uniform,0.0035972670799999983,0.0018638631949158238
4,16,uniform,0.0027237400799999998,0.0003907420495646713
4,16,uniform,0.002866712660000001,0.00044540144351903996
4,16,uniform,0.0026983386599999993,0.00039413895470986974
4,16,uniform,0.0024960618800000016,0.0002914318603437746
4,16,uniform,0.0025687077000000015,0.00016915038772524285
4,16,uniform,0.0027632587200000004,0.0003715493456170465
4,16,uniform,0.002676417499999999,0.00044901275430516563
4,16,uniform,0.0028340659399999995,0.0004566474867853637
4,16,uniform,0.002653118959999999,0.0003135257949222928
4,16,uniform,0.0025730862200000005,0.000315889056823647
4,16,uniform,0.0027363081000000007,0.00033175633467277024
4,16,uniform,0.0024329532200000003,0.0003290336101130263
4,16,uniform,0.0024735099000000003,0.00029782398421478206
4,16,uniform,0.0027357552599999993,0.0003251532513544958
4,16,uniform,0.00259566188,0.0003732804718918174
4,16,uniform,0.002526300319999999,0.0003857330403551859
4,16,uniform,0.0025381635599999986,0.0005155877443910761
4,16,uniform,0.00272664916,0.0004756381493222672
4,16,uniform,0.0024284957200000007,0.00043481155771162656
4,16,uniform,0.002571827419999999,0.0004613484408422771
4,16,uniform,0.0025216966600000016,0.00041947310735726014
4,16,uniform,0.002526635080000001,0.00029829110453187237
4,16,uniform,0.0026432012799999993,0.00039839901445722596
4,16,uniform,0.00268491638,0.0003773423556760124
4,16,uniform,0.002804124779999999,0.0005761381040855473
4,16,uniform,0.0025447471000000004,0.00027739617371622116
4,16,uniform,0.002531400279999999,0.00022945482367232994
4,16,uniform,0.0026176109800000015,0.0003840468034985232
4,16,uniform,0.0026322746199999984,0.00031431158264824487
4,16,uniform,0.002786161799999999,0.0003387136090980598
4,16,uniform,0.00270150172,0.0005192625112670747
4,16,uniform,0.003582312560000001,0.0017371076552299392
4,16,uniform,0.002521292860000001,0.0004374593837289864
4,16,uniform,0.002512175700000001,0.0002672468957070721
4,16,uniform,0.00269338942,0.00034349592074635874
4,16,uniform,0.0026123103400000017,0.0004115987156907402
4,16,uniform,0.0024773468600000023,0.0003064841022293725
4,16,uniform,0.0025247140000000017,0.00037130313936847994
4,16,uniform,0.0025491458000000003,0.0003231543349453254
4,16,uniform,0.0027451289800000016,0.0004905685723962442
4,16,uniform,0.0026441411400000003,0.00034654639213628794
4,16,uniform,0.002682346579999999,0.0004065960772998322
4,16,uniform,0.003153464079999999,0.0011468512073609827
4,16,uniform,0.002637383800000001,0.0003045233900949884
4,16,uniform,0.0026471495199999993,0.00039450818397825707
4,16,uniform,0.0027344076200000005,0.0004770034919974788
4,16,uniform,0.0027580797399999997,0.0002661112297409361
4,16,uniform,0.00264377852,0.00029416330173488123
5,16,uniform,0.002458563020000001,0.00024048307305283138
5,16,uniform,0.002705829,0.0003578223230627954
5,16,uniform,0.002639156460000001,0.00040979524169598014
5,16,uniform,0.0027292047800000006,0.00027819583421875073
5,16,uniform,0.0025934900599999984,0.0003655689617912815
5,16,uniform,0.002479480079999999,0.00024698700017497554
5,16,uniform,0.0024603375399999987,0.000288309720257072
5,16,uniform,0.002638164600000002,0.00021547438747109701
5,16,uniform,0.0028220139000000007,0.0004264572654498143
5,16,uniform,0.002725561680000001,0.00048618112787132467
5,16,uniform,0.00259748094,0.0006267126513276242
5,16,uniform,0.0028755844599999995,0.0006762342340769619
5,16,uniform,0.0027517203200000014,0.0005475690001819558
5,16,uniform,0.002524331080000001,0.0003983788476824125
5,16,uniform,0.0024829475600000005,0.0003335902417635709
5,16,uniform,0.002849616240000001,0.000491662499411142
5,16,uniform,0.002429193959999999,0.0004708806763075142
5,16,uniform,0.002887548219999999,0.00040017625055113737
5,16,uniform,0.00266956878,0.00046455489785252177
5,16,uniform,0.0026183929200000013,0.0005367715918035755
5,16,uniform,0.0004482099399999998,0.0006233729451703525
5,16,uniform,0.00267883376,0.0006072569244450726
5,16,uniform,0.00363717554,0.0018423148928774845
5,16,uniform,0.014988738419999998,0.01815043846966014
5,16,uniform,0.0007357170740000002,0.0007544082947273675
5,16,uniform,0.002667772180000001,0.00039650936760688414
5,16,uniform,0.0025834780599999995,0.0004331061092537254
5,16,uniform,0.0025959259400000012,0.0005716100274949406
5,16,uniform,0.00398798032,0.0021149648673150947
5,16,uniform,0.0027352008999999983,0.0014062203640555378
5,16,uniform,0.006424095519999999,0.008593052378424074
5,16,uniform,0.002472149100000001,0.000594106693070866
5,16,uniform,0.0027803968399999993,0.0007744711397388905
5,16,uniform,0.002506033080000001,0.00030256962041736937
5,16,uniform,0.0036347730999999996,0.001884811256125121
5,16,uniform,0.0025920681399999985,0.0003576038019937708
5,16,uniform,0.0033988737400000003,0.0009255102993307052
5,16,uniform,0.002282595040000001,0.00026313517221669767
5,16,uniform,0.0025606804400000005,0.00040558932813897154
5,16,uniform,0.0025648350800000002,0.00034772651607031655
5,16,uniform,0.002530440120000001,0.0001834204747172767
5,16,uniform,0.0027471196200000007,0.0004346815225317268
5,16,uniform,0.002505045639999999,0.00033460982973998563
5,16,uniform,0.0026910190000000007,0.0003435445724599809
5,16,uniform,0.00328774002,0.0008716859032696735
5,16,uniform,0.0024462109,0.00028488643653950575
5,16,uniform,0.0025734483800000005,0.00025941343032415365
5,16,uniform,0.0027215817199999987,0.00034014910486335914
5,16,uniform,0.002609336599999999,0.00020036151269187854
5,16,uniform,0.002882850360000001,0.000535328473991281
5,16,uniform,0.002476403139999999,0.0002580080178836182
5,16,uniform,0.0026014251400000013,0.000417079010741357
5,16,uniform,0.002627121300000001,0.0005497764428430484
5,16,uniform,0.002774607239999999,0.00044247984574737677
5,16,uniform,0.002619357,0.000289288059995742
5,16,uniform,0.0026467855599999987,0.00022069739538162496
5,16,uniform,0.0027532957000000005,0.0003883240785120937
5,16,uniform,0.00255304202,0.00035616454184173556
5,16,uniform,0.002752349740000001,0.00023197381989076063
5,16,uniform,0.0026202900800000005,0.0005941079892124361
5,16,uniform,0.00254466654,0.00036523535238016964
5,16,uniform,0.0028873140000000006,0.0008130004800788591
5,16,uniform,0.002676794079999999,0.00022070036076998146
5,16,uniform,0.0027978579399999997,0.00039304212576048663
5,16,uniform,0.0025452784599999992,0.0004169951258104291
5,16,uniform,0.0026761241,0.00025794955885230736
5,16,uniform,0.0027378157000000005,0.00041321112784193
5,16,uniform,0.002794422,0.000404216291566354
5,16,uniform,0.0025464333800000014,0.000312110282514655
5,16,uniform,0.002552187259999999,0.00034430976971076176
5,16,uniform,0.002822270180000001,0.0005049181936270469
5,16,uniform,0.0025343709199999996,0.0003344482279374493
5,16,uniform,0.00283605762,0.0004824730517322532
5,16,uniform,0.0028022378999999994,0.0003196792256883626
5,16,uniform,0.0025374125399999998,0.00030848824521579775
5,16,uniform,0.0025815779200000005,0.00038112038583408564
5,16,uniform,0.0031943432199999997,0.0007026022035648857
5,16,uniform,0.0026201902,0.00034576999573359595
5,16,uniform,0.002668115659999999,0.00037245335945747043
5,16,uniform,0.0026280073199999995,0.0003106938250662
5,16,uniform,0.002507503740000001,0.0002573039182157076
5,16,uniform,0.0025794026800000014,0.00032251747910264046
5,16,uniform,0.0027094458800000012,0.00029874585186289847
5,16,uniform,0.002757932599999999,0.00029926734493591005
5,16,uniform,0.0026071429999999984,0.0003646484923273673
5,16,uniform,0.002556002280000001,0.0002832264274243607
5,16,uniform,0.002699861280000001,0.00038090115051627545
5,16,uniform,0.002570518579999998,0.00024309160451669229
5,16,uniform,0.0028264945399999993,0.00022065971004797322
5,16,uniform,0.002674404539999999,0.0005274345631402481
5,16,uniform,0.00258687628,0.00035708670723043963
5,16,uniform,0.0025838353399999995,0.0004056879139809732
5,16,uniform,0.0028326951800000002,0.0005057532045623308
5,16,uniform,0.0026935642599999997,0.0004517043611196378
5,16,uniform,0.00275620768,0.0005666564601196606
5,16,uniform,0.0029945145799999988,0.000876864396959612
5,16,uniform,0.00263880028,0.00048182308676420746
5,16,uniform,0.0025511421999999994,0.00021994869781777159
5,16,uniform,0.0023897755200000016,0.00033770481570652476
5,16,uniform,0.0026728379799999995,0.0005447896068331639
6,16,uniform,0.002893314420000001,0.00042450270501743825
6,16,uniform,0.00256870064,0.00034405609086187626
6,16,uniform,0.002514276580000002,0.00019194326750498133
6,16,uniform,0.00281977628,0.0003443941613823872
6,16,uniform,0.002739647099999998,0.00045293645538792504
6,16,uniform,0.00260984942,0.00028147476757085484
6,16,uniform,0.0024966685000000007,0.00033518640464467276
6,16,uniform,0.002795557299999999,0.00042849280590679414
6,16,uniform,0.0029687546399999997,0.000493567906169174
6,16,uniform,0.00250950182,0.00024448545037363673
6,16,uniform,0.0026811784200000016,0.00029144504024639404
6,16,uniform,0.0029568226200000006,0.0005481010876677262
6,16,uniform,0.002597076280000002,0.00040291118244320024
6,16,uniform,0.0025816796199999983,0.0002793944423228564
6,16,uniform,0.002949909500000001,0.0006318368423649067
6,16,uniform,0.0024802700800000015,0.00042736103206317255
6,16,uniform,0.0025772385200000004,0.00020539875937310604
6,16,uniform,0.00269043338,0.0004419384590958464
6,16,uniform,0.00253051412,0.0003766988587089458
6,16,uniform,0.00258063014,0.0003312117347159769
6,16,uniform,0.0030001440200000005,0.0007149050467423862
6,16,uniform,0.002512809500000001,0.0003111332167925108
6,16,uniform,0.00264025258,0.00044672473243593256
6,16,uniform,0.0028182031999999997,0.0004212685117387987
6,16,uniform,0.0023799190400000006,0.0003287152795884305
6,16,uniform,0.0028837135,0.000513718403997149
6,16,uniform,0.0024747931999999995,0.00016795238951920605
6,16,uniform,0.0030861957999999993,0.0005928993844347547
6,16,uniform,0.00247741114,0.0002222620728260522
6,16,uniform,0.0025657312800000005,0.00031126412178421716
6,16,uniform,0.0026809115,0.0005202114074658493
6,16,uniform,0.0028498737999999996,0.00041820072402833336
6,16,uniform,0.0027063604199999997,0.0003646656947833025
6,16,uniform,0.0026428956399999998,0.0003547308628005336
6,16,uniform,0.0028235575800000016,0.0002973648165619126
6,16,uniform,0.0027492797799999994,0.0005037912599403425
6,16,uniform,0.0026277850999999997,0.00036336114213908775
6,16,uniform,0.0028702537399999998,0.0005162738689528177
6,16,uniform,0.0026917817000000005,0.0004524453532858969
6,16,uniform,0.0026529342399999995,0.0003420769773769414
6,16,uniform,0.0028641356800000015,0.00047851644026303963
6,16,uniform,0.0026595579599999982,0.00027117272356841344
6,16,uniform,0.0028766799000000003,0.0005541391139040808
6,16,uniform,0.0027127968599999983,0.0003767982929815072
6,16,uniform,0.0028400755799999995,0.0005458686847599886
6,16,uniform,0.0028463797600000013,0.00027800293010424266
6,16,uniform,0.0027523829599999986,0.0005511829035624804
6,16,uniform,0.00266732342,0.0002580264789177221
6,16,uniform,0.0028228638200000003,0.0005334363950337679
6,16,uniform,0.0027887521000000007,0.0004518352908755826
6,16,uniform,0.002646684859999999,0.00026294446753025006
6,16,uniform,0.0027666280599999995,0.00041573415423128265
6,16,uniform,0.00310506538,0.001085207566221238
6,16,uniform,0.002612775560000001,0.0005131208682882081
6,16,uniform,0.002777594419999999,0.0003780944463527159
6,16,uniform,0.0074942144800000015,0.010282109782109484
6,16,uniform,0.002652669939999999,0.00041361306133643806
6,16,uniform,0.002793068160000001,0.0005279808576828437
6,16,uniform,0.00283953998,0.0005765686402186746
6,16,uniform,0.0025918769200000006,0.00048567632010648574
6,16,uniform,0.0025986538799999985,0.0003745642924383982
6,16,uniform,0.0028645125999999985,0.00038597770017646273
6,16,uniform,0.0027094196200000004,0.0003451832927417773
6,16,uniform,0.003090691079999999,0.0008126333582899282
6,16,uniform,0.002770873020000001,0.00033026234095733995
6,16,uniform,0.0027884218800000014,0.0004581639807099149
6,16,uniform,0.002586384840000001,0.00044991058547450425
6,16,uniform,0.00242178648,0.00024503753173714713
6,16,uniform,0.00252673602,0.00023073006737445856
6,16,uniform,0.0026636020800000007,0.00047867812360547217
6,16,uniform,0.0028638068999999994,0.000615649021478418
6,16,uniform,0.00283446828,0.00041817745809930994
6,16,uniform,0.003574033560000001,0.0010060034282892546
6,16,uniform,0.002402748400000001,0.0003936468985843362
6,16,uniform,0.0025514132,0.0002845894380499156
6,16,uniform,0.0027570416800000003,0.0003293777659979327
6,16,uniform,0.0025980945199999992,0.0003044150011528669
6,16,uniform,0.0026516967999999997,0.00029241587718210123
6,16,uniform,0.0027876942,0.00040116513127396244
6,16,uniform,0.003015019300000002,0.0009024513685832548
6,16,uniform,0.002716417280000002,0.0004083646995912134
6,16,uniform,0.0026187030199999995,0.00028659222159166224
6,16,uniform,0.0029175216599999997,0.0005878036788174925
6,16,uniform,0.0025968180000000007,0.0005378667298522936
6,16,uniform,0.0028091252400000016,0.0004377689187723994
6,16,uniform,0.0026553740399999997,0.00021650673398826805
6,16,uniform,0.002853031099999999,0.0005325939256523573
6,16,uniform,0.0028416489800000013,0.0007399675615033107
6,16,uniform,0.002716395760000001,0.0002262242098972956
6,16,uniform,0.0029175325999999994,0.0006290769949533648
6,16,uniform,0.002352739639999999,0.00031433406490768544
6,16,uniform,0.0025129029,0.0003894595076949735
6,16,uniform,0.0025877941199999996,0.00032511287454033204
6,16,uniform,0.0029079898000000026,0.00045988580719383184
6,16,uniform,0.002902894940000001,0.0007018942944827473
6,16,uniform,0.002871154200000001,0.0007706402449469387
6,16,uniform,0.00272245636,0.0004850662565886575
6,16,uniform,0.0024380325600000005,0.000519624633487386
6,16,uniform,0.002656718099999999,0.0002752753476337828
6,16,uniform,0.0025329639600000006,0.0003523612116826835
7,16,uniform,0.002721929679999999,0.00032407547673598435
7,16,uniform,0.0023897579400000016,0.00046427211150383904
7,16,uniform,0.0026336916400000005,0.00038873058827505004
7,16,uniform,0.002509850480000001,0.00022375129827397408
7,16,uniform,0.0025509767,0.00044328346075039204
7,16,uniform,0.0026887227000000004,0.0002796572907204856
7,16,uniform,0.0031171040400000006,0.0004811845183929619
7,16,uniform,0.00299699062,0.000776673038926513
7,16,uniform,0.0027312019,0.00042339773902231806
7,16,uniform,0.002724966999999999,0.00027187789307148326
7,16,uniform,0.0027794987,0.0003396515933589727
7,16,uniform,0.00340992086,0.0012535782345081176
7,16,uniform,0.0027060092199999997,0.0003599839862778006
7,16,uniform,0.0025345853999999986,0.00036713065059790976
7,16,uniform,0.002726683139999999,0.0005949729186560043
7,16,uniform,0.00287035904,0.0004415133186334371
7,16,uniform,0.00297902388,0.0005342799244512292
7,16,uniform,0.0028867127400000006,0.00037611865885063447
7,16,uniform,0.0024652405599999982,0.00036298844852517166
7,16,uniform,0.0026544711200000006,0.0004798701840966877
7,16,uniform,0.0023122360199999996,0.0003925253891692728
7,16,uniform,0.0028712182399999995,0.0005890995204551227
7,16,uniform,0.00256730378,0.00022593068320477807
7,16,uniform,0.0030639880200000013,0.0007956255584480262
7,16,uniform,0.003486259200000002,0.0012864802769805858
7,16,uniform,0.0027589496199999994,0.0003837715170135599
7,16,uniform,0.0028307693799999993,0.0004843901039146491
7,16,uniform,0.0031283869200000015,0.0011832073787989058
7,16,uniform,0.00281916182,0.0005221117733036885
7,16,uniform,0.0027495571199999996,0.0006134033371550801
7,16,uniform,0.002530994520000002,0.0004859998374438341
7,16,uniform,0.00282045234,0.00045525985497149504
7,16,uniform,0.002637032380000001,0.00039170772060727197
7,16,uniform,0.002687570699999999,0.00038720739921729554
7,16,uniform,0.0026832698399999995,0.00030806634006763325
7,16,uniform,0.0034190474800000017,0.0009892101282135046
7,16,uniform,0.0025486027200000007,0.0003294768445145864
7,16,uniform,0.003132663740000001,0.0005516263869526589
7,16,uniform,0.0025583088000000003,0.00041745505407589833
7,16,uniform,0.00276150548,0.0002837269876298537
7,16,uniform,0.00282060098,0.00047109110584836277
7,16,uniform,0.002502170120000001,0.0003806613051528585
7,16,uniform,0.002849572620000001,0.0004499946306780908
7,16,uniform,0.002879584539999999,0.0004127262781306356
7,16,uniform,0.0025191384199999994,0.00036548019907027015
7,16,uniform,0.0027417587,0.00041345503059146466
7,16,uniform,0.00268610768,0.0003013248367541249
7,16,uniform,0.002487966960000001,0.00032524308496097696
7,16,uniform,0.002675517139999999,0.00030778702324404987
7,16,uniform,0.0030158589400000003,0.0005351188050384908
7,16,uniform,0.0028650208600000003,0.0003682181867797649
7,16,uniform,0.0025620099199999994,0.00042034668977293803
7,16,uniform,0.0028487738999999996,0.0005827532285378892
7,16,uniform,0.0022721646399999997,0.00027805129630621516
7,16,uniform,0.002853760040000001,0.0004319180855452417
7,16,uniform,0.0025261433799999996,0.0003374861640522797
7,16,uniform,0.00237213816,0.0004892502557428617
7,16,uniform,0.0026945083599999994,0.0003998197201657127
7,16,uniform,0.0026210419799999997,0.0002817839958340825
7,16,uniform,0.0028742119400000004,0.0006925292273312371
7,16,uniform,0.002878433179999999,0.0004684151745306129
7,16,uniform,0.0027675842200000017,0.0002451484669348125
7,16,uniform,0.0030878856399999995,0.0007905638711101788
7,16,uniform,0.00273971128,0.0004336946135831834
7,16,uniform,0.0026742051,0.0003999102640982794
7,16,uniform,0.0027338773000000005,0.0003860877676035161
7,16,uniform,0.002811126059999999,0.00031192678756901
7,16,uniform,0.00266630102,0.0004752164910627575
7,16,uniform,0.0025253826,0.00025818639016650575
7,16,uniform,0.0026342093200000007,0.00037578226456412816
7,16,uniform,0.0028651056400000006,0.00044367930405472914
7,16,uniform,0.0029535449199999996,0.000534657150668902
7,16,uniform,0.0027494719,0.0003471503971579018
7,16,uniform,0.0025231998600000007,0.0002801344763827424
7,16,uniform,0.0034398161400000004,0.0008836094597571186
7,16,uniform,0.002534773439999998,0.0003037996463556022
7,16,uniform,0.0029979976599999996,0.0003870614766215511
7,16,uniform,0.0026339456799999994,0.00028884378920570746
7,16,uniform,0.0025554364,0.0003898175590042091
7,16,uniform,0.0026349994400000003,0.00039034889237707723
7,16,uniform,0.0028818958000000005,0.0004877864821332748
7,16,uniform,0.002836350459999999,0.00047475510974719033
7,16,uniform,0.0026448724400000008,0.0004810190069454289
7,16,uniform,0.0026066532799999993,0.0003444966478082511
7,16,uniform,0.0026255377800000015,0.0005247013639253497
7,16,uniform,0.002589731159999999,0.0001776173814743992
7,16,uniform,0.0025465917800000003,0.00025114172844212886
7,16,uniform,0.0015218021800000015,0.00037266724679555315
7,16,uniform,0.002893734400000001,0.0004669840572181002
7,16,uniform,0.002711098079999999,0.0004937418914372279
7,16,uniform,0.0026229253199999995,0.00036879673819683164
7,16,uniform,0.002779748300000001,0.0003118673007989138
7,16,uniform,0.002574501339999999,0.0002535872561324142
7,16,uniform,0.0026436603999999996,0.00021304132210048406
7,16,uniform,0.0026283858999999994,0.00047438725468901206
7,16,uniform,0.00269179002,0.0007023198444216773
7,16,uniform,0.002693100080000001,0.0003433117499132369
7,16,uniform,0.0025944357800000016,0.00032132134877159966
7,16,uniform,0.0027204505,0.00027657043681631377
7,16,uniform,0.00251448732,0.0003405132942596614
8,16,uniform,0.00311920478,0.0006208306598445256
8,16,uniform,0.00271632742,0.0003223199968977689
8,16,uniform,0.0027105613800000004,0.00031228210461525547
8,16,uniform,0.0026629163799999993,0.00026010059041378604
8,16,uniform,0.0026784946799999986,0.0003721313586896133
8,16,uniform,0.0027533220600000005,0.0004760932376984342
8,16,uniform,0.0026677094000000013,0.00024316811226358066
8,16,uniform,0.0028823826599999993,0.0003352785487533878
8,16,uniform,0.00293500706,0.0004940324032227485
8,16,uniform,0.002662672660000001,0.000342102310949046
8,16,uniform,0.002923292740000001,0.00036225660007883605
8,16,uniform,0.0027487375199999995,0.00039310368057487234
8,16,uniform,0.0030590132400000027,0.0005437676450681754
8,16,uniform,0.00285804822,0.0005387396879770103
8,16,uniform,0.0027568467000000005,0.00027099724288068576
8,16,uniform,0.00261803554,0.00035775953975020387
8,16,uniform,0.0028849248600000023,0.0004888232120799685
8,16,uniform,0.0027588248599999996,0.0003426743625985495
8,16,uniform,0.002513360160000002,0.0003421398665421951
8,16,uniform,0.0026537744000000004,0.00035104778876806
8,16,uniform,0.0027485305600000007,0.0003684933095332487
8,16,uniform,0.0029581091600000007,0.0005020830344417924
8,16,uniform,0.002661667319999999,0.000360329722902418
8,16,uniform,0.002803568579999998,0.0003898665876703638
8,16,uniform,0.0029938551,0.000441021421774259
8,16,uniform,0.002850928339999999,0.00040071215531663136
8,16,uniform,0.0027320607200000007,0.0003691394347118565
8,16,uniform,0.0025405660200000005,0.00021913620434292052
8,16,uniform,0.0028229635999999997,0.0004849341859905552
8,16,uniform,0.0027995968200000016,0.0003214929797085432
8,16,uniform,0.0028469921999999996,0.0002658758429533941
8,16,uniform,0.0025964741800000007,0.00038730715833502964
8,16,uniform,0.002943153319999999,0.00042383843848837837
8,16,uniform,0.002975444459999999,0.0005606823114870743
8,16,uniform,0.0027359489000000022,0.0003919112121188222
8,16,uniform,0.00344691548,0.0013498862093926
8,16,uniform,0.00272452808,0.00037061400782569236
8,16,uniform,0.002996698660000002,0.0005760438423347943
8,16,uniform,0.0025261940400000014,0.0002992212823610463
8,16,uniform,0.002896310079999999,0.0005601299377934456
8,16,uniform,0.002796963720000001,0.0006181721713840372
8,16,uniform,0.0027839946,0.0004716483137416527
8,16,uniform,0.0026611993600000002,0.000514001673218688
8,16,uniform,0.0029240932599999994,0.0003358994480783401
8,16,uniform,0.003612259940000001,0.0017300260072837215
8,16,uniform,0.0026163186199999995,0.00033015748781392194
8,16,uniform,0.0028333987600000004,0.0004305451382835485
8,16,uniform,0.0028096131200000003,0.0004582497390764126
8,16,uniform,0.0025602000399999997,0.0002590095640392241
8,16,uniform,0.0028139400799999997,0.0005098875549731093
8,16,uniform,0.0026043074999999995,0.00008151498116270125
8,16,uniform,0.00260554724,0.00045279852279185795
8,16,uniform,0.0026878058399999994,0.0003817488434455448
8,16,uniform,0.0026193753,0.0004018582661290338
8,16,uniform,0.0026495773799999995,0.00045024622401680257
8,16,uniform,0.0026976760599999984,0.0003628989267307388
8,16,uniform,0.00281575642,0.00045682699485477475
8,16,uniform,0.00258011668,0.0002977457439050979
8,16,uniform,0.002693268620000001,0.00043786828554421843
8,16,uniform,0.00279547274,0.0004965184333606243
8,16,uniform,0.0026770903800000002,0.00047227322230034994
8,16,uniform,0.002805116460000001,0.00043808393654850365
8,16,uniform,0.0027767935999999994,0.0005351548988241009
8,16,uniform,0.0026264900799999984,0.0006150204369680737
8,16,uniform,0.0027505840600000006,0.00044905282383811906
8,16,uniform,0.003453323,0.0014814306668953835
8,16,uniform,0.0029422491599999994,0.0005102704744989989
8,16,uniform,0.00289151824,0.0006168420870698412
8,16,uniform,0.0028110887599999993,0.00045710247456774445
8,16,uniform,0.0027474872999999995,0.0003249306731859377
8,16,uniform,0.0028257763799999997,0.0004697247531581779
8,16,uniform,0.002796646339999999,0.00035310556990202405
8,16,uniform,0.0026319412400000013,0.00027073508431603595
8,16,uniform,0.0032653827600000003,0.0011170724089908505
8,16,uniform,0.002734923299999999,0.00018670523072289357
8,16,uniform,0.0028827454799999997,0.0004970093871188285
8,16,uniform,0.002624491520000002,0.00033991876872127677
8,16,uniform,0.0026837974200000004,0.0004047019509693523
8,16,uniform,0.00256420452,0.00024370501993680802
8,16,uniform,0.0027376769400000002,0.0002323192107295717
8,16,uniform,0.002477909979999999,0.00025432506458688295
8,16,uniform,0.0027166128999999983,0.00023356213723746687
8,16,uniform,0.0030175636799999995,0.0005462778114409475
8,16,uniform,0.0025570546199999997,0.0004295311826330863
8,16,uniform,0.0029100440800000006,0.00038115853606377186
8,16,uniform,0.00306546104,0.0005827042926790759
8,16,uniform,0.0026473303000000012,0.0002787280590892414
8,16,uniform,0.0025811722800000016,0.0003174216727299472
8,16,uniform,0.0027115062,0.00030579833440619016
8,16,uniform,0.002692703919999999,0.0003732779977454398
8,16,uniform,0.00266152318,0.00024583473780581856
8,16,uniform,0.0025879649600000004,0.00023971521863617442
8,16,uniform,0.0025701948400000006,0.000312488555314004
8,16,uniform,0.0028833954800000007,0.0005099476854594335
8,16,uniform,0.002705825620000002,0.0003880404737078768
8,16,uniform,0.002575543539999999,0.0004776104915552584
8,16,uniform,0.002594086460000001,0.0003037014250068824
8,16,uniform,0.0027498668200000003,0.00031369648366987555
8,16,uniform,0.0027028168600000003,0.0002613224455376707
8,16,uniform,0.002622092999999999,0.0002563568628383531
9,16,uniform,0.002765155100000001,0.00019755986621862795
9,16,uniform,0.0029364079999999997,0.00031331369824437406
9,16,uniform,0.0029406808399999994,0.0004851544998319149
9,16,uniform,0.002850278560000001,0.0005672557834456167
9,16,uniform,0.002487836840000001,0.00020328834633910733
9,16,uniform,0.002961608999999999,0.000422399583193042
9,16,uniform,0.0031177299000000017,0.0003726671005689185
9,16,uniform,0.00315155596,0.0003862974222681129
9,16,uniform,0.00301211896,0.0005268652769149075
9,16,uniform,0.0030111962799999996,0.00048035453401768224
9,16,uniform,0.0028256745000000013,0.0004188105468988734
9,16,uniform,0.0031955623599999984,0.0008182487090419188
9,16,uniform,0.0026722754800000002,0.00027777964313614576
9,16,uniform,0.0028162255799999993,0.0003454831499158663
9,16,uniform,0.003088949760000002,0.0007126451263790336
9,16,uniform,0.002397455019999999,0.00027471790299709686
9,16,uniform,0.0027850922199999977,0.0002849608920444463
9,16,uniform,0.0027850336000000016,0.0006497534988798955
9,16,uniform,0.0026619140200000004,0.0002561376739728721
9,16,uniform,0.002520793520000001,0.00023589207902871372
9,16,uniform,0.0018401684800000012,0.0002730132777947499
9,16,uniform,0.0030191186799999993,0.0006995273204957841
9,16,uniform,0.00313806546,0.00043456761414772347
9,16,uniform,0.0029496272999999995,0.0005666040263691511
9,16,uniform,0.0027400504799999998,0.00031175828649774673
9,16,uniform,0.0029812566800000006,0.00042691785676591214
9,16,uniform,0.00287718064,0.0005229715706363759
9,16,uniform,0.00273520718,0.0002692334962940575
9,16,uniform,0.0028824927600000017,0.00042367106850301796
9,16,uniform,0.0027993060800000002,0.0004014096328807186
9,16,uniform,0.0026100472799999988,0.000303329149026085
9,16,uniform,0.0028807249000000006,0.00038731312067937987
9,16,uniform,0.002848210320000001,0.0003581160844257069
9,16,uniform,0.0030323954400000006,0.00029955164396106693
9,16,uniform,0.00282866644,0.00020657383366268832
9,16,uniform,0.0026926077399999993,0.00034324512783893486
9,16,uniform,0.002915819039999999,0.0003524368212227707
9,16,uniform,0.0030277934800000015,0.0006382216774388815
9,16,uniform,0.002593886460000001,0.0003171976658244121
9,16,uniform,0.002903965800000001,0.00041092914001272785
9,16,uniform,0.0030987543600000007,0.000599502298704193
9,16,uniform,0.0027609207400000014,0.00015160839467336017
9,16,uniform,0.002728898960000001,0.00025545682868800617
9,16,uniform,0.0031815382000000016,0.00058451023485783
9,16,uniform,0.0027385659200000003,0.00033792227991045196
9,16,uniform,0.0025883807200000005,0.0003756597226883215
9,16,uniform,0.0027453580999999986,0.00034387701754228645
9,16,uniform,0.0029286505200000015,0.0004111848361771816
9,16,uniform,0.00265227708,0.00025123611057993513
9,16,uniform,0.00293200302,0.00036773372304833407
9,16,uniform,0.0028853306000000004,0.00039150001462636574
9,16,uniform,0.002830848300000001,0.000353036423550838
9,16,uniform,0.0026395244000000017,0.0002419272295290465
9,16,uniform,0.0026223205800000008,0.0003336939934973026
9,16,uniform,0.00289645288,0.00021794257807834005
9,16,uniform,0.002555017200000001,0.0003088657604796586
9,16,uniform,0.002931545159999999,0.00025911288062875864
9,16,uniform,0.002791999339999998,0.00033485208905672907
9,16,uniform,0.00299189128,0.00040763798708489177
9,16,uniform,0.0026949752400000013,0.0003782368344279221
9,16,uniform,0.0030858294600000003,0.0005545327756812135
9,16,uniform,0.0028213233599999996,0.00041236977087303326
9,16,uniform,0.0028759341200000005,0.0004933621962039204
9,16,uniform,0.003033177739999999,0.0005535861097713907
9,16,uniform,0.0026064694,0.00038265002712609326
9,16,uniform,0.0026966790400000016,0.0002125401561853405
9,16,uniform,0.0029179120600000006,0.00042422995979592913
9,16,uniform,0.00284960784,0.0003808373973333707
9,16,uniform,0.00287624426,0.00042712893511919283
9,16,uniform,0.0026856618999999992,0.00039656830660333086
9,16,uniform,0.00263239226,0.00017914104884454103
9,16,uniform,0.0025634957599999985,0.0002882109821745175
9,16,uniform,0.0027075469000000007,0.0004576762178850897
9,16,uniform,0.0030341662,0.00037737614963212355
9,16,uniform,0.002888226339999999,0.0005389179987728498
9,16,uniform,0.002824492320000001,0.0003332693099549939
9,16,uniform,0.002756174899999999,0.0003477802601050937
9,16,uniform,0.0026717553199999996,0.00037552632256080873
9,16,uniform,0.0026621113200000004,0.0002697197654019611
9,16,uniform,0.0028781450599999997,0.00027117556218404597
9,16,uniform,0.0027856616599999987,0.0003527778120258321
9,16,uniform,0.00293785726,0.0006546326234811656
9,16,uniform,0.0026234051599999995,0.00020838294619601985
9,16,uniform,0.0025558377999999994,0.00015128108510892334
9,16,uniform,0.0031065528200000013,0.0006729514292996188
9,16,uniform,0.0027365325199999995,0.0004609603759442647
9,16,uniform,0.0028153252599999994,0.0004970481588559046
9,16,uniform,0.0028194013800000007,0.00037356377801341426
9,16,uniform,0.002847244940000001,0.0002680211741910826
9,16,uniform,0.0028680265800000012,0.0004576564289934828
9,16,uniform,0.0029667886600000005,0.00036608717345525154
9,16,uniform,0.00250351614,0.00030412927031483387
9,16,uniform,0.002836076659999999,0.00047400741310800655
9,16,uniform,0.0028539473000000004,0.0003111424441345332
9,16,uniform,0.003420887659999998,0.001800647289711132
9,16,uniform,0.002662821800000001,0.0003595792753894628
9,16,uniform,0.0027810916199999995,0.0002808865944540806
9,16,uniform,0.00256538782,0.0002628727068030372
9,16,uniform,0.0027539017600000004,0.0003457223529687115
9,16,uniform,0.0027242986799999994,0.00034048839155968296
10,16,uniform,0.0029133714800000004,0.0003261815946824713
10,16,uniform,0.0030217917800000015,0.00040074393630719975
10,16,uniform,0.0027562399200000017,0.00019173913726267075
10,16,uniform,0.0026892020200000007,0.00023232155916480643
10,16,uniform,0.00028682965400000026,0.0009070350071180267
10,16,uniform,0.0030358077,0.00029932468463461366
10,16,uniform,0.0025520910399999997,0.00025742889195497595
10,16,uniform,0.0027702090599999994,0.0003538442939338025
10,16,uniform,0.004297079220000002,0.0014858803551366406
10,16,uniform,0.0028640364799999997,0.0004168192837736359
10,16,uniform,0.002581050460000001,0.00013626576748663707
10,16,uniform,0.0027647670800000014,0.000489867664205571
10,16,uniform,0.0027621259999999984,0.0002777160342017042
10,16,uniform,0.0025676643200000016,0.00020349889439964482
10,16,uniform,0.00298156526,0.0003689679720411757
10,16,uniform,0.0027136192400000012,0.0002836218306637671
10,16,uniform,0.00286020364,0.0003767439632596947
10,16,uniform,0.0029186827200000003,0.0005728894779173865
10,16,uniform,0.0028613344599999983,0.0006432223083336394
10,16,uniform,0.00263561716,0.0002547096365541882
10,16,uniform,0.0030122877400000007,0.0004783026369061164
10,16,uniform,0.003237760299999999,0.0005949250394205234
10,16,uniform,0.002327916060000001,0.0002744441911654454
10,16,uniform,0.0028673720200000003,0.0002871156435559448
10,16,uniform,0.0030359060999999993,0.00034016258639826266
10,16,uniform,0.0027569865799999997,0.0003709887884431879
10,16,uniform,0.00283666214,0.0004134250952419716
10,16,uniform,0.0029574435999999995,0.0003054435768365593
10,16,uniform,0.0032542687199999996,0.0008025270814335594
10,16,uniform,0.00268132524,0.00033385519958449046
10,16,uniform,0.00287392676,0.000388124774439927
10,16,uniform,0.0028730659,0.00042869272688966884
10,16,uniform,0.0029206876,0.00040593454086672363
10,16,uniform,0.002735582,0.0003200641211907388
10,16,uniform,0.00281003282,0.0004321326368767401
10,16,uniform,0.002685963720000002,0.0002828566276977514
10,16,uniform,0.002875520299999999,0.0003377535945617423
10,16,uniform,0.0028847886399999997,0.0003610844516244704
10,16,uniform,0.002806704760000002,0.0003935247700314005
10,16,uniform,0.002671902519999999,0.0003477522157904324
10,16,uniform,0.0030166830999999996,0.0004026682226688479
10,16,uniform,0.0028177009000000014,0.0005267467946792842
10,16,uniform,0.0029279761800000007,0.00027989744165628477
10,16,uniform,0.0027310650800000005,0.000288063556700967
10,16,uniform,0.0029838055999999993,0.0003830910524253993
10,16,uniform,0.0030216604399999985,0.0004950252676532895
10,16,uniform,0.002896685979999999,0.0003667351072508905
10,16,uniform,0.002819699419999999,0.0002311471118234493
10,16,uniform,0.002910639380000001,0.0003280938011242787
10,16,uniform,0.00316515544,0.0005143403649960144
10,16,uniform,0.0027733084000000005,0.000228138965349363
10,16,uniform,0.0030237766800000005,0.0006509244959329513
10,16,uniform,0.0027357020000000004,0.0005148606712692173
10,16,uniform,0.0018916833800000012,0.00030211469428570437
10,16,uniform,0.0026941086,0.00025455459204537815
10,16,uniform,0.0029493054399999993,0.0005156973980063741
10,16,uniform,0.002880575720000001,0.00029565336596283783
10,16,uniform,0.0028750070000000006,0.0003586432959326485
10,16,uniform,0.0028278208199999993,0.00042874218127096934
10,16,uniform,0.0029179270599999987,0.00033229362576599517
10,16,uniform,0.0028119048400000006,0.00022965221942271264
10,16,uniform,0.0026975924200000004,0.0003095452787349713
10,16,uniform,0.0028511234199999997,0.00042904477472979974
10,16,uniform,0.0027296237800000004,0.0001725723016877919
10,16,uniform,0.00299823732,0.0004113730361539808
10,16,uniform,0.0026799310400000007,0.0006004996762268442
10,16,uniform,0.0027769992999999993,0.0003287858584157442
10,16,uniform,0.0027396049200000003,0.0003103124572745814
10,16,uniform,0.00284858824,0.0003037166079679652
10,16,uniform,0.002751241580000001,0.00035007999518643363
10,16,uniform,0.002949085819999999,0.00040268010367520984
10,16,uniform,0.002854233019999999,0.00045396679144880453
10,16,uniform,0.0027499171399999996,0.0005019373065327758
10,16,uniform,0.0027847270199999993,0.00035519803457701994
10,16,uniform,0.00295105596,0.0004256686854851759
10,16,uniform,0.002533710760000002,0.0002632914366877932
10,16,uniform,0.0029665770400000005,0.00038460187956218663
10,16,uniform,0.002939690459999999,0.0003636542061389425
10,16,uniform,0.00270106584,0.00034391719541723356
10,16,uniform,0.0028449140400000003,0.0004005711854421688
10,16,uniform,0.0030911808800000006,0.0006632245226457042
10,16,uniform,0.003015909019999999,0.0005276068570574537
10,16,uniform,0.0029341668400000003,0.00043697540247981926
10,16,uniform,0.0027724709599999996,0.00046099379081882577
10,16,uniform,0.003016142160000002,0.00042084723917657396
10,16,uniform,0.0028516700599999995,0.00036350453054887166
10,16,uniform,0.0025246406199999987,0.0002950824353940777
10,16,uniform,0.0029898507000000007,0.0004505908924881739
10,16,uniform,0.00284988194,0.0002697126157214172
10,16,uniform,0.002842116,0.0003422875103269017
10,16,uniform,0.0026641357399999994,0.0001605618795358973
10,16,uniform,0.00317080186,0.0004408163603817606
10,16,uniform,0.0028718524999999983,0.0006454380620341849
10,16,uniform,0.002967994280000001,0.0003166478388324939
10,16,uniform,0.002838799440000002,0.0003626378333627247
10,16,uniform,0.002852777680000001,0.00038123078190689766
10,16,uniform,0.002912121779999999,0.000489383481481706
10,16,uniform,0.00322443774,0.00045111548061765747
10,16,uniform,0.003230113420000001,0.0003552022265686752
10,16,uniform,0.003109348379999999,0.0007175060418801286
11,16,uniform,0.0031768505599999997,0.0003961277070203638
11,16,uniform,0.0026245785,0.00021683515520446505
11,16,uniform,0.0028210935400000007,0.00030307307360035585
11,16,uniform,0.002910271200000001,0.0002762298257715647
11,16,uniform,0.0026214235399999995,0.00026243512887122347
11,16,uniform,0.0029477432400000017,0.00038705551285605865
11,16,uniform,0.0029449202800000004,0.0004966604216024043
11,16,uniform,0.0029834549800000004,0.00038089775542591496
11,16,uniform,0.00280572,0.00027599896341600855
11,16,uniform,0.0028849255599999986,0.0003195103287195197
12,16,uniform,0.0027905761999999995,0.00020656618722218577
12,16,uniform,0.002765434520000001,0.0003464757012311256
12,16,uniform,0.0027840101200000003,0.0003523489246963554
12,16,uniform,0.0034605673000000004,0.0004901839199055914
12,16,uniform,0.0033137255200000023,0.0005092352492448195
12,16,uniform,0.003022759800000001,0.00032214576766090454
12,16,uniform,0.0028208814999999996,0.0002838847645397491
12,16,uniform,0.0028882306200000004,0.0002988906144982921
12,16,uniform,0.0029757045000000006,0.00028722179963002674
12,16,uniform,0.0029750827800000003,0.0003418708310737649
13,16,uniform,0.0031431885600000002,0.00038455603960655435
13,16,uniform,0.0029542457600000016,0.0003019768378498955
13,16,uniform,0.002841925500000001,0.00025085149949989236
13,16,uniform,0.0029532438000000006,0.0004988950983999653
13,16,uniform,0.0029744465600000007,0.00043554036257505613
13,16,uniform,0.0028551662000000006,0.00044031635659143504
13,16,uniform,0.0030297647399999995,0.00034646679254978126
13,16,uniform,0.0028627948,0.000259951693214635
13,16,uniform,0.0033149628199999996,0.0004255687699611741
13,16,uniform,0.003153141300000001,0.0004456634388094151
14,16,uniform,0.00313784524,0.0003869132053657512
14,16,uniform,0.0032980140800000003,0.0009230966106544743
14,16,uniform,0.003504944740000001,0.000293954839034483
14,16,uniform,0.003376273180000001,0.000656144796481522
14,16,uniform,0.0030102567999999975,0.00015952427184144887
14,16,uniform,0.0038573314000000013,0.00041040652995400677
14,16,uniform,0.0031038534200000002,0.00028276913677643283
14,16,uniform,0.0032463879599999995,0.0003683985935336436
14,16,uniform,0.002989370200000001,0.00027658365540774674
14,16,uniform,0.0046595069599999995,0.0004851743234556809
15,16,uniform,0.0031867059599999985,0.0002939250447600735
15,16,uniform,0.00385643242,0.0007238713970111985
15,16,uniform,0.0036739625999999996,0.00029483226200038983
15,16,uniform,0.0032393668599999996,0.00040593561054756244
15,16,uniform,0.00369219188,0.0010612407323869343
15,16,uniform,0.0033165451400000005,0.00048491237766429946
15,16,uniform,0.003989550940000001,0.0008558241698164407
15,16,uniform,0.0034028772799999996,0.000619380384551637
15,16,uniform,0.0032767236600000004,0.0004120235791960885
15,16,uniform,0.003986354920000001,0.0005851158319474587
16,16,uniform,0.0038550190799999996,0.0008716141189650129
16,16,uniform,0.00392047674,0.00035577423949691915
16,16,uniform,0.003281470440000001,0.000344224328775114
16,16,uniform,0.0034594739999999984,0.0005672121399295956
16,16,uniform,0.0034608640800000007,0.00043067896678596
16,16,uniform,0.0036097856800000015,0.00040074040257087455
16,16,uniform,0.0037412966000000014,0.00044089077038478465
16,16,uniform,0.0021877054000000004,0.00043164590656283926
16,16,uniform,0.003565981499999999,0.0002789302683639169
16,16,uniform,0.0033603971199999993,0.0005033283874437467
17,16,uniform,0.0037362190000000016,0.00041428970103159045
17,16,uniform,0.0037198408800000007,0.0004090550469082505
17,16,uniform,0.0036614855399999986,0.00044705926774532795
17,16,uniform,0.0032113795,0.00038121678453325995
17,16,uniform,0.0029388326599999993,0.0002521651615121636
17,16,uniform,0.003839353779999999,0.0006345760811294071
17,16,uniform,0.00442051494,0.0006303131594184309
17,16,uniform,0.0038674422200000004,0.0006537626747791588
17,16,uniform,0.00402318448,0.0009502546931880713
17,16,uniform,0.0032260748000000005,0.00034618487409244234
18,16,uniform,0.00546602006,0.0003028256852173281
18,16,uniform,0.0047860086799999995,0.00023372605440151524
18,16,uniform,0.004145058900000002,0.0004400218403484083
18,16,uniform,0.0039021018799999994,0.00024180183573811474
18,16,uniform,0.003944624679999999,0.0005830504941710928
18,16,uniform,0.003761157500000001,0.00033511054205334845
18,16,uniform,0.0034983674800000016,0.00038363487774770974
18,16,uniform,0.005311461200000001,0.00040328501695621895
18,16,uniform,0.0036465176200000003,0.0003713818168168414
18,16,uniform,0.004660554119999999,0.0006914149220808015
19,16,uniform,0.004946656419999999,0.0004832762583156762
19,16,uniform,0.01829852858,0.0006670720991527488
19,16,uniform,0.0039377701,0.0005073194048203646
19,16,uniform,0.004405975279999999,0.00049348735051816
19,16,uniform,0.00621322776,0.00036976510098463557
19,16,uniform,0.005606769280000002,0.00048292622512255667
19,16,uniform,0.005645020779999999,0.00044406334421727883
19,16,uniform,0.004160308820000002,0.0005972521475069434
19,16,uniform,0.0049263330400000005,0.0007541822765469675
19,16,uniform,0.00384818708,0.0005974531522162404
20,16,uniform,0.00435351366,0.0003740780311432508
20,16,uniform,0.003988301540000001,0.00040308049675579703
20,16,uniform,0.01134037182,0.00045330449607638746
20,16,uniform,0.006632048759999999,0.00033974972443009027
20,16,uniform,0.007123477760000001,0.0004505609391344676
20,16,uniform,0.01134852482,0.00045071960917686307
20,16,uniform,0.005508139880000001,0.0003401426903655616
20,16,uniform,0.0037029829,0.00025021812340358354
20,16,uniform,0.005186688540000001,0.00027237675398568396
20,16,uniform,0.00607550926,0.00034586149988520597
1,32,uniform,0.0028628128199999995,0.00030050262785199654
1,32,uniform,0.0028495203199999995,0.00048098429615553266
1,32,uniform,0.0026315851,0.0003137941279000364
1,32,uniform,0.002852825919999999,0.00038195811216736275
1,32,uniform,0.002658182239999999,0.0003067349728703554
1,32,uniform,0.00328940654,0.0009789797334544886
1,32,uniform,0.0026212447800000004,0.00041002845968473147
1,32,uniform,0.0027358100399999994,0.00033834339881561146
1,32,uniform,0.002898484360000001,0.000393282682044198
1,32,uniform,0.0028339364,0.0005889034374451952
1,32,uniform,0.0026085892400000005,0.00042506895823437354
1,32,uniform,0.0027902416799999996,0.00028854104610934926
1,32,uniform,0.002658637159999999,0.0003136710090160816
1,32,uniform,0.0028827824600000007,0.0006599616835554086
1,32,uniform,0.0027423390400000006,0.00018570092426252355
1,32,uniform,0.002760044680000001,0.00036610628739698
1,32,uniform,0.0027303289,0.0003694682164267389
1,32,uniform,0.0026560208199999996,0.0001912824440938059
1,32,uniform,0.0027004429800000012,0.00027886248310600057
1,32,uniform,0.002589219220000002,0.0004345924907945245
1,32,uniform,0.0027696677600000013,0.00027870175418538565
1,32,uniform,0.0028685463799999985,0.0006202471957720748
1,32,uniform,0.0029578241200000008,0.0004639326022383595
1,32,uniform,0.002779319559999998,0.0003102665977815424
1,32,uniform,0.002814331380000001,0.0002631396836892064
1,32,uniform,0.0026767412200000007,0.00048628153000024365
1,32,uniform,0.0026686620399999994,0.00025891735018718925
1,32,uniform,0.0028102870800000004,0.0005071082283076157
1,32,uniform,0.0027183525399999994,0.00029246319893727173
1,32,uniform,0.0026882359199999995,0.0003939578712914478
1,32,uniform,0.0026135939400000014,0.00008913398670472319
1,32,uniform,0.0028886446599999975,0.0005059111606674414
1,32,uniform,0.0026353706799999996,0.0003396104489065377
1,32,uniform,0.0029226773399999998,0.0004907765250500817
1,32,uniform,0.0026940587599999983,0.00033608563681624033
1,32,uniform,0.0027150075799999987,0.0003307731808896813
1,32,uniform,0.0026572340400000003,0.0003715892594470405
1,32,uniform,0.00289591906,0.00038092373351315367
1,32,uniform,0.00284331594,0.0005025420881240143
1,32,uniform,0.0026905754399999997,0.00025385584443977916
1,32,uniform,0.00273645762,0.00044500980324114483
1,32,uniform,0.0033293266800000004,0.001303867420757021
1,32,uniform,0.00254702908,0.0002045852054274426
1,32,uniform,0.0027254757400000003,0.0003491349670809588
1,32,uniform,0.0027315318200000008,0.00039680295007634325
1,32,uniform,0.002918175879999999,0.0004673282776258273
1,32,uniform,0.0028363913000000003,0.0004854319536561227
1,32,uniform,0.0028170033999999986,0.0003130764920387489
1,32,uniform,0.0026916546400000004,0.00029423511947420565
1,32,uniform,0.002980551439999999,0.000786147898889127
1,32,uniform,0.0028318020199999986,0.0004673970798043255
1,32,uniform,0.0025567528999999984,0.0003480631527065806
1,32,uniform,0.002782289440000001,0.00048571076918266004
1,32,uniform,0.0026253537999999985,0.00033154595334644013
1,32,uniform,0.0027477978199999995,0.00054394751616191
1,32,uniform,0.0030824896799999985,0.0005920915687270098
1,32,uniform,0.0027865720999999998,0.00044651658300698464
1,32,uniform,0.00286253482,0.00041751488184985693
1,32,uniform,0.002813876260000001,0.00033931212509528426
1,32,uniform,0.0028414918999999997,0.00043428664918901476
1,32,uniform,0.0025706467800000006,0.0003127642296850067
1,32,uniform,0.0028381085999999995,0.0003271712467840556
1,32,uniform,0.002542846580000001,0.00022192671324100565
1,32,uniform,0.00277750254,0.00036808612748475355
1,32,uniform,0.0028646489600000014,0.0005586577058669687
1,32,uniform,0.00268888442,0.000330158543384656
1,32,uniform,0.002535024459999999,0.0002622710561419871
1,32,uniform,0.00254643218,0.0002906122748000425
1,32,uniform,0.002964029600000001,0.00036395777707976586
1,32,uniform,0.002775522200000001,0.0002860794021189066
1,32,uniform,0.002557025160000001,0.00026987375402501735
1,32,uniform,0.0030310741000000004,0.0007358897192661789
1,32,uniform,0.0028139137,0.00039274622893994087
1,32,uniform,0.0034142214400000002,0.0005397253632212099
1,32,uniform,0.0025675674199999977,0.0003729919553825524
1,32,uniform,0.002721783019999999,0.0002973086174973368
1,32,uniform,0.002566050919999999,0.0002589890845822785
1,32,uniform,0.0027378464799999985,0.0003254816111501367
1,32,uniform,0.00282180266,0.00039881511819494055
1,32,uniform,0.00276587688,0.0003068337643969633
1,32,uniform,0.0026642728399999998,0.00018172002572348615
1,32,uniform,0.0028629136200000013,0.0005263949057335397
1,32,uniform,0.0027346415000000005,0.0002709785086770618
1,32,uniform,0.0026780120799999997,0.0002451159366699765
1,32,uniform,0.002807117500000002,0.00028219598833594363
1,32,uniform,0.0028712617200000014,0.0003845319273021568
1,32,uniform,0.0028956423399999986,0.00040782290912878686
1,32,uniform,0.0025929440400000014,0.0005400879484679014
1,32,uniform,0.00299927764,0.0006111694921863692
1,32,uniform,0.0019358362799999976,0.00033572097224234356
1,32,uniform,0.0027947940199999992,0.0004170550705243188
1,32,uniform,0.0025791750999999996,0.00023219961481566774
1,32,uniform,0.0027353789599999997,0.00036239488063168843
1,32,uniform,0.0034111099599999995,0.0014805134867769698
1,32,uniform,0.002774164639999999,0.0003632915270902512
1,32,uniform,0.002752270440000001,0.0002579310406555511
1,32,uniform,0.00282925504,0.00027606431707524645
1,32,uniform,0.00267370842,0.00034506752105999334
1,32,uniform,0.0027506151799999994,0.00041572982176249734
1,32,uniform,0.0025709162199999995,0.00031381142568080966
2,32,uniform,0.0027901212199999996,0.0004684399222942755
2,32,uniform,0.00279148802,0.00032890973859554356
2,32,uniform,0.0026162505199999997,0.0004584850074651539
2,32,uniform,0.00262711688,0.00043184229606344084
2,32,uniform,0.0023153663399999988,0.0002294261296710169
2,32,uniform,0.0027967983199999992,0.0003515464246806293
2,32,uniform,0.00262450498,0.00038007201802284186
2,32,uniform,0.00274694612,0.0004271159053559767
2,32,uniform,0.0028497511800000008,0.00048608097215341713
2,32,uniform,0.0025459073599999995,0.00042389437079017706
2,32,uniform,0.0023873664999999994,0.00027744648999409666
2,32,uniform,0.0025610912200000006,0.0004143971760911533
2,32,uniform,0.00279169902,0.00040966067844038124
2,32,uniform,0.0025963059599999998,0.00034819517146216525
2,32,uniform,0.0026979302399999993,0.0004372012520157941
2,32,uniform,0.002521010540000001,0.00021176503582584694
2,32,uniform,0.002621008680000002,0.00047143871621824955
2,32,uniform,0.002509744739999999,0.0003170720813053924
2,32,uniform,0.002532652279999999,0.00023309881827063533
2,32,uniform,0.0025068727,0.00044872209098634284
2,32,uniform,0.002720153100000001,0.0004279396943216415
2,32,uniform,0.0025238136799999996,0.00045110613953136227
2,32,uniform,0.0025579740600000004,0.00036980041260141646
2,32,uniform,0.002659803820000001,0.00045463590067579214
2,32,uniform,0.0025353064,0.0005973280088461449
2,32,uniform,0.0025651605800000006,0.0005206597803556987
2,32,uniform,0.002512008439999998,0.0003477442178188669
2,32,uniform,0.0026532553000000003,0.0004799902840224536
2,32,uniform,0.0027353784000000007,0.0006071006816833599
2,32,uniform,0.002753135940000001,0.00043849139397023025
2,32,uniform,0.0026571833599999986,0.0003222282483913296
2,32,uniform,0.0025594685200000015,0.0005214507892477701
2,32,uniform,0.002599746020000001,0.00038050237662420265
2,32,uniform,0.0025686782600000003,0.0005490722189640447
2,32,uniform,0.0026369335599999997,0.000323806552350079
2,32,uniform,0.0024463133599999997,0.0003263466175926721
2,32,uniform,0.002475088100000002,0.0002470269497862982
2,32,uniform,0.0027733701400000006,0.000457891426210479
2,32,uniform,0.00226427382,0.0004248008973860056
2,32,uniform,0.0025595356999999997,0.00029273981501060726
2,32,uniform,0.002670782419999999,0.0003775662113822775
2,32,uniform,0.0027205342799999986,0.0003293153048349626
2,32,uniform,0.0025394160399999986,0.0003857100392437016
2,32,uniform,0.0028625691200000005,0.0007713907840742373
2,32,uniform,0.0027710185999999986,0.00037850204169095593
2,32,uniform,0.0024579640600000006,0.0003284565409944079
2,32,uniform,0.0025278958600000014,0.0003769102510731316
2,32,uniform,0.00255383668,0.00042772521827387445
2,32,uniform,0.00292589038,0.0007051563211413248
2,32,uniform,0.002629670819999999,0.0003370640323680024
2,32,uniform,0.0024327658200000006,0.00029364021902782855
2,32,uniform,0.00262143304,0.0003922066434761712
2,32,uniform,0.0027696340400000007,0.0005344879533300075
2,32,uniform,0.0025632179999999978,0.0003895281448677362
2,32,uniform,0.0027971800600000013,0.000493204152159022
2,32,uniform,0.0026213083399999997,0.0003212052463796666
2,32,uniform,0.0026960413400000005,0.0002927101029767623
2,32,uniform,0.0025997337800000007,0.0004939771047892359
2,32,uniform,0.003004496300000001,0.0007568751508696868
2,32,uniform,0.0028021721799999988,0.0003174426265090887
2,32,uniform,0.0024680329,0.00025540923516331797
2,32,uniform,0.002476330880000001,0.00025538262248555585
2,32,uniform,0.0025798862000000005,0.00023122937592067892
2,32,uniform,0.00257652,0.00028828089878413536
2,32,uniform,0.0025997692,0.00027745342611618817
2,32,uniform,0.0024376408200000007,0.0002314539130976667
2,32,uniform,0.002544239579999999,0.00040058993928855885
2,32,uniform,0.0025658433199999982,0.00043003656410015506
2,32,uniform,0.002654272860000002,0.0003547626564245924
2,32,uniform,0.00245758206,0.00040794470423070563
2,32,uniform,0.002480532319999999,0.0004446875470245497
2,32,uniform,0.00255643014,0.00036616535762600195
2,32,uniform,0.002962652199999999,0.0005451836645873978
2,32,uniform,0.0024754464199999984,0.00026851382324915375
2,32,uniform,0.002700426900000001,0.0004393913721625
2,32,uniform,0.0027590821400000007,0.0002562348519398215
2,32,uniform,0.002725613579999999,0.00026780711031710875
2,32,uniform,0.002521377339999999,0.00025827252295677064
2,32,uniform,0.00262716606,0.0005042072899680584
2,32,uniform,0.0025653378200000006,0.0003419884640446225
2,32,uniform,0.0022354601200000007,0.0004653055587880578
2,32,uniform,0.0027247988600000014,0.00047453245136590304
2,32,uniform,0.00253468222,0.0003537187146036302
2,32,uniform,0.0024924737,0.0002813855307171798
2,32,uniform,0.002518415819999999,0.00037733363351903534
2,32,uniform,0.0028263612599999997,0.0005543275871878572
2,32,uniform,0.002383622860000001,0.00019357825441261055
2,32,uniform,0.002391219260000002,0.00024893394836741114
2,32,uniform,0.00275309606,0.0003573205922110345
2,32,uniform,0.002695411620000001,0.0003513690448283684
2,32,uniform,0.002705372760000002,0.00046565268868088076
2,32,uniform,0.0026844921200000005,0.0003363241725608891
2,32,uniform,0.002726276780000001,0.0004123553608499053
2,32,uniform,0.00259421966,0.00043242943332835
2,32,uniform,0.0027742644199999994,0.00022386671581955484
2,32,uniform,0.00262013072,0.00040977250970465997
2,32,uniform,0.00258771162,0.00048061722871601956
2,32,uniform,0.0027278245,0.0002724883227174863
2,32,uniform,0.0023408170600000017,0.00023116391504493075
2,32,uniform,0.0023835964400000017,0.00014293065295512298
3,32,uniform,0.0027244911800000013,0.00039943922890717134
3,32,uniform,0.0025020254800000004,0.0003771438613042922
3,32,uniform,0.002364885100000001,0.0004927760523030155
3,32,uniform,0.00272127488,0.0003557403124869006
3,32,uniform,0.002614939479999999,0.00031445790686626267
3,32,uniform,0.0027063732199999985,0.0004897375405737352
3,32,uniform,0.0025004965199999993,0.00022914355010800552
3,32,uniform,0.0027084630200000003,0.0003660536604479977
3,32,uniform,0.00269132594,0.00021341923012491428
3,32,uniform,0.0026367298000000007,0.0004266916523772695
3,32,uniform,0.0025343187999999997,0.00020726788695483498
3,32,uniform,0.002471049319999999,0.0002783065391734045
3,32,uniform,0.0027428199200000003,0.0005162906693045433
3,32,uniform,0.0024097942200000007,0.00033559567417363353
3,32,uniform,0.0025105648600000003,0.00032243202090907655
3,32,uniform,0.002540044580000001,0.0003995777469509532
3,32,uniform,0.0026170535,0.0002267421818630137
3,32,uniform,0.0025930337000000005,0.0003747043508967957
3,32,uniform,0.002581524820000001,0.00037812248772923373
3,32,uniform,0.0026786302200000004,0.0003513895665564232
3,32,uniform,0.00278670888,0.0006420573433548423
3,32,uniform,0.0016597519800000005,0.00041071646206198144
3,32,uniform,0.002620763840000001,0.00028514038966066053
3,32,uniform,0.0023745389199999996,0.00042810720167345685
3,32,uniform,0.0026284746400000005,0.0004134976888294405
3,32,uniform,0.0025154019800000013,0.00027504268587903865
3,32,uniform,0.00264000066,0.0003360161372365751
3,32,uniform,0.002479533060000001,0.0003142940972758725
3,32,uniform,0.0024536512599999992,0.00026088469964803316
3,32,uniform,0.0025644436000000015,0.0002326890545538307
3,32,uniform,0.0025716266199999993,0.00034520870703356945
3,32,uniform,0.0025805828,0.00036372852988588133
3,32,uniform,0.0025949346800000013,0.00036859125583551215
3,32,uniform,0.0024996267799999986,0.0003307899618117716
3,32,uniform,0.0031168973,0.0005857752485740206
3,32,uniform,0.002710972839999999,0.00043650967089412787
3,32,uniform,0.00254872438,0.00033145489675141153
3,32,uniform,0.002496737320000001,0.00024231753808314776
3,32,uniform,0.0026419543599999996,0.0004244832086163255
3,32,uniform,0.002619671320000002,0.0002346931636441268
3,32,uniform,0.00267308402,0.0004913457788134768
3,32,uniform,0.0025180603999999988,0.00033559814297507996
3,32,uniform,0.0027787924199999996,0.0006455964869263151
3,32,uniform,0.0026469336400000007,0.00047367084571466316
3,32,uniform,0.0028558257800000023,0.00041947347069271133
3,32,uniform,0.0023049350799999994,0.00031762748315275805
3,32,uniform,0.0028763571800000005,0.0003770975911276372
3,32,uniform,0.0026409032800000015,0.00039477600549241116
3,32,uniform,0.0026653983600000005,0.00040915514119958904
3,32,uniform,0.0026123469600000016,0.0005324478947028629
3,32,uniform,0.0026232913400000015,0.0003552161748457471
3,32,uniform,0.0028916929000000003,0.0005584450405875629
3,32,uniform,0.0026691413000000004,0.00043761729220805615
3,32,uniform,0.0028266915999999994,0.0008148577532127516
3,32,uniform,0.002466355320000001,0.00027539610574677496
3,32,uniform,0.0027100154999999985,0.0005347883837998811
3,32,uniform,0.0024031581600000005,0.0004588801848296448
3,32,uniform,0.0025597460200000007,0.00027204564361520486
3,32,uniform,0.0026090689600000005,0.00028440471943568186
3,32,uniform,0.002592703279999999,0.00041473658026405433
3,32,uniform,0.0025953029400000004,0.00048404838627287837
3,32,uniform,0.0026142442999999996,0.00027426621940783495
3,32,uniform,0.0026848014000000003,0.0003594156858314
3,32,uniform,0.002567441599999999,0.00042612902240478254
3,32,uniform,0.0025272566999999997,0.00039292126201178457
3,32,uniform,0.00243642774,0.0003211168945308096
3,32,uniform,0.0031361658199999974,0.000395017295317911
3,32,uniform,0.0024952560199999986,0.0003905531978355831
3,32,uniform,0.0027106590200000015,0.0003265582422328878
3,32,uniform,0.0027108131200000002,0.0003924086227737044
3,32,uniform,0.0027340342600000005,0.0004552035639076948
3,32,uniform,0.00277650638,0.0006546860573469123
3,32,uniform,0.0026653363999999996,0.00045205147740973314
3,32,uniform,0.00261190102,0.00033447019993775235
3,32,uniform,0.00246838822,0.000354046572806915
3,32,uniform,0.0027460944000000003,0.0006383235654263005
3,32,uniform,0.003245267580000001,0.00174712338505958
3,32,uniform,0.0023779597400000007,0.00026832190603967956
3,32,uniform,0.002860844120000001,0.00048489107904725473
3,32,uniform,0.0026289294599999994,0.0003277866948036142
3,32,uniform,0.002565703659999999,0.0003404850917988757
3,32,uniform,0.0024374313400000016,0.00020152489183624726
3,32,uniform,0.002528108919999999,0.0003513749500857706
3,32,uniform,0.002642772659999998,0.00043899580809920926
3,32,uniform,0.0026816622199999996,0.00037312203402991645
3,32,uniform,0.0027724694000000006,0.0005067607860706405
3,32,uniform,0.0026400587,0.00028597623712966867
3,32,uniform,0.00266503264,0.0003686969049878386
3,32,uniform,0.002693604119999999,0.0003420100817165905
3,32,uniform,0.0026927019200000003,0.0005085318502878766
3,32,uniform,0.00250397496,0.0003131904035049073
3,32,uniform,0.0026049358200000024,0.0004975355018492653
3,32,uniform,0.002623181559999999,0.00040978090555755103
3,32,uniform,0.002601129559999998,0.0003687724624058098
3,32,uniform,0.0025382556999999995,0.0003379900586106212
3,32,uniform,0.00245709162,0.00022418356406550213
3,32,uniform,0.002488919319999999,0.00025537312001670554
3,32,uniform,0.002527410220000001,0.0003065619031820854
3,32,uniform,0.0025753726200000004,0.00008058284034464841
3,32,uniform,0.0023290823199999993,0.00007223198529806581
4,32,uniform,0.00254911682,0.00019089096871626303
4,32,uniform,0.0024692371799999997,0.00014826976222697742
4,32,uniform,0.0025565041200000006,0.00014235321446770657
4,32,uniform,0.0027081644400000003,0.00044556831904354346
4,32,uniform,0.0024753773600000003,0.00015781814407267767
4,32,uniform,0.00246285454,0.00018509459884385237
4,32,uniform,0.0026422361599999994,0.0002469395647924362
4,32,uniform,0.0029542113200000004,0.001207490480526617
4,32,uniform,0.002780143700000003,0.00043835499222156306
4,32,uniform,0.0025849000199999997,0.00044095863211922245
4,32,uniform,0.002643817339999999,0.0004630149647728102
4,32,uniform,0.002584653800000001,0.00046713456815864813
4,32,uniform,0.0027728473199999984,0.0006352298038104882
4,32,uniform,0.0025990818200000015,0.00033487857276007097
4,32,uniform,0.0031175056599999995,0.0012966943090460836
4,32,uniform,0.0026921690000000003,0.000521411621410741
4,32,uniform,0.00270718934,0.0004139591627819907
4,32,uniform,0.002617045040000001,0.0004677636645595486
4,32,uniform,0.00309925084,0.001437242321168583
4,32,uniform,0.0028856454399999996,0.0007582142764946245
4,32,uniform,0.0025504303600000005,0.0004230105909402924
4,32,uniform,0.00264622662,0.0006169734446657144
4,32,uniform,0.0028018797999999996,0.0005244043458552549
4,32,uniform,0.002845727720000001,0.0006115617015161993
4,32,uniform,0.0028050700400000014,0.00046350504837960286
4,32,uniform,0.0025339297799999994,0.0003538832512331339
4,32,uniform,0.0029143393,0.0008038828122932472
4,32,uniform,0.002612682580000001,0.00045090892028840524
4,32,uniform,0.0027081202800000007,0.000632483791604918
4,32,uniform,0.0025482870600000004,0.0005638923265451383
4,32,uniform,0.0026000833399999995,0.00031274612839960863
4,32,uniform,0.002306652099999999,0.0003521298639220889
4,32,uniform,0.0026934357000000008,0.0005131578058321392
4,32,uniform,0.003391509280000001,0.0014419059198277546
4,32,uniform,0.0026351460199999996,0.00038174667219710866
4,32,uniform,0.002781808220000001,0.0008019705783966072
4,32,uniform,0.00256599004,0.0005350097875547179
4,32,uniform,0.0028419921399999984,0.0007959321970727575
4,32,uniform,0.0033495101200000004,0.0013813772696827532
4,32,uniform,0.002962340200000001,0.000723118460283268
4,32,uniform,0.0028591269999999986,0.0007177301403074758
4,32,uniform,0.0027012109199999997,0.0007232662781920488
4,32,uniform,0.0027579125999999984,0.0006307280754006614
4,32,uniform,0.002589219400000002,0.0004979949491382081
4,32,uniform,0.00272258888,0.00035776314256315804
4,32,uniform,0.0026904598200000003,0.0004968955618256663
4,32,uniform,0.0027642431,0.0003510404792328879
4,32,uniform,0.002860035560000003,0.0007991960330885937
4,32,uniform,0.002503318800000001,0.00033063784681000363
4,32,uniform,0.0026980956800000005,0.0005853561027976522
4,32,uniform,0.0025996523400000004,0.00032866379995815384
4,32,uniform,0.0026606135199999997,0.00028569149823637466
4,32,uniform,0.0018691270199999992,0.0006448246077573257
4,32,uniform,0.002651961739999999,0.00026996146360413917
4,32,uniform,0.0025659280199999994,0.00016430682730188395
4,32,uniform,0.0025801110200000003,0.00017900267574859195
4,32,uniform,0.00260989222,0.00017161367099094663
4,32,uniform,0.0028034247200000007,0.00034512764749918576
4,32,uniform,0.002556132699999999,0.00020649647135938614
4,32,uniform,0.002704811000000002,0.0004238709903910755
4,32,uniform,0.003116988799999999,0.001118703936692541
4,32,uniform,0.0026883517000000005,0.00025087986923459356
4,32,uniform,0.002490641460000001,0.00046210849876457004
4,32,uniform,0.002566518940000001,0.0003411529080528262
4,32,uniform,0.0027757678599999993,0.0005634501048306367
4,32,uniform,0.0032292108799999997,0.0011797903309466288
4,32,uniform,0.0028822179999999998,0.0005292759970523676
4,32,uniform,0.0030317900600000023,0.0013248121996254961
4,32,uniform,0.00290182786,0.0007443188522522974
4,32,uniform,0.00255668254,0.0003693041668541437
4,32,uniform,0.0027172667800000007,0.0007864599028519862
4,32,uniform,0.0027472465399999988,0.000418449378498244
4,32,uniform,0.0028086484,0.0009050884409919041
4,32,uniform,0.002707327040000001,0.0004594136885739501
4,32,uniform,0.0033582026200000012,0.001613482574922639
4,32,uniform,0.002928072459999999,0.0007060615017519524
4,32,uniform,0.0026856791000000016,0.000486490423100622
4,32,uniform,0.0026105281799999997,0.00046806923405910553
4,32,uniform,0.00291438302,0.0004723072434448672
4,32,uniform,0.0027945307599999995,0.0008989458054910517
4,32,uniform,0.0026733105799999993,0.00042532315953213747
4,32,uniform,0.002501932079999998,0.0003283815925590226
4,32,uniform,0.0026634903599999996,0.0006044204789670571
4,32,uniform,0.0026450937600000007,0.0003894999857526172
4,32,uniform,0.00266618178,0.0004701336059820181
4,32,uniform,0.002697793380000001,0.0005158899679663506
4,32,uniform,0.0026693079200000008,0.00048768096189917055
4,32,uniform,0.0026159183600000012,0.000552678430748096
4,32,uniform,0.002586224960000001,0.00034173765157255096
4,32,uniform,0.00259699026,0.0004382136308598684
4,32,uniform,0.0025903108800000006,0.0004493538086312141
4,32,uniform,0.0027632874000000003,0.0004605444852063212
4,32,uniform,0.0025455057400000005,0.00038440449670056054
4,32,uniform,0.0030881926400000005,0.0006226821632645163
4,32,uniform,0.0029435496599999984,0.0006106818211271362
4,32,uniform,0.0028008893000000005,0.0006057795864340246
4,32,uniform,0.0027647924599999993,0.0004344205963221585
4,32,uniform,0.0026086879600000007,0.00021894155528653963
4,32,uniform,0.0025136503399999987,0.00010602856922106734
4,32,uniform,0.002757435480000001,0.0002753203884193428
5,32,uniform,0.00261205376,0.00018234372368250036
5,32,uniform,0.00371309432,0.0013928595392595766
5,32,uniform,0.0027254524800000017,0.0006885055267326071
5,32,uniform,0.0027585750999999997,0.0006117859936194098
5,32,uniform,0.0023799933400000008,0.00036483417420984243
5,32,uniform,0.0026969980399999998,0.00044192049241118523
5,32,uniform,0.0033309292,0.0012701366404059054
5,32,uniform,0.002694612160000001,0.0004687767376290953
5,32,uniform,0.0026839775399999993,0.00047500241391966745
5,32,uniform,0.00241363862,0.0003437448233422902
5,32,uniform,0.0027972201999999996,0.0005746466510866676
5,32,uniform,0.003321994539999999,0.0016160047794091903
5,32,uniform,0.0027982577999999996,0.0005811121165822671
5,32,uniform,0.0027876067400000007,0.0006221426053959371
5,32,uniform,0.0026906542,0.0005232242830702721
5,32,uniform,0.0028557866,0.00041818456537705913
5,32,uniform,0.0025838597,0.00038208074193057956
5,32,uniform,0.0027674845600000014,0.0007380534579079171
5,32,uniform,0.00273372632,0.0005807503894445625
5,32,uniform,0.002654579680000002,0.0005495341548095281
5,32,uniform,0.0027838390000000006,0.0005610002813768358
5,32,uniform,0.0024759174800000005,0.0002346400974250898
5,32,uniform,0.0026837698400000013,0.00021489009212659801
5,32,uniform,0.002528169500000001,0.00046547318362452996
5,32,uniform,0.0027697857200000013,0.0005479412596765073
5,32,uniform,0.0024595982800000005,0.0004207456617991049
5,32,uniform,0.002622900859999999,0.0005668834689526881
5,32,uniform,0.0028349629400000013,0.0005301226160638687
5,32,uniform,0.00262165082,0.00029854960888686487
5,32,uniform,0.00269228592,0.0006100519857264352
5,32,uniform,0.002735919240000001,0.0005753891324607007
5,32,uniform,0.0031527607600000014,0.0010890315557550104
5,32,uniform,0.0027168446800000003,0.0004904714931852592
5,32,uniform,0.002604273619999999,0.0002340789841468283
5,32,uniform,0.002674025620000002,0.00037244780604489476
5,32,uniform,0.002614443840000001,0.000627325558091774
5,32,uniform,0.0028695444200000004,0.0005875167953391348
5,32,uniform,0.0024177202000000004,0.00035771357449161304
5,32,uniform,0.0023728324800000025,0.0003253137358165876
5,32,uniform,0.0027138437200000002,0.0004526268472859417
5,32,uniform,0.0029517132399999994,0.0004601355417548181
5,32,uniform,0.0026553150199999996,0.0005866167858603358
5,32,uniform,0.0028623182800000015,0.0007206678145915925
5,32,uniform,0.0027121734600000008,0.0003733007506710315
5,32,uniform,0.002811494680000001,0.0006206515192945768
5,32,uniform,0.0025393737000000013,0.00041481563025122677
5,32,uniform,0.002768545720000001,0.0004939171773252072
5,32,uniform,0.00279769618,0.0005256061639910417
5,32,uniform,0.00259164136,0.0003686792266664736
5,32,uniform,0.002747684920000001,0.0004232990636467059
5,32,uniform,0.0027842611199999996,0.0004899897777011272
5,32,uniform,0.0026491277200000004,0.0007029467820792065
5,32,uniform,0.002658997799999999,0.0005731872819644748
5,32,uniform,0.00278730402,0.00037651680852437064
5,32,uniform,0.002684946119999999,0.000597431415118273
5,32,uniform,0.002568439059999999,0.0003638310758342546
5,32,uniform,0.0032755260800000005,0.0008393399159363531
5,32,uniform,0.0026256361800000034,0.0003699400900037884
5,32,uniform,0.0025711727800000013,0.0005405216594650438
5,32,uniform,0.002592705280000002,0.00045814807383062447
5,32,uniform,0.002932701780000001,0.0006474601205815777
5,32,uniform,0.002474108660000001,0.0005091416522147949
5,32,uniform,0.0027096885600000004,0.00033094229714162823
5,32,uniform,0.0029497369400000003,0.0010955535687173603
5,32,uniform,0.0026001910999999996,0.0005510616719654688
5,32,uniform,0.0028273169999999993,0.0006559128568793352
5,32,uniform,0.0028461686600000013,0.00035809999224488816
5,32,uniform,0.0033098216,0.0012923202087175738
5,32,uniform,0.0027055557600000005,0.0004530131540089342
5,32,uniform,0.0027417329199999983,0.0006221632904685697
5,32,uniform,0.0027146517,0.00046847519844842234
5,32,uniform,0.002822809699999999,0.0005748401683826847
5,32,uniform,0.00266383344,0.0005609100052523382
5,32,uniform,0.0029370117200000012,0.00042660599322092417
5,32,uniform,0.0026964765199999985,0.0004097926399422573
5,32,uniform,0.0025954177600000005,0.0004993375414631316
5,32,uniform,0.0028522228799999997,0.000613228180920365
5,32,uniform,0.002621131159999999,0.0005032883474952506
5,32,uniform,0.00282958386,0.0006778902503068783
5,32,uniform,0.0034338763599999996,0.001575771711275763
5,32,uniform,0.0026897896800000005,0.00032192954204780756
5,32,uniform,0.0024333635800000007,0.00016293644493019032
5,32,uniform,0.0025390143800000002,0.0002494625171621757
5,32,uniform,0.00258336398,0.0004057444601194342
5,32,uniform,0.0029566180000000003,0.0007514467394933366
5,32,uniform,0.002601905040000001,0.0005145096810459991
5,32,uniform,0.00155994774,0.0004676400229027547
5,32,uniform,0.002813219599999998,0.0005072136251375307
5,32,uniform,0.0028422659600000006,0.0007162601715623232
5,32,uniform,0.0032295364199999995,0.0013280487533494853
5,32,uniform,0.0026962163400000004,0.00039640572789622155
5,32,uniform,0.002658197000000001,0.0005214031282216605
5,32,uniform,0.0034618010399999994,0.0011316861881652777
5,32,uniform,0.0027511639400000015,0.00048267750355421914
5,32,uniform,0.0026856775199999997,0.0004529317792710679
5,32,uniform,0.003412820340000001,0.0016581929543116108
5,32,uniform,0.00269039792,0.00029006460817320974
5,32,uniform,0.0032063006799999986,0.0008513271458006414
5,32,uniform,0.0026889750600000008,0.00032595032159042257
5,32,uniform,0.0026917024799999996,0.0005619373052991667
6,32,uniform,0.0026852387000000006,0.0005438593304188234
6,32,uniform,0.002815809960000001,0.00048743972792733846
6,32,uniform,0.0027798739999999995,0.0006656943821778632
6,32,uniform,0.0026936801400000016,0.00041765096269923754
6,32,uniform,0.00292291536,0.000574450312444369
6,32,uniform,0.0025369819,0.00043877451618875673
6,32,uniform,0.0028084147600000013,0.0005213667328160561
6,32,uniform,0.002792646580000001,0.0005141776484767368
6,32,uniform,0.0025196872599999977,0.00038736602747134843
6,32,uniform,0.003153924939999999,0.0008807368881329874
6,32,uniform,0.002871907820000001,0.0006889623217959423
6,32,uniform,0.0026455077599999996,0.00042111542366006965
6,32,uniform,0.002422593180000001,0.0005713536770807846
6,32,uniform,0.0027939298399999985,0.0005663809818911745
6,32,uniform,0.0027407974200000006,0.0004452053443134853
6,32,uniform,0.0026618442999999984,0.0004374352599287502
6,32,uniform,0.0027270997000000013,0.00040172088854051135
6,32,uniform,0.002611617180000001,0.0004212960600275853
6,32,uniform,0.002733192700000001,0.0005959811006389098
6,32,uniform,0.0025276299800000004,0.0005188770883832381
6,32,uniform,0.0032685793200000006,0.0014087693564183404
6,32,uniform,0.0029132393999999995,0.0008503189176468112
6,32,uniform,0.0028338230799999998,0.0005524588648532427
6,32,uniform,0.00313586596,0.0007630378297039335
6,32,uniform,0.0027553848,0.00029391225627616247
6,32,uniform,0.00274135246,0.0003057749753192878
6,32,uniform,0.003475415800000002,0.0013463947411541065
6,32,uniform,0.0026037524399999995,0.0002467789921313986
6,32,uniform,0.003498319140000001,0.0009744787745804366
6,32,uniform,0.003377432479999999,0.0016357302258079786
6,32,uniform,0.00288762346,0.000687499585199463
6,32,uniform,0.0025669435799999998,0.00038409798291855175
6,32,uniform,0.00298595652,0.0006374929480256233
6,32,uniform,0.0026353926199999995,0.00044677179787602723
6,32,uniform,0.0031476021,0.0010910318844049784
6,32,uniform,0.0030088536200000007,0.0009465890273174698
6,32,uniform,0.0028794922200000017,0.0004771192110767495
6,32,uniform,0.002648646339999999,0.0004507501652616325
6,32,uniform,0.00266829088,0.0003534861709478575
6,32,uniform,0.0027064021800000007,0.0005448827055461467
6,32,uniform,0.0026628768,0.0004018309830408938
6,32,uniform,0.0028462763999999993,0.0005053710108772234
6,32,uniform,0.0024939926199999993,0.0004141903575217023
6,32,uniform,0.0027929184,0.00030145173481967055
6,32,uniform,0.0028204069,0.00043813949363259014
6,32,uniform,0.00250361224,0.0002471944580947695
6,32,uniform,0.00286230026,0.0004953090239347665
6,32,uniform,0.0026150626200000006,0.00033206107749296493
6,32,uniform,0.002809336120000001,0.000628455088659387
6,32,uniform,0.002853860859999999,0.0005814838035621554
6,32,uniform,0.0026865450999999994,0.00046383878352792646
6,32,uniform,0.002690975620000001,0.0005082240623195091
6,32,uniform,0.00258628194,0.00031617208747375397
6,32,uniform,0.0033745388,0.001245383574589398
6,32,uniform,0.002730395860000001,0.0003973332646434643
6,32,uniform,0.0028067198200000002,0.0005407094024529155
6,32,uniform,0.00307648044,0.0005198266935620521
6,32,uniform,0.0027830286999999997,0.0005623020516480443
6,32,uniform,0.0026331619199999995,0.00035905506466866923
6,32,uniform,0.002875524519999999,0.0003142890728434043
6,32,uniform,0.002681675199999999,0.00044808161148920933
6,32,uniform,0.0027804734599999998,0.0003666473153609308
6,32,uniform,0.002856110060000001,0.0008537761643351782
6,32,uniform,0.0026568541400000005,0.0003797052669880358
6,32,uniform,0.0030841481600000003,0.0008326250531561077
6,32,uniform,0.002722993400000001,0.0003291240037054763
6,32,uniform,0.0028054897800000008,0.0006106925922834028
6,32,uniform,0.002646056920000001,0.0003399475174721992
6,32,uniform,0.0026412877200000006,0.00027987683918816067
6,32,uniform,0.0026789039,0.0002464782897193764
6,32,uniform,0.002821819319999999,0.0007802852823169584
6,32,uniform,0.002704635459999999,0.0005206653678732838
6,32,uniform,0.00259862266,0.00040982589320784883
6,32,uniform,0.0025365631400000015,0.00047693537642508083
6,32,uniform,0.0029437899000000003,0.000557982291952153
6,32,uniform,0.0024185903000000005,0.0004580030489406522
6,32,uniform,0.003153675060000001,0.0012952426542877597
6,32,uniform,0.0032923861200000017,0.0016249991155182723
6,32,uniform,0.0029962952200000012,0.0006979800746641937
6,32,uniform,0.002624216460000001,0.00042957779169589574
6,32,uniform,0.0026770058400000006,0.0005282038767211852
6,32,uniform,0.0030644266200000013,0.0007735881000114842
6,32,uniform,0.0026023022000000017,0.000434262145320901
6,32,uniform,0.0028512348600000016,0.0005598654931328893
6,32,uniform,0.002860833360000001,0.0006850737419940522
6,32,uniform,0.0026171336,0.0004923483343813044
6,32,uniform,0.0028266867399999998,0.0006998876121116716
6,32,uniform,0.0029722666000000005,0.000768267455516169
6,32,uniform,0.002634556280000001,0.0005629074727395354
6,32,uniform,0.0029210768600000008,0.0006807658764926782
6,32,uniform,0.0027954665200000017,0.0005862273912572854
6,32,uniform,0.002874271340000002,0.0006150722747854743
6,32,uniform,0.0027856645600000006,0.0006315904398071058
6,32,uniform,0.00288083992,0.0007300284229895587
6,32,uniform,0.0031467780199999997,0.0008746081396365208
6,32,uniform,0.0036631985600000007,0.0011141250250998867
6,32,uniform,0.0027591485399999995,0.0007062105273173305
6,32,uniform,0.0029032252200000015,0.0006566108108992643
6,32,uniform,0.0026303953199999985,0.0004856694649828899
6,32,uniform,0.00280238982,0.0006588748195347801
7,32,uniform,0.0026929409000000016,0.0004573240291571661
7,32,uniform,0.003552076580000002,0.0013367920034091567
7,32,uniform,0.0027477769600000005,0.0006043371354252619
7,32,uniform,0.0029522127399999993,0.0005835005048337243
7,32,uniform,0.0025182518600000013,0.0002579847170720906
7,32,uniform,0.0026133606000000023,0.000712190715320178
7,32,uniform,0.0016839830600000009,0.0005198160306345677
7,32,uniform,0.002957710139999999,0.000606215271003663
7,32,uniform,0.002586977020000001,0.0004762826525545985
7,32,uniform,0.002928821720000001,0.0005659840884436398
7,32,uniform,0.0028622507800000006,0.0006316756944097535
7,32,uniform,0.0028184689200000013,0.000734052988466243
7,32,uniform,0.0029647627200000003,0.0008729975901905457
7,32,uniform,0.0028678724599999995,0.0004984282800905709
7,32,uniform,0.002792773359999999,0.000544600520275142
7,32,uniform,0.002860976660000001,0.0003330234332332253
7,32,uniform,0.0025853180399999986,0.0001814333365783574
7,32,uniform,0.00271106506,0.00015299772209491664
7,32,uniform,0.0026351043999999985,0.00017198188696113066
7,32,uniform,0.0028591273800000006,0.00043945615331179535
7,32,uniform,0.0027868427199999996,0.0004087427006929094
7,32,uniform,0.0029927772199999994,0.000516513595597433
7,32,uniform,0.002760973140000001,0.0001573079833442451
7,32,uniform,0.0027842787800000006,0.00019442686029024452
7,32,uniform,0.0027450765999999993,0.00030615517948227205
7,32,uniform,0.0025444162599999993,0.00018324753003774245
7,32,uniform,0.002785534860000001,0.00029716762890143325
7,32,uniform,0.00259154108,0.00016291572750774493
7,32,uniform,0.0027354118599999993,0.000343511894620259
7,32,uniform,0.0026545965799999994,0.00022859771606978545
7,32,uniform,0.0027648782199999992,0.0001669272489025618
7,32,uniform,0.0028356944399999997,0.00032546072404087583
7,32,uniform,0.00286393876,0.00021315456027151856
7,32,uniform,0.0027226994400000003,0.00026413753707156686
7,32,uniform,0.00273028902,0.00028446929140762365
7,32,uniform,0.0027276899,0.0002151200266374307
7,32,uniform,0.0027807567200000007,0.00024683157834039617
7,32,uniform,0.00281579474,0.00031731915787288305
7,32,uniform,0.0025843329999999994,0.00039599115842093706
7,32,uniform,0.00266467962,0.0002935167186690849
7,32,uniform,0.00273038786,0.00021630796934710156
7,32,uniform,0.0027035893799999986,0.00019974378766312383
7,32,uniform,0.002737896920000002,0.00022167911474243324
7,32,uniform,0.0028322648799999997,0.0004805117304651595
7,32,uniform,0.00269344932,0.0003585199603778628
7,32,uniform,0.0023596966600000005,0.0002679822605602635
7,32,uniform,0.00259652322,0.00010210995120054546
7,32,uniform,0.002712395759999999,0.00022854076641570486
7,32,uniform,0.0027370348199999986,0.00021627787822564945
7,32,uniform,0.002853461340000001,0.00023547650773612225
7,32,uniform,0.00275394356,0.000185153988932456
7,32,uniform,0.002749963720000001,0.0003019573346581896
7,32,uniform,0.005724109599999999,0.009736884423628146
7,32,uniform,0.0024962963000000017,0.00012449648326229063
7,32,uniform,0.0026764413200000008,0.0002042855345508122
7,32,uniform,0.002727699640000001,0.00018735050070733435
7,32,uniform,0.002715281760000001,0.0002590024930990262
7,32,uniform,0.0024558920399999997,0.00011834123593687312
7,32,uniform,0.0026961074600000017,0.0005656995142547067
7,32,uniform,0.0026450627,0.000252956013494683
7,32,uniform,0.002768727540000001,0.0003654570986175473
7,32,uniform,0.00255759118,0.00009440339870294216
7,32,uniform,0.0026610965800000002,0.00026582163253641026
7,32,uniform,0.0027779062200000014,0.00018388138535661153
7,32,uniform,0.0024824621200000008,0.00015250447325883772
7,32,uniform,0.002607537519999998,0.00019814077137140555
7,32,uniform,0.00276146274,0.00025060580385850335
7,32,uniform,0.002737477939999999,0.0002900681744873091
7,32,uniform,0.002820200100000001,0.00026723070713016657
7,32,uniform,0.002743721180000001,0.000325130851314701
7,32,uniform,0.0026724749799999993,0.00017791308870419474
7,32,uniform,0.0026819025399999995,0.00019497900569277816
7,32,uniform,0.0028135706599999983,0.00020574543703596998
7,32,uniform,0.0025553393000000016,0.00015134458076635724
7,32,uniform,0.0027070863400000004,0.0001335571458726772
7,32,uniform,0.0026854902600000016,0.00022723392739602572
7,32,uniform,0.0027231973199999997,0.0001576064951820057
7,32,uniform,0.003303993279999999,0.000761779784143751
7,32,uniform,0.0027145599599999993,0.00022492235185463957
7,32,uniform,0.0027968733200000005,0.00018840248810859996
7,32,uniform,0.002723617480000001,0.00018370745910108765
7,32,uniform,0.00265412568,0.0002948072596844703
7,32,uniform,0.0025487545600000002,0.00024741123430704074
7,32,uniform,0.002626615039999999,0.00021283925433948707
7,32,uniform,0.0025568314999999996,0.0001118744088481464
7,32,uniform,0.0026354949799999986,0.0002857591191900386
7,32,uniform,0.0027561743799999995,0.00031281186416339435
7,32,uniform,0.0027300642400000007,0.00012104600464102719
7,32,uniform,0.0027111835400000007,0.00022111495718594984
7,32,uniform,0.002726851360000002,0.00012879925420112762
7,32,uniform,0.0025564909200000005,0.00014299949011599083
7,32,uniform,0.0024764434399999996,0.00020813200935808343
7,32,uniform,0.0028473139799999997,0.00028765835152455116
7,32,uniform,0.002692745099999999,0.00016958954217967306
7,32,uniform,0.002733515140000001,0.00025153115071234775
7,32,uniform,0.0026636934000000027,0.00019341858563276136
7,32,uniform,0.00263860404,0.0002580421898193524
7,32,uniform,0.0025758427800000013,0.0001488613593859514
7,32,uniform,0.0027520531799999992,0.0005070887225042466
7,32,uniform,0.00287253434,0.00030105526155995577
8,32,uniform,0.0028592162000000017,0.00022732118823911787
8,32,uniform,0.0028876840799999994,0.0007077551657502915
8,32,uniform,0.00296472926,0.0004094060774094864
8,32,uniform,0.0026739884200000013,0.00018996493451628856
8,32,uniform,0.002604535080000001,0.00008318391745263423
8,32,uniform,0.00316170674,0.0005166054909137469
8,32,uniform,0.0027882651400000014,0.00032582823201742357
8,32,uniform,0.003015510140000001,0.00048508809914769337
8,32,uniform,0.0027817627799999996,0.0004098317686610226
8,32,uniform,0.0027840873000000007,0.0005543158366755765
8,32,uniform,0.0026271621599999995,0.00045626878333066386
8,32,uniform,0.002777901459999999,0.00025513757358892544
8,32,uniform,0.0026954056799999996,0.00039385508572942565
8,32,uniform,0.0027372197600000004,0.00046832416067369635
8,32,uniform,0.0028055527600000024,0.0005049525681588651
8,32,uniform,0.002847719500000002,0.000288021779473648
8,32,uniform,0.0027387074200000004,0.00024585567280258373
8,32,uniform,0.0031579833600000025,0.00080964163809885
8,32,uniform,0.002863504960000001,0.0006315671269667134
8,32,uniform,0.0027721919600000003,0.0003673209123387129
8,32,uniform,0.00305262904,0.0005864111909526456
8,32,uniform,0.002882987559999999,0.0008345059091996096
8,32,uniform,0.003034504520000001,0.0004139616986142561
8,32,uniform,0.003089927660000001,0.0005875429989994019
8,32,uniform,0.0029030614399999976,0.000470798832426441
8,32,uniform,0.003661359300000001,0.0015557207323095405
8,32,uniform,0.0029767939400000003,0.0005324640398226281
8,32,uniform,0.0029688011800000002,0.0003713159676084359
8,32,uniform,0.0027275870600000007,0.0003550717696092346
8,32,uniform,0.0034681986,0.0014601240572851488
8,32,uniform,0.0027798071400000008,0.0004761740483684626
8,32,uniform,0.00284201964,0.0004487529987398906
8,32,uniform,0.002708233879999999,0.0004055965338374935
8,32,uniform,0.00306683964,0.0004801574184507966
8,32,uniform,0.0025840314999999994,0.0002395184578891574
8,32,uniform,0.002886818719999999,0.00045096200286572535
8,32,uniform,0.002903789900000001,0.0004884545795819939
8,32,uniform,0.0027680719800000017,0.0004966348238202683
8,32,uniform,0.001628559320000001,0.0004617827706124865
8,32,uniform,0.0027609666799999987,0.0003599116002533583
8,32,uniform,0.0030294224800000006,0.00030651810436052
8,32,uniform,0.002674489179999999,0.0005977680323233999
8,32,uniform,0.0025531475399999982,0.0002822539602544724
8,32,uniform,0.002921664080000001,0.0004907011740873574
8,32,uniform,0.0028483950999999993,0.00043439023396865705
8,32,uniform,0.00285972332,0.0006255744266657912
8,32,uniform,0.0029564030999999994,0.00044419253945853496
8,32,uniform,0.002774808700000001,0.0002467482686859447
8,32,uniform,0.0029085916199999996,0.00031484347530260525
8,32,uniform,0.0026787749600000006,0.00043104895691835256
8,32,uniform,0.0028799868400000016,0.0003749886317825886
8,32,uniform,0.0027720477400000007,0.00022733860527425712
8,32,uniform,0.002972261260000001,0.00043526897542152
8,32,uniform,0.00275914008,0.0003046732367412669
8,32,uniform,0.00300321954,0.0003928031393148481
8,32,uniform,0.00296283234,0.00042712959054347105
8,32,uniform,0.0029055930199999983,0.0005646793653549379
8,32,uniform,0.0028208520199999995,0.00031946937248758463
8,32,uniform,0.00269666622,0.000282876912126419
8,32,uniform,0.00287283074,0.0004153580601576859
8,32,uniform,0.002829336160000002,0.00046135475302393696
8,32,uniform,0.002968966040000001,0.00061399541728858
8,32,uniform,0.0028149777200000012,0.0004245307081671872
8,32,uniform,0.003067180580000003,0.0005802705296943261
8,32,uniform,0.002947128040000001,0.0005459884344662743
8,32,uniform,0.0026966562200000004,0.0005434995369332181
8,32,uniform,0.002854775160000001,0.00032068289694381553
8,32,uniform,0.0029422657800000007,0.00043690427446605655
8,32,uniform,0.002817064,0.00039974252540487474
8,32,uniform,0.003002618960000001,0.0006181791720803931
8,32,uniform,0.002799948279999999,0.0005157505475539831
8,32,uniform,0.0028909857,0.00043311955270265094
8,32,uniform,0.0031557693000000006,0.0007120737682073865
8,32,uniform,0.0029291226599999997,0.000415272065580961
8,32,uniform,0.003518142399999999,0.0012780059407270592
8,32,uniform,0.0029290169000000025,0.00045145480478560773
8,32,uniform,0.0028547516,0.00047993343896975273
8,32,uniform,0.0027910361199999993,0.000380698128155352
8,32,uniform,0.0028254038400000007,0.0003802097994547656
8,32,uniform,0.002685686300000001,0.00032503674069413554
8,32,uniform,0.0028528365200000006,0.0004631436150487235
8,32,uniform,0.00295441376,0.0004841760376270531
8,32,uniform,0.0028990310600000005,0.0004071334975226049
8,32,uniform,0.00334063562,0.0009613767930283921
8,32,uniform,0.002783923639999999,0.0003408639503903771
8,32,uniform,0.00299487574,0.0004995752156370898
8,32,uniform,0.0027440802000000017,0.0004401046942851084
8,32,uniform,0.0029429790800000006,0.0002949302985901734
8,32,uniform,0.002833289860000002,0.000609525937171759
8,32,uniform,0.0027705168800000015,0.00023725369041712369
8,32,uniform,0.0027980552000000007,0.000392494050599723
8,32,uniform,0.0028451669599999997,0.0004229184681803864
8,32,uniform,0.0026376289799999995,0.00035027268320979413
8,32,uniform,0.002815401619999999,0.0003997978480305181
8,32,uniform,0.0030715939799999988,0.000536779668805295
8,32,uniform,0.002954566940000001,0.00047616057026200027
8,32,uniform,0.0029047854600000003,0.0004542498512539351
8,32,uniform,0.0026629419199999996,0.0003758652058208722
8,32,uniform,0.0029617314999999997,0.00041631927828799037
8,32,uniform,0.0026944149400000015,0.0005014655338117691
9,32,uniform,0.0029425840399999992,0.0005329495652970049
9,32,uniform,0.00281638504,0.0003764571381773466
9,32,uniform,0.0029143466000000006,0.0003816783088231501
9,32,uniform,0.0030530568400000003,0.0005577503374425992
9,32,uniform,0.00281183662,0.00040430625564039395
9,32,uniform,0.0030355381800000005,0.0004817199263944884
9,32,uniform,0.0030747994000000023,0.00044035311460565357
9,32,uniform,0.0029381128200000016,0.00027756649677888016
9,32,uniform,0.002946339820000002,0.0005745388754873482
9,32,uniform,0.0028859078399999993,0.0003350560334856776
9,32,uniform,0.002615588080000001,0.0002252494111400367
9,32,uniform,0.0030723226199999994,0.00045472732829521034
9,32,uniform,0.002789847000000001,0.00041276785245112176
9,32,uniform,0.00306742868,0.0005856237528368459
9,32,uniform,0.0028190687999999995,0.0004993967822440723
9,32,uniform,0.003043112079999999,0.0005248942495138533
9,32,uniform,0.0028854144000000003,0.00044835807945322996
9,32,uniform,0.0029833046999999994,0.00038609572547410823
9,32,uniform,0.0033942268799999993,0.000990386896659886
9,32,uniform,0.0029743206799999994,0.0005203842297519205
9,32,uniform,0.0030931978800000015,0.00044833815071567974
9,32,uniform,0.002731948319999999,0.00030180979723117365
9,32,uniform,0.0031288459799999994,0.0007635770077443544
9,32,uniform,0.0028121414200000003,0.00036398945981658173
9,32,uniform,0.002962461480000001,0.0005176260318116416
9,32,uniform,0.00290100654,0.0004562179016824698
9,32,uniform,0.0031832395000000015,0.0008157227198807202
9,32,uniform,0.0026233885200000013,0.0002828895782994765
9,32,uniform,0.0031735354399999986,0.000558310545463962
9,32,uniform,0.00294908484,0.0003954111378041989
9,32,uniform,0.0027745650600000003,0.00026926981188053306
9,32,uniform,0.0028545227000000006,0.00040110895109688637
9,32,uniform,0.0028339699999999986,0.0002753426558141089
9,32,uniform,0.0030007386400000007,0.00044946198602719605
9,32,uniform,0.0028513747799999998,0.00034971399947951134
9,32,uniform,0.0026953365800000007,0.0005716282536915444
9,32,uniform,0.0029431734800000006,0.00038923526640867657
9,32,uniform,0.0030358289999999994,0.00041576150859217907
9,32,uniform,0.0030944317599999995,0.00041623652537390877
9,32,uniform,0.0028985853600000007,0.0005743785892777226
9,32,uniform,0.0029268958799999988,0.0003375467951579126
9,32,uniform,0.0029654766,0.0005030985396977529
9,32,uniform,0.0029152708200000017,0.00044296925980774577
9,32,uniform,0.002779538900000001,0.0004673525251868704
9,32,uniform,0.002784270260000001,0.0003398443368663073
9,32,uniform,0.0031607093600000006,0.0005487694239257705
9,32,uniform,0.002956178379999999,0.00030953821689752624
9,32,uniform,0.0028989103000000003,0.0005146751335817467
9,32,uniform,0.0029723944399999993,0.00038673367758855286
9,32,uniform,0.00307479168,0.00044869697908865943
9,32,uniform,0.002979502700000001,0.0006494977433836428
9,32,uniform,0.0029542718799999996,0.0003419987444620389
9,32,uniform,0.0029213252400000006,0.000421574047088198
9,32,uniform,0.002874924239999999,0.000327934893805056
9,32,uniform,0.00299449754,0.0003734468814806344
9,32,uniform,0.0026304161000000013,0.0002512608939094539
9,32,uniform,0.0032978982800000015,0.0005022228826407211
9,32,uniform,0.00279911258,0.0003304239900477363
9,32,uniform,0.003861652780000001,0.0017002647894149674
9,32,uniform,0.002832545620000001,0.00034722180551086085
9,32,uniform,0.002960940500000001,0.00037270753580416255
9,32,uniform,0.002953888520000001,0.0005426272668907982
9,32,uniform,0.00337196466,0.0017995508503922894
9,32,uniform,0.002929417740000001,0.0004625825123031204
9,32,uniform,0.0028893994999999993,0.0004751843541681832
9,32,uniform,0.00298243322,0.0004657761924981783
9,32,uniform,0.003403584780000002,0.0014407049417262873
9,32,uniform,0.0019462490800000003,0.0004869394893880667
9,32,uniform,0.0028609687000000004,0.0004024460019105949
9,32,uniform,0.0029759543800000005,0.000511469114136317
9,32,uniform,0.0028106215399999997,0.0003928142081736181
9,32,uniform,0.0027586266600000014,0.0003899469045570892
9,32,uniform,0.0029346940399999997,0.0005157469757309294
9,32,uniform,0.0028149288000000015,0.0003880437866933175
9,32,uniform,0.00273794766,0.0003986201562210987
9,32,uniform,0.00276921896,0.00040102205144745113
9,32,uniform,0.0031431413800000014,0.000755615124929565
9,32,uniform,0.0029115085399999997,0.0005278261466718522
9,32,uniform,0.0034213287599999995,0.0011187847753501166
9,32,uniform,0.0028399836800000007,0.000429643470151564
9,32,uniform,0.0030270017800000004,0.0005205796255111111
9,32,uniform,0.002817128680000002,0.00038569151841607837
9,32,uniform,0.00321891028,0.0007032927301166279
9,32,uniform,0.00294489556,0.00047258594160273565
9,32,uniform,0.00294519466,0.00037466636766626577
9,32,uniform,0.0028619926600000007,0.0004987346731049153
9,32,uniform,0.00293297122,0.00039482037740550105
9,32,uniform,0.0026711813800000006,0.0004301342619240985
9,32,uniform,0.0028385607,0.00047155114768172905
9,32,uniform,0.002950564500000001,0.0005054567263592623
9,32,uniform,0.0029056293400000002,0.0004198583495409956
9,32,uniform,0.0028694896400000003,0.0005952267415921899
9,32,uniform,0.002834531580000001,0.00042897484883516805
9,32,uniform,0.0029426294000000006,0.00039889974108240674
9,32,uniform,0.00271849898,0.0003666276811490403
9,32,uniform,0.003295069560000001,0.001171883167011949
9,32,uniform,0.00291849652,0.0003560225984471585
9,32,uniform,0.00285037836,0.0006314193236954788
9,32,uniform,0.002858629500000001,0.00031037483707392697
9,32,uniform,0.003039934579999999,0.0006839056494201277
10,32,uniform,0.0028199692000000004,0.0003975026445872057
10,32,uniform,0.0030972669999999995,0.0004590354442862408
10,32,uniform,0.0031307151000000014,0.0006120423978611012
10,32,uniform,0.00311958782,0.0007617904273356145
10,32,uniform,0.002948307960000001,0.00040112999890260046
10,32,uniform,0.00316863038,0.00047051308215200334
10,32,uniform,0.00304051928,0.0003976678700356759
10,32,uniform,0.002869170979999999,0.0003010647922774542
10,32,uniform,0.0030176308200000022,0.0004459006340216769
10,32,uniform,0.0029986512999999985,0.0003652515644715905
10,32,uniform,0.0030364640600000006,0.00033416216203881546
10,32,uniform,0.0030546745400000007,0.0005359851085370856
10,32,uniform,0.0037255999199999994,0.0013179380340276035
10,32,uniform,0.0029257019600000007,0.00040529436161306826
10,32,uniform,0.0030099398800000005,0.0005516251777954142
10,32,uniform,0.002737653280000001,0.0003777437009219786
10,32,uniform,0.0029912648400000014,0.00031453439113360705
10,32,uniform,0.0030109346800000015,0.0005328937010946931
10,32,uniform,0.00313549874,0.0004537014794799794
10,32,uniform,0.0034507933400000023,0.0005175812688772115
10,32,uniform,0.0029234887200000007,0.0005072439513777808
10,32,uniform,0.003110689839999999,0.00047023375061161515
10,32,uniform,0.00297204998,0.0005218252673826641
10,32,uniform,0.003030767980000002,0.0004925597635337261
10,32,uniform,0.00294326188,0.0003944409885106885
10,32,uniform,0.0030805989600000004,0.0004307738290441721
10,32,uniform,0.0029737389800000005,0.0003384915724124703
10,32,uniform,0.002964916,0.00036638100748690854
10,32,uniform,0.0027830428,0.0004311016414799671
10,32,uniform,0.0030110774999999993,0.0005823717523853642
10,32,uniform,0.0029277398600000004,0.0005046893249342828
10,32,uniform,0.01320089398,0.01767011147236226
10,32,uniform,0.002961786600000001,0.00041710982305736253
10,32,uniform,0.0031319985399999987,0.0008480721787370656
10,32,uniform,0.003071464979999998,0.0004716137850052616
10,32,uniform,0.0029311820799999997,0.0003146329229188973
10,32,uniform,0.0029878068000000002,0.0004431403370082415
10,32,uniform,0.0031157416799999994,0.0007011771203267089
10,32,uniform,0.003164059460000001,0.0006891858281536183
10,32,uniform,0.0030967940799999983,0.0005619874189683233
10,32,uniform,0.002827629300000001,0.00023583183025725939
10,32,uniform,0.0028944353,0.0003386093089381266
10,32,uniform,0.003100626960000001,0.00045850086164175673
10,32,uniform,0.00294044768,0.00040453499789670696
10,32,uniform,0.003715574760000001,0.0016781076468482421
10,32,uniform,0.002962163720000001,0.0004638426112553455
10,32,uniform,0.00300094716,0.0003865460807963119
10,32,uniform,0.0027228160399999984,0.00024141346535665973
10,32,uniform,0.0031357991000000008,0.0005832591972624938
10,32,uniform,0.0027461222400000014,0.0003156558752433662
10,32,uniform,0.0031139581599999994,0.0007167101783938809
10,32,uniform,0.002821908200000002,0.0004988357102380277
10,32,uniform,0.0031576556200000007,0.0005037795990119864
10,32,uniform,0.003017715840000001,0.0005701353722678405
10,32,uniform,0.0031612106200000004,0.0005653879650773148
10,32,uniform,0.002072231900000001,0.0005129992651374532
10,32,uniform,0.002950544599999999,0.0005668040605586145
10,32,uniform,0.0032742503600000005,0.0009021582194069027
10,32,uniform,0.0034259711199999994,0.0007872746920915145
10,32,uniform,0.0029949772000000003,0.00047428604199861404
10,32,uniform,0.0030125898200000015,0.00044753494571505583
10,32,uniform,0.003177256400000001,0.00062149726560304
10,32,uniform,0.00369168134,0.0014657940907003275
10,32,uniform,0.0029473143600000015,0.0003687866249331719
10,32,uniform,0.0032174298200000006,0.0005688249460205566
10,32,uniform,0.0031177328400000008,0.000515749551525458
10,32,uniform,0.0027914165,0.0003109438137663567
10,32,uniform,0.0029439997,0.0005135886269950559
10,32,uniform,0.0028323472600000005,0.0004325572661836555
10,32,uniform,0.003106954740000001,0.0004424912146292349
10,32,uniform,0.0029324159799999994,0.0004243423520477043
10,32,uniform,0.0034245391599999992,0.0010114219571750402
10,32,uniform,0.0033506967,0.0009714518897726457
10,32,uniform,0.003009183280000002,0.0002725246216522055
10,32,uniform,0.0031388484800000003,0.0004956188156770841
10,32,uniform,0.0029130257399999984,0.00040654580176730675
10,32,uniform,0.002978083459999999,0.0004956599756526759
10,32,uniform,0.00292365466,0.00044130445199870556
10,32,uniform,0.0030455682200000015,0.0005824221864522526
10,32,uniform,0.0029090413600000023,0.0003831539449656843
10,32,uniform,0.0030255912799999995,0.0006109281781302939
10,32,uniform,0.002950399860000001,0.0003515606056827345
10,32,uniform,0.00295733528,0.00047566865013573827
10,32,uniform,0.0028875674799999996,0.0003575570829470603
10,32,uniform,0.00395735406,0.0013712287934695006
10,32,uniform,0.002875991340000001,0.00038288909739482314
10,32,uniform,0.003291091420000001,0.0005736503005093302
10,32,uniform,0.0029370599599999997,0.0004563169671043731
10,32,uniform,0.0029822650200000012,0.00046015027929801835
10,32,uniform,0.0035394825200000006,0.0008513061140601932
10,32,uniform,0.0033893666199999993,0.000942791863240356
10,32,uniform,0.0028567599199999993,0.00028370271930581
10,32,uniform,0.0029945838799999985,0.0004805226282256643
10,32,uniform,0.0035310122400000004,0.001597270596600022
10,32,uniform,0.003096049560000001,0.0006157506320638159
10,32,uniform,0.0028875950400000018,0.0005011864772750095
10,32,uniform,0.0030702031000000005,0.000544175523962311
10,32,uniform,0.0029828275399999995,0.0007099493929302991
10,32,uniform,0.0030614130799999995,0.0005300221190773917
10,32,uniform,0.0031202928399999994,0.0005510243056701664
11,32,uniform,0.00317908828,0.0006796315788337828
11,32,uniform,0.0029554577600000007,0.0004793811151720635
11,32,uniform,0.00289645438,0.00029824162166719405
11,32,uniform,0.00294748946,0.0003538711692246989
11,32,uniform,0.0031926462400000016,0.000609519926640713
11,32,uniform,0.003016264719999999,0.00039114364028065173
11,32,uniform,0.0030154690399999996,0.0005056245650535583
11,32,uniform,0.003164402740000001,0.0007012847469880154
11,32,uniform,0.0031466907000000004,0.00048564073710026545
11,32,uniform,0.0030518234600000007,0.0005724101013906414
12,32,uniform,0.004182567639999999,0.0017102266268662926
12,32,uniform,0.002968901520000001,0.00020387347507840335
12,32,uniform,0.00321181264,0.0005974684677747901
12,32,uniform,0.00352593734,0.0009690756737159443
12,32,uniform,0.0036444210200000013,0.00047475889973619466
12,32,uniform,0.00295405228,0.0003765752295400097
12,32,uniform,0.00321536454,0.00046662036307454705
12,32,uniform,0.0031743085999999996,0.0005317149146089995
12,32,uniform,0.00327031308,0.0004970303021989259
12,32,uniform,0.0029941086399999997,0.0005001633345018514
13,32,uniform,0.004082863620000001,0.001211125171323615
13,32,uniform,0.00336656548,0.0005554822370273419
13,32,uniform,0.003319414199999999,0.0009219109227451002
13,32,uniform,0.0031360513600000015,0.0006218930064054787
13,32,uniform,0.0032170734,0.00036147149893918937
13,32,uniform,0.003419640119999999,0.0005617603902468364
13,32,uniform,0.0030905419000000016,0.0003799766375950121
13,32,uniform,0.0038911838400000004,0.0014513905442702603
13,32,uniform,0.003428302280000001,0.0005116895640931892
13,32,uniform,0.0036555285999999992,0.0006296860418873308
14,32,uniform,0.00365420478,0.0005756807940307526
14,32,uniform,0.0031258673600000004,0.00034086214113013806
14,32,uniform,0.0035708931,0.000491359691206633
14,32,uniform,0.0031839157000000022,0.0005104705206289696
14,32,uniform,0.0032683326200000002,0.0005822232344140484
14,32,uniform,0.0032972289200000012,0.0003907399699317096
14,32,uniform,0.003457943720000003,0.0006253354643455252
14,32,uniform,0.0035635023600000004,0.0006625824856367863
14,32,uniform,0.00329668298,0.0005948455715610473
14,32,uniform,0.0041890455,0.0009133959283129695
15,32,uniform,0.004102716619999998,0.0018122415862704675
15,32,uniform,0.003488198760000002,0.000556809794086674
15,32,uniform,0.004961015139999999,0.0007920033924282634
15,32,uniform,0.0037363500800000012,0.0004752963252472201
15,32,uniform,0.003531051920000001,0.0006665650100616594
15,32,uniform,0.003668408580000001,0.0005836424215809996
15,32,uniform,0.003401835379999999,0.0006038932226398968
15,32,uniform,0.004303965740000001,0.0006433043134099045
15,32,uniform,0.004103599519999999,0.0016410302323167504
15,32,uniform,0.0037611519600000004,0.0005321918701455228
16,32,uniform,0.00384187884,0.0007058842125468596
16,32,uniform,0.0032489417999999994,0.00039806631364803206
16,32,uniform,0.0042664507599999985,0.0016276663013932316
16,32,uniform,0.0038334978800000008,0.0006430856078690199
16,32,uniform,0.0035171881999999993,0.00036838348769619307
16,32,uniform,0.0036450690200000016,0.0005387823508412381
16,32,uniform,0.003730186780000002,0.0004410660238967001
16,32,uniform,0.003794953479999999,0.0005810000686117383
16,32,uniform,0.0036675189800000007,0.0008331010316367599
16,32,uniform,0.0038375338799999984,0.00027424080745434495
17,32,uniform,0.004038788280000002,0.0006593055204519375
17,32,uniform,0.004013460580000003,0.0008869528161746264
17,32,uniform,0.0038407784000000006,0.0005710207348372739
17,32,uniform,0.005424230180000001,0.00041185666128663965
17,32,uniform,0.007476952120000001,0.000503439764246473
17,32,uniform,0.00450857304,0.0006750465072789516
17,32,uniform,0.0037404409199999987,0.00027910340275566107
17,32,uniform,0.0041849997799999995,0.0006449035826245311
17,32,uniform,0.005651160139999999,0.00033142375404648775
17,32,uniform,0.0060314954000000014,0.0006590568434543495
18,32,uniform,0.005528441280000003,0.0006483148853579651
18,32,uniform,0.00416798322,0.0007435780040210683
18,32,uniform,0.00521653044,0.0005700181341136435
18,32,uniform,0.0051891384599999976,0.0004667357029067122
18,32,uniform,0.004181288680000001,0.00047109575084157656
18,32,uniform,0.004418618340000001,0.0005972936821347138
18,32,uniform,0.004131092520000001,0.0007747861354266669
18,32,uniform,0.0038007884200000007,0.0006732420619927374
18,32,uniform,0.004095419559999998,0.0005966023191235237
18,32,uniform,0.00416499274,0.0006648630109358034
19,32,uniform,0.003936204379999998,0.00044863578683079774
19,32,uniform,0.004123630240000001,0.000491398871420673
19,32,uniform,0.006842713880000001,0.0010177856537240046
19,32,uniform,0.0040966130400000005,0.00027837441225173667
19,32,uniform,0.0071461858399999995,0.0004859224679972107
19,32,uniform,0.004700631499999999,0.0006591375345472211
19,32,uniform,0.0047614875,0.0004125744071787538
19,32,uniform,0.004561687900000002,0.0006160426069743339
19,32,uniform,0.009811925119999999,0.0004571884702770478
19,32,uniform,0.0068592737,0.0005784738578457497
20,32,uniform,0.0041878885999999975,0.00030763213125797217
20,32,uniform,0.0071618190799999995,0.00209314956746287
20,32,uniform,0.0042842954400000004,0.00046236515697299966
20,32,uniform,0.004205943199999999,0.00047897546142411574
20,32,uniform,0.0047148838400000006,0.0006971690485379345
20,32,uniform,0.009707853859999999,0.0006327521957726505
20,32,uniform,0.0050753512000000015,0.0007576191857722303
20,32,uniform,0.005403400219999998,0.000378039247332881
20,32,uniform,0.008665575160000001,0.0005287596417214857
20,32,uniform,0.00879538284,0.0007335358494955557
