1,8,uniform,0.0007916003980711826,0.00021659318586370995
1,8,uniform,0.0008353400451441737,0.00082459834242463
1,8,uniform,0.0008757768442402831,0.0003114820643485567
1,8,uniform,0.000807063862937064,0.0011131538478650112
1,8,uniform,0.0008181695277375564,0.0002469601243986377
1,8,uniform,0.000860110784181092,0.00038222709545013706
1,8,uniform,0.0008919325311491455,0.000378276890576652
1,8,uniform,0.000816749571136079,0.000181813199427298
1,8,uniform,0.0007808948569197393,0.00018557469803612758
1,8,uniform,0.0008429987486448594,0.000273169434427471
1,8,intrel,0.0007872041581395345,0.0001682865708859925
1,8,intrel,0.0008196297135498837,0.0002454536216610513
1,8,intrel,0.0007969123140825692,0.00017140832232730545
1,8,intrel,0.0007363534629975425,0.0002493833339260134
1,8,intrel,0.0008531676468181826,0.0003010621074572446
1,8,intrel,0.0007723290922334466,0.00020619166686705983
1,8,intrel,0.0007013742508962266,0.0002914777507455589
1,8,intrel,0.000794620502387733,0.00018411885748249564
1,8,intrel,0.0008029076465051913,0.00024253217562309961
1,8,intrel,0.0006747014534328353,0.00023599920463396806
2,8,uniform,0.0007552491100242134,0.0001789695495139794
2,8,uniform,0.000677404448633615,0.00022456250608447032
2,8,uniform,0.0007661319361240308,0.00018156234672830036
2,8,uniform,0.0008207131470093457,0.00028078276117184304
2,8,uniform,0.0007793816490035161,0.00019090538423035562
2,8,uniform,0.0008220718719908469,0.0010073168070413995
2,8,uniform,0.0007850421112195125,0.00028697713642599214
2,8,uniform,0.0005834920106818185,0.00018134015064727983
2,8,uniform,0.0008443437430555552,0.00024195505361233055
2,8,uniform,0.0007816458369401323,0.0001698053169035553
2,8,uniform,0.00039728899387045743,0.0002474794083263008
2,8,uniform,0.0007781282856723719,0.0001767184106085452
2,8,uniform,0.0005464209057819897,0.00020336601861504084
2,8,uniform,0.0007598372451157664,0.0002450975277973205
2,8,uniform,0.0007717361125714295,0.00020534903042971015
2,8,uniform,0.0007855368635322191,0.00021497362530330878
2,8,uniform,0.0007687258698716446,0.000206453510605151
2,8,uniform,0.0008255373215489748,0.0002851651830367285
2,8,uniform,0.0008303929249773764,0.00021267668661358803
2,8,uniform,0.0007731140847280777,0.00019989467048600395
2,8,uniform,0.0008158281959819399,0.0002469003895551917
2,8,uniform,0.0007488547076023388,0.0002020115955332018
2,8,uniform,0.0007720010792961867,0.00024962912248022336
2,8,uniform,0.0005697459485039372,0.00021515412587815543
2,8,uniform,0.0005497780917726658,0.00025067065718026603
2,8,uniform,0.0007974391039170503,0.00019594349665740026
2,8,uniform,0.0007799908740065147,0.00020409683659389704
2,8,uniform,0.0008117513196460194,0.0002596213740455732
2,8,uniform,0.0006828945377969772,0.0002286446992158753
2,8,uniform,0.0007778575245564065,0.00019223239299908523
2,8,uniform,0.0007326974110795457,0.0002389731171787484
2,8,uniform,0.000766124876612529,0.00018226740508773105
2,8,uniform,0.0007673126385981305,0.00018438484753201972
2,8,uniform,0.0007780748998665184,0.00018534638866349743
2,8,uniform,0.0007795481229050286,0.00026972841369592745
2,8,uniform,0.000798884646944759,0.00022487012435182645
2,8,uniform,0.0007971051094314373,0.00021786985578396267
2,8,uniform,0.0007444633991081389,0.0002263945417455501
2,8,uniform,0.0008069826200000006,0.00025897987104418107
2,8,uniform,0.0007023926826248219,0.0002431392000262501
2,8,uniform,0.0007254775212560392,0.00020811620784656531
2,8,uniform,0.0007615333437153194,0.0002505017216974039
2,8,uniform,0.0007369816653871314,0.0002155872530307721
2,8,uniform,0.0008090104277172649,0.0002434506792394278
2,8,uniform,0.0007034501139540521,0.0002409283819518486
2,8,uniform,0.0006786306590829705,0.0002544596774109783
2,8,uniform,0.0007774825554272503,0.00017602834191219132
2,8,uniform,0.0008520272363417303,0.0003031926154580236
2,8,uniform,0.0007837969904608282,0.00018475417194325274
2,8,uniform,0.0007709057358620682,0.00023282955258256533
2,8,uniform,0.0006135147520270257,0.00023646619040878236
2,8,uniform,0.0008108817993865032,0.00025885579137060165
2,8,uniform,0.0008008521440422732,0.0002301617256445012
2,8,uniform,0.0007154448323076918,0.00019034289418917475
2,8,uniform,0.0007803158618708247,0.0002474475181470766
2,8,uniform,0.000741678741730559,0.0001892247718465263
2,8,uniform,0.0007846150326872251,0.00025504969745202737
2,8,uniform,0.0007626751809049774,0.00020945981515408068
2,8,uniform,0.0008092622022732775,0.00023680234095843866
2,8,uniform,0.0007956619705055483,0.00020780404206275418
2,8,uniform,0.0007593827534272299,0.00018700043754687066
2,8,uniform,0.0008447189787370829,0.00027749211661933746
2,8,uniform,0.0007352902907692304,0.0001613559620040083
2,8,uniform,0.0006010474108419838,0.0002004107027759123
2,8,uniform,0.0008108473674720352,0.00023982203637467397
2,8,uniform,0.0007828704003682398,0.0001928302301095636
2,8,uniform,0.0007913732066591162,0.00024022438543106343
2,8,uniform,0.0007166982886202965,0.00015641036965852433
2,8,uniform,0.0005699589618058685,0.0002907024174987683
2,8,uniform,0.0007642864136293003,0.00019516616829357394
2,8,uniform,0.0007631031692220974,0.000193267673128353
2,8,uniform,0.0008161895946406818,0.000322650894393729
2,8,uniform,0.0007533680687610628,0.00016091725540788983
2,8,uniform,0.000629282641012657,0.00020590598145042626
2,8,uniform,0.0007915739351769905,0.00019233116423478415
2,8,uniform,0.000398296093778801,0.0002027983193039291
2,8,uniform,0.0007799520048774795,0.00023964292045714595
2,8,uniform,0.0006898128102882488,0.00022561719661393618
2,8,uniform,0.0007558464723486685,0.00025996199185141834
2,8,uniform,0.000760502967180068,0.00019022794423178806
2,8,uniform,0.0007648849178718793,0.00022473886868208933
2,8,uniform,0.0008168102802239649,0.0002421012392022913
2,8,uniform,0.0007559275621634067,0.0002210847645127753
2,8,uniform,0.000805095779378596,0.00019764478342805796
2,8,uniform,0.0007722515757126816,0.00018345303362232986
2,8,uniform,0.0006079520995230997,0.0002788126161919177
2,8,uniform,0.000803185126040268,0.0001825221251936814
2,8,uniform,0.0008251316456896545,0.00019185775333069668
2,8,uniform,0.0008080907586605091,0.0002573257523442892
2,8,uniform,0.0008071573480803556,0.00022584582415587816
2,8,uniform,0.0007727462691309133,0.00019514132808588053
2,8,uniform,0.0008024172706818179,0.00023466719168034966
2,8,uniform,0.0007947673385321106,0.0002062768365908414
2,8,uniform,0.0007579195137117915,0.00019408780890601304
2,8,uniform,0.0007881327002150539,0.0002127997796646503
2,8,uniform,0.0008129239144993968,0.00024118797974780756
2,8,uniform,0.0006789330696601943,0.00019802478456861771
2,8,uniform,0.0006640869490909104,0.0001828542508644395
2,8,uniform,0.0008428212857142856,0.0003255064700793316
2,8,uniform,0.000769375425930372,0.00022848678730794268
2,8,intrel,0.0007756650846085011,0.000162658288402369
2,8,intrel,0.0008284070332725203,0.0003100866008514816
2,8,intrel,0.00021750746913849517,0.00017169890007620464
2,8,intrel,0.0007865334265638762,0.00020619081823165117
2,8,intrel,0.0007824051306601455,0.00025466015617693383
2,8,intrel,0.0007709302304545445,0.0003467018070814455
2,8,intrel,0.0007996522974279385,0.0001978040800270876
2,8,intrel,0.0007096064752752276,0.0001761628445186454
2,8,intrel,0.0007812403548148158,0.00032653366623791347
2,8,intrel,0.0008116195660089693,0.0001891036880107356
2,8,intrel,0.0006679576863656884,0.00016543135163294112
2,8,intrel,0.0007535669796449703,0.0002643946686063659
2,8,intrel,0.0008403627905940593,0.0002865943730709251
2,8,intrel,0.0008026410618657557,0.0002145359702122838
2,8,intrel,0.0007607590750055732,0.00017001660058021435
2,8,intrel,0.00082042467283582,0.0002749217085439194
2,8,intrel,0.0007663301218859658,0.00020810661419302782
2,8,intrel,0.0007755974509371305,0.00016823692521440188
2,8,intrel,0.0008514457987973273,0.0002627147550086663
2,8,intrel,0.0007104710582407407,0.00015074064465270634
2,8,intrel,0.0007864607086956527,0.00020298789117925036
2,8,intrel,0.0006740207792508519,0.00019642588059011132
2,8,intrel,0.0006628314741228061,0.00031482640982615466
2,8,intrel,0.000619109392424242,0.0002641279528827607
2,8,intrel,0.0007759002848165122,0.00018414818850826976
2,8,intrel,0.000681245783826473,0.00024998058357691375
2,8,intrel,0.0007619478346724895,0.0001945283037445849
2,8,intrel,0.000652840507667032,0.00016803899699696046
2,8,intrel,0.0008442915841121494,0.00027958456524201605
2,8,intrel,0.0007798555997327382,0.00018421691803475175
2,8,intrel,0.0007240444194475141,0.00017644162434517045
2,8,intrel,0.0007895925311312226,0.00019968581986125507
2,8,intrel,0.0007890495639467835,0.00026047256433615445
2,8,intrel,0.0008096034928506773,0.00020457650952510954
2,8,intrel,0.0007623221569330445,0.00019862292636859058
2,8,intrel,0.0007274372112408766,0.00022066600578124373
2,8,intrel,0.000793442391335578,0.00019364977161450653
2,8,intrel,0.0007137463613363035,0.0001842700851692386
2,8,intrel,0.0008040419106840387,0.0002609526538680422
2,8,intrel,0.0007725690172462086,0.0001928998293120584
2,8,intrel,0.0007735205388571437,0.0001719239258557827
2,8,intrel,0.0007295110544558993,0.0002182068118727872
2,8,intrel,0.0007440549632250854,0.0002288820012265316
2,8,intrel,0.0007128525041331791,0.00019813003726883862
2,8,intrel,0.0008131707352272717,0.00024495645109585853
2,8,intrel,0.0008067607838633953,0.00025362696786385434
2,8,intrel,0.0007642291525148984,0.00019929047245736256
2,8,intrel,0.0007402817695734591,0.00019841481558385493
2,8,intrel,0.0007930342365484633,0.00022954918780353602
2,8,intrel,0.0007631482046799123,0.00020331962275137722
2,8,intrel,0.0007945920032502971,0.00018119939229661766
2,8,intrel,0.0007071317435320587,0.000212384327701229
2,8,intrel,0.0007954196609638559,0.00025957490766385217
2,8,intrel,0.0007899265967028208,0.00020985643689544858
2,8,intrel,0.0008226611218829502,0.00020352088211545038
2,8,intrel,0.0007889110427695798,0.0002207240711956164
2,8,intrel,0.0006808812380535292,0.00021677119372032823
2,8,intrel,0.0007345378711902111,0.00017948287694301372
2,8,intrel,0.0006983209734693873,0.00020585839469043786
2,8,intrel,0.0007976659355813943,0.0002598406364613293
2,8,intrel,0.0007920534629074877,0.00019638810886606848
2,8,intrel,0.0007816252035164839,0.00022497666580249015
2,8,intrel,0.0007803382670755756,0.00021415688499948698
2,8,intrel,0.0007651665463981586,0.00020195871245037866
2,8,intrel,0.0008009518918644066,0.00023355262582726676
2,8,intrel,0.0008062746612612608,0.000246455339058031
2,8,intrel,0.0007750837002270155,0.00022669094456063778
2,8,intrel,0.0007305128059770096,0.00015400554004541537
2,8,intrel,0.0007917422905396079,0.0002602043590996227
2,8,intrel,0.0005777582135802467,0.000265182611338297
2,8,intrel,0.0005672583779578244,0.00019259061732430246
2,8,intrel,0.0007850406651497006,0.00023585276438191276
2,8,intrel,0.000790801580954448,0.00020950172593776372
2,8,intrel,0.0006923518116666669,0.0002185296131914161
2,8,intrel,0.0007362892266666664,0.0001530020018089907
2,8,intrel,0.0005350835399508591,0.00023195307173648212
2,8,intrel,0.0008189559148401824,0.00021614071035470475
2,8,intrel,0.0007667973469383001,0.00022609845684362013
2,8,intrel,0.0008292015431419286,0.00022958799130526475
2,8,intrel,0.0007919100838596488,0.00023200706996373408
2,8,intrel,0.0008403959284507044,0.00023701177354515493
2,8,intrel,0.0007951857724263027,0.00022166117771097037
2,8,intrel,0.0008305849146998868,0.0002528763662426671
2,8,intrel,0.0007403967552662712,0.00023858048282408975
2,8,intrel,0.0008574283924838006,0.00046652640123218185
2,8,intrel,0.002128705303486235,0.0032850563444904316
2,8,intrel,0.0008584278214475264,0.0003728521049684904
2,8,intrel,0.0007511780250195062,0.00016531109839336026
2,8,intrel,0.0007889101549725572,0.00029161619383221083
2,8,intrel,0.0007792207504785892,0.00019712843678621942
2,8,intrel,0.0008018357432516715,0.0003913435730048869
2,8,intrel,0.0008238773996539798,0.0002179394826491922
2,8,intrel,0.0007806463636303638,0.00021535006169811854
2,8,intrel,0.0007998771416465429,0.00022972879598970826
2,8,intrel,0.0007959536028947383,0.00020688299609395987
2,8,intrel,0.0006675255024441836,0.0002804730734983828
2,8,intrel,0.0007996431208034742,0.00020972541413954814
2,8,intrel,0.0007060575931256951,0.0002512562991829014
2,8,intrel,0.0007693584353191492,0.0001696958901321851
3,8,uniform,0.0006886775122137403,0.00029002342153548505
3,8,uniform,0.0007456423632835813,0.000169983727518032
3,8,uniform,0.0008527710294915274,0.0007452118879484428
3,8,uniform,0.0008509131400212992,0.00022240114763805383
3,8,uniform,0.0007655509619528621,0.00023048651002064924
3,8,uniform,0.0008017521376659045,0.0002458887635409343
3,8,uniform,0.0008504666175056683,0.0002485347717190287
3,8,uniform,0.0008182403809049767,0.00021926398755993387
3,8,uniform,0.0007438507693626887,0.00021161415715457649
3,8,uniform,0.00077859286815534,0.00016621236524210327
3,8,uniform,0.0007345087245390079,0.0002784241104815802
3,8,uniform,0.000778200410737798,0.0001742684165671353
3,8,uniform,0.0007868563033745777,0.00020517140653163635
3,8,uniform,0.0008096695471379715,0.0002422776362848947
3,8,uniform,0.0007842050724563448,0.00019991787366008954
3,8,uniform,0.000806029885645934,0.00024074859740360553
3,8,uniform,0.0007407057980861247,0.00014822778496536226
3,8,uniform,0.0004623521288481675,0.0002910142231222532
3,8,uniform,0.0008041182466666666,0.00017970748645020198
3,8,uniform,0.0008083200549419955,0.00026784988097181163
3,8,uniform,0.0008142184018079102,0.00021946563438325506
3,8,uniform,0.0007699900917467758,0.0010315366024804264
3,8,uniform,0.0007378272615819212,0.00026529199880711126
3,8,uniform,0.0008026698702857143,0.0002474503339367699
3,8,uniform,0.0008333741888235293,0.00028278003947509935
3,8,uniform,0.0008129348459715628,0.00016670165126356361
3,8,uniform,0.0001416099846623091,0.00018327314224655903
3,8,uniform,0.0008119338625080378,0.0002629431907990189
3,8,uniform,0.0007602416224137926,0.00018616775709937857
3,8,uniform,0.0007940643417488784,0.00019703876807815275
3,8,uniform,0.0008435661409589057,0.0002617182730536207
3,8,uniform,0.0007984572669505157,0.0001992146152501801
3,8,uniform,0.0007884377149232592,0.000223304651655688
3,8,uniform,0.0007847783372717018,0.0002305250073010736
3,8,uniform,0.0008026076057142855,0.00024058854552055323
3,8,uniform,0.0007888449777426631,0.00020211396486589402
3,8,uniform,0.0007789100148302302,0.00022056270226261378
3,8,uniform,0.0006035133684890438,0.0002486500933929965
3,8,uniform,0.000760275690611791,0.0001582015081968493
3,8,uniform,0.0007875698002267583,0.000236496607138472
3,8,uniform,0.0008072255541176474,0.00026772460872859515
3,8,uniform,0.0008022857012933021,0.00020426506062873483
3,8,uniform,0.0007858645389195154,0.00022299954722097026
3,8,uniform,0.000840330944716554,0.00026605357195682536
3,8,uniform,0.0007285959165413535,0.00024281804313997085
3,8,uniform,0.0006640004187370836,0.00020696033423022025
3,8,uniform,0.0007783064891467581,0.00021212742229790685
3,8,uniform,0.0007525523458670989,0.0002819821564011244
3,8,uniform,0.0008106953000000011,0.00021903025985156404
3,8,uniform,0.0007856248774999993,0.00021074342251316893
3,8,uniform,0.0008356075314285722,0.0002394486525710277
3,8,uniform,0.0006939038574972794,0.00019180472481178382
3,8,uniform,0.000760218530977621,0.00019173909133234359
3,8,uniform,0.0006848484181839902,0.0002148332170219201
3,8,uniform,0.0008279552226695834,0.00023901876268466263
3,8,uniform,0.0007989613163425934,0.000190859195409149
3,8,uniform,0.0007995581879823581,0.00020210962860486818
3,8,uniform,0.000862955709295154,0.0003024454947413012
3,8,uniform,0.000769091057865788,0.00018913033863404588
3,8,uniform,0.0007878582383617748,0.00020047240303717364
3,8,uniform,0.0008237716843678149,0.00023253578242157409
3,8,uniform,0.0007914606297142857,0.0002166697121799681
3,8,uniform,0.0008096975823059872,0.00021202598327889187
3,8,uniform,0.0007766306698803041,0.000196840660564833
3,8,uniform,0.0007333944806366632,0.00025344113926956645
3,8,uniform,0.0007733302762109798,0.00018118779337786191
3,8,uniform,0.0008010368445933024,0.0002048492600360198
3,8,uniform,0.0007759082954370035,0.00025379661652422683
3,8,uniform,0.0007611449110328644,0.00016634053733907488
3,8,uniform,0.0007876882943964556,0.00022767794358393773
3,8,uniform,0.0008198899061434981,0.0002484902439150292
3,8,uniform,0.0007200228727203079,0.0001979219922305832
3,8,uniform,0.0008126170884210525,0.00027325703785885305
3,8,uniform,0.0007522482312903227,0.00015820384303691745
3,8,uniform,0.0008498647450574711,0.0002691606709098897
3,8,uniform,0.0007399735720046895,0.00017679434513438977
3,8,uniform,0.0008072979045161291,0.00022253495038017105
3,8,uniform,0.0008375671506455265,0.00033879220623388287
3,8,uniform,0.0008210420301315775,0.0001731478428176512
3,8,uniform,0.0008127041831842972,0.0002404561427817627
3,8,uniform,0.0007920319443243261,0.00019896599364263077
3,8,uniform,0.0007801100141860461,0.00022008072790761395
3,8,uniform,0.0007695431288071355,0.0002043139160794333
3,8,uniform,0.0006874430371098273,0.0001586062646643888
3,8,uniform,0.00081557394235294,0.0002776975225662021
3,8,uniform,0.0007525787153457737,0.00014202722540760166
3,8,uniform,0.0007723027405714285,0.00021853661082668694
3,8,uniform,0.0008096414325352102,0.0002481254756695571
3,8,uniform,0.0008031942896700809,0.00021533246151681407
3,8,uniform,0.0008058004395327093,0.00022219281700584619
3,8,uniform,0.0007496993763133655,0.00015852558992948774
3,8,uniform,0.0005729384089437578,0.00025245131955508606
3,8,uniform,0.0007671294227088046,0.00017491873460219126
3,8,uniform,0.0007948999044008721,0.00025203448634661364
3,8,uniform,0.0007981908989988088,0.00025009466304971113
3,8,uniform,0.0007812704914476611,0.00018811762745325446
3,8,uniform,0.0008057389247031962,0.00022210268492548705
3,8,uniform,0.000807270619497718,0.0003025347158634343
3,8,uniform,0.0005747349581789636,0.00021440974200979306
3,8,uniform,0.000769933279237669,0.00020330110009155703
3,8,intrel,0.0008434635391037135,0.00017823224631040156
3,8,intrel,0.0008093688474556223,0.00026560857645114135
3,8,intrel,0.0008004863520390719,0.00019347625998735048
3,8,intrel,0.000807268351201815,0.00020995656727842185
3,8,intrel,0.0008122175132265435,0.0002408666606882823
3,8,intrel,0.0007982090504428906,0.0002050497286014384
3,8,intrel,0.0007702403804519765,0.0002059690788620185
3,8,intrel,0.0007867778072727274,0.00020596660068662625
3,8,intrel,0.0007382623961859354,0.0002417541374954367
3,8,intrel,0.0007875099867439159,0.00022798612492965024
3,8,intrel,0.0007507538294808135,0.00020727334059147763
3,8,intrel,0.0007473839865554237,0.0002485027722683387
3,8,intrel,0.0007455207823329567,0.00016855784435065662
3,8,intrel,0.0008296276769555034,0.00020606967308460145
3,8,intrel,0.0008057193059188539,0.0002180271411434028
3,8,intrel,0.0005976964839210157,0.00024471453525503543
3,8,intrel,0.0007982833999999996,0.00020267443312975783
3,8,intrel,0.0005140628143455503,0.0001605889743196074
3,8,intrel,0.0008208086681051471,0.0002557761468689778
3,8,intrel,0.0007916334817937221,0.0002026638722199322
3,8,intrel,0.0008101971939110071,0.00020295057399448017
3,8,intrel,0.0008448212979064584,0.00024983584833977143
3,8,intrel,0.0007027682515453386,0.00020647378596836305
3,8,intrel,0.0007695599636447512,0.00022875078038909325
3,8,intrel,0.0007307506073993478,0.00015349467528963005
3,8,intrel,0.0007837886061807581,0.00028193967155988744
3,8,intrel,0.0007654082647826089,0.00020298142157120657
3,8,intrel,0.0007639970389814826,0.00019826937240092162
3,8,intrel,0.000878854702600244,0.0002987865308764154
3,8,intrel,0.0007667793908955234,0.00016660486961773486
3,8,intrel,0.0008111920647597257,0.00022292551723195425
3,8,intrel,0.0007414328205714283,0.0001491082998639267
3,8,intrel,0.000821275777712343,0.0002714783417447101
3,8,intrel,0.0007994059325027587,0.00022709753047884447
3,8,intrel,0.0007650160975026922,0.00016489058347478027
3,8,intrel,0.00086742745954181,0.00036529296325493775
3,8,intrel,0.0007645972049624064,0.0001445521266989063
3,8,intrel,0.0005647759679911709,0.0001955592968414566
3,8,intrel,0.0008207845469022379,0.00029621513746612915
3,8,intrel,0.0006479788624830701,0.00017133247762318046
3,8,intrel,0.0007833934049164672,0.00021710162942281132
3,8,intrel,0.0007752217485875703,0.00017721933654249642
3,8,intrel,0.0007450135245814994,0.000292825224895174
3,8,intrel,0.0007110010423476301,0.00019969821990638886
3,8,intrel,0.0007680485529437705,0.00017184560635913744
3,8,intrel,0.000742449238660613,0.0002817978881839136
3,8,intrel,0.0008138384018060198,0.00019773802707848416
3,8,intrel,0.0007532778227860712,0.00019856540881642472
3,8,intrel,0.0008517886292307683,0.0002462054930089373
3,8,intrel,0.0007189829043119261,0.00019445101777890644
3,8,intrel,0.0007875454503614462,0.00020999581991656721
3,8,intrel,0.000706713434252873,0.00019599825053537756
3,8,intrel,0.0008578800763873769,0.00028591658325346835
3,8,intrel,0.0008441813138111482,0.00022362413104476742
3,8,intrel,0.0007653341063157892,0.00017134650605467
3,8,intrel,0.000780210002702703,0.00024046390203804629
3,8,intrel,0.0006858173612903227,0.00016789886226773146
3,8,intrel,0.0007597426219047624,0.0002516538647352085
3,8,intrel,0.0008089619331050229,0.00022446006608525928
3,8,intrel,0.0004069418339181278,0.0001870131135676195
3,8,intrel,0.0008359620041530059,0.00022432603764660985
3,8,intrel,0.0008431407728236756,0.000519808015489967
3,8,intrel,0.0008113769705286825,0.0002413129410251567
3,8,intrel,0.0007131386301128666,0.00019466869691709706
3,8,intrel,0.0008228216071782174,0.00024499525922429965
3,8,intrel,0.0007899429016073484,0.0002417487314026857
3,8,intrel,0.0008299078315789467,0.00020330752718684272
3,8,intrel,0.0007990360688438622,0.00019088761135675983
3,8,intrel,0.0007835784084315905,0.00023787157513858778
3,8,intrel,0.0008059911737783077,0.0002747675973097172
3,8,intrel,0.0007555567869291349,0.0002589630731679395
3,8,intrel,0.0007903488123762362,0.00028547542678765853
3,8,intrel,0.0008543070827450971,0.0003212747771690788
3,8,intrel,0.0008189185656179772,0.00019395630058937981
3,8,intrel,0.0007467298623529392,0.00023614402740457346
3,8,intrel,0.0008241257837946445,0.0002815222428400954
3,8,intrel,0.0008051655893606135,0.00018818234734123797
3,8,intrel,0.000638521652557078,0.00020044986981180915
3,8,intrel,0.0007889999184598459,0.0002074166464648356
3,8,intrel,0.0007867352117836578,0.00025258740862063903
3,8,intrel,0.0008309370088248342,0.00023744253173016365
3,8,intrel,0.0008375429768434038,0.00021800360128863502
3,8,intrel,0.0008432461251305339,0.00031387120125867977
3,8,intrel,0.000804231475733946,0.00020088892179818886
3,8,intrel,0.0007640241968985178,0.0001950214960697411
3,8,intrel,0.000774590631613662,0.0002519815029703976
3,8,intrel,0.0004152730402024749,0.00017591526319148408
3,8,intrel,0.0007383687030289526,0.00024338696937385105
3,8,intrel,0.0008011192011363619,0.00021788834264541574
3,8,intrel,0.0008019487127947596,0.00027067189166277085
3,8,intrel,0.0008088254573446334,0.0002603419503531265
3,8,intrel,0.0008160706682932424,0.0002628030156726594
3,8,intrel,0.0008091076558295961,0.0002943988358645327
3,8,intrel,0.0007142694171850174,0.00016078122823982784
3,8,intrel,0.0007591175409921085,0.00022397045989753337
3,8,intrel,0.0007767248187301587,0.00034165190271824466
3,8,intrel,0.0006351425238317757,0.0002501316866933111
3,8,intrel,0.0008032982128741091,0.00025265113724309905
3,8,intrel,0.0005615250354838708,0.00019560047426492308
3,8,intrel,0.0008065451578640795,0.00026737304344673384
4,8,uniform,0.0007760248215789467,0.00019936745620409115
4,8,uniform,0.0006937913829976574,0.00017925209351753337
4,8,uniform,0.0008168943765929211,0.00045745174054049703
4,8,uniform,0.0007823403912994335,0.0001859874038939486
4,8,uniform,0.0008315267034883718,0.0002644321852130402
4,8,uniform,0.0008306703510204079,0.00021265777028872784
4,8,uniform,0.0008176111102304152,0.0003346680693303898
4,8,uniform,0.0008218041357393486,0.0002124835357123307
4,8,uniform,0.0008156981523831787,0.0001930037382378641
4,8,uniform,0.0008572882029327461,0.0002554356237818059
4,8,uniform,0.0008047372352752292,0.00021051805505286576
4,8,uniform,0.0007777402522394686,0.00021367652879109047
4,8,uniform,0.0008076683245977015,0.00024033681617311993
4,8,uniform,0.0007754366937947496,0.00021384611072099751
4,8,uniform,0.0008214203973964497,0.00022040177158148583
4,8,uniform,0.0007375397693928984,0.0002220601945595197
4,8,uniform,0.0008367764991244227,0.00024724024174298774
4,8,uniform,0.0007117524740589584,0.00019425112237577718
4,8,uniform,0.0008014882402719412,0.00022291273057987995
4,8,uniform,0.0008448376046327695,0.00025779841013940145
4,8,uniform,0.0008186034619909503,0.00021646615473455474
4,8,uniform,0.000817572741990951,0.00023161357462971965
4,8,uniform,0.0007871401301268762,0.0002400339877630536
4,8,uniform,0.0007877239368421052,0.0001928248694989357
4,8,uniform,0.0006336452138609117,0.00018940186109222962
4,8,uniform,0.0007819941676851848,0.00020495291402957783
4,8,uniform,0.0005174301537349399,0.00024713438672030615
4,8,uniform,0.0007240474713636354,0.00021614325415977422
4,8,uniform,0.0008329245960810811,0.00020662938574613626
4,8,uniform,0.0007634843056310683,0.000228083164177986
4,8,uniform,0.0008261114866055053,0.00022639325071956617
4,8,uniform,0.000797842769279278,0.00017895077084189334
4,8,uniform,0.0007095331565675065,0.00022284306972259393
4,8,uniform,0.0004999876663207541,0.00020255598938162512
4,8,uniform,0.0007744569201707572,0.0002045997829607957
4,8,uniform,0.0008121643651703889,0.00020397366759057942
4,8,uniform,0.0008225227397765347,0.00023463504026708125
4,8,uniform,0.0008277679712240207,0.0002166569721552085
4,8,uniform,0.0008045143148299318,0.00018623822881872674
4,8,uniform,0.0007879250821003493,0.00024334866659158702
4,8,uniform,0.0007289063591431809,0.00021682448850685404
4,8,uniform,0.0007936176308151534,0.0001558386145975246
4,8,uniform,0.0007354820944578315,0.0002012598118755123
4,8,uniform,0.0008260696102934537,0.0002656859930809798
4,8,uniform,0.0006801833021724525,0.0002582022124429295
4,8,uniform,0.000810878151769722,0.000231116837035249
4,8,uniform,0.0007242551586826351,0.00029523468669032923
4,8,uniform,0.0008073070656108596,0.00022846977530419286
4,8,uniform,0.0008145498169632262,0.00018519221023008167
4,8,uniform,0.0008119235515463929,0.00025026572351709986
4,8,uniform,0.000797154065785124,0.0003271400912849589
4,8,uniform,0.000688857988022284,0.00017368984828303337
4,8,uniform,0.000801191507173397,0.00020996052536473224
4,8,uniform,0.0007067595408643457,0.000237401004025581
4,8,uniform,0.0008003265376470594,0.00021242677016217754
4,8,uniform,0.0007569554023671498,0.00018382730043879793
4,8,uniform,0.0008540541466195519,0.0002672972062656352
4,8,uniform,0.000822326704412094,0.00023832838946573695
4,8,uniform,0.0006356471041753178,0.00019252001048025504
4,8,uniform,0.0008013565783240226,0.00022941152262439176
4,8,uniform,0.00030746530684684664,0.00019311721965270933
4,8,uniform,0.0008491869863122915,0.00023372394387068132
4,8,uniform,0.000807667684833512,0.00019174869257660506
4,8,uniform,0.0008311104372040575,0.0002878609132268349
4,8,uniform,0.0007796155694279171,0.0002274849031323175
4,8,uniform,0.0007887377373049628,0.0001983993352824609
4,8,uniform,0.0009188603010256407,0.00040065638136631363
4,8,uniform,0.0007879423242329219,0.00019849725554112942
4,8,uniform,0.000835554195690607,0.00019772147122644357
4,8,uniform,0.0008399770560893847,0.0002733643185532161
4,8,uniform,0.0007087929630941692,0.00017071751283221316
4,8,uniform,0.0005923691662916193,0.00019780643335125616
4,8,uniform,0.0007406876687892379,0.00019598969375940266
4,8,uniform,0.0008748583784472781,0.00033336841269732267
4,8,uniform,0.0007967946689679729,0.00025305002659448253
4,8,uniform,0.0007358339023394487,0.00021544999175776328
4,8,uniform,0.0008798341753784875,0.0002893248259594693
4,8,uniform,0.0008235568764009107,0.00020318562817678447
4,8,uniform,0.0008278085689887655,0.00021153384900320386
4,8,uniform,0.0007758848137254909,0.00017774262697756356
4,8,uniform,0.0002704032975056697,0.00023182809060421787
4,8,uniform,0.0005521011249584821,0.00021045790938255276
4,8,uniform,0.0007495371009208984,0.00019617132597855887
4,8,uniform,0.0008728036542540076,0.00032409004816042885
4,8,uniform,0.000754063827259954,0.0002775969079370929
4,8,uniform,0.0007830661431704414,0.00020560230293973784
4,8,uniform,0.0008148929105720826,0.00028112452307345673
4,8,uniform,0.00083452564137931,0.00022998617944349522
4,8,uniform,0.0008319527510859726,0.00022316363425675654
4,8,uniform,0.0007887892261878453,0.00019187369510828182
4,8,uniform,0.0008570223448552334,0.00034036232032392676
4,8,uniform,0.0006979390343249414,0.00019434930435080543
4,8,uniform,0.0008183308837087602,0.00023446604580792144
4,8,uniform,0.0007932040371526974,0.00022289700251368067
4,8,uniform,0.0007535191528110603,0.00019411343677097796
4,8,uniform,0.0008017548241340782,0.0002112015275779773
4,8,uniform,0.0007299983586516851,0.0002469735025865211
4,8,uniform,0.0008161445233333339,0.0002048097409391148
4,8,uniform,0.000776708459144143,0.0001905776869640216
4,8,uniform,0.0007636705355784062,0.00030856562711027025
4,8,intrel,0.0007085189334146339,0.00028276932988140815
4,8,intrel,0.0008689162282238457,0.0002648382074469691
4,8,intrel,0.0008556506025688065,0.0003193414066118586
4,8,intrel,0.0008574495601132515,0.0003798441228295632
4,8,intrel,0.0008529597058744387,0.00027270116522169156
4,8,intrel,0.0008436165435071092,0.0002644718204301388
4,8,intrel,0.0008615874903666244,0.0002774445091469724
4,8,intrel,0.0008611689510609476,0.000435689355002168
4,8,intrel,0.0007764070606060611,0.00023653868212437175
4,8,intrel,0.0008404022252884615,0.00022496787273972127
4,8,intrel,0.0007618549381422367,0.00030922823160713363
4,8,intrel,0.00059857238735363,0.0002276052052257425
4,8,intrel,0.0006351882036936943,0.00019183697992450184
4,8,intrel,0.0008554612053012052,0.00025624223280322803
4,8,intrel,0.0007976232474853811,0.00020865272575806135
4,8,intrel,0.0007917566561702115,0.00015816430461044228
4,8,intrel,0.0008456628246445504,0.000217841606541627
4,8,intrel,0.0008484667206603764,0.00026319573938875956
4,8,intrel,0.0008622401535301066,0.00021463295069038983
4,8,intrel,0.0007135989626168222,0.00019163275102040286
4,8,intrel,0.000820891365585585,0.00023325166869731206
4,8,intrel,0.0007426171314549649,0.00020333918430670876
4,8,intrel,0.0008158750620861666,0.0001857370886532356
4,8,intrel,0.0008712695105202305,0.0002632296892861135
4,8,intrel,0.000813981055972695,0.00018472098051599889
4,8,intrel,0.0007905032444052861,0.00021055501658548607
4,8,intrel,0.000784524334772728,0.00027103807675774944
4,8,intrel,0.0006175174395989974,0.0002016285499004415
4,8,intrel,0.0008035839415189868,0.0002585862381428962
4,8,intrel,0.000799831735487661,0.0001942074543749151
4,8,intrel,0.0008035749242437912,0.0002530771322370769
4,8,intrel,0.0007888297105882341,0.0001830257111726964
4,8,intrel,0.0007146728892825783,0.00019855829596271686
4,8,intrel,0.0008018577691319861,0.00021039719169003147
4,8,intrel,0.0009259345248062015,0.00025925077295554054
4,8,intrel,0.0007670184468476969,0.00022170774930075135
4,8,intrel,0.0008099752863764962,0.00020255115906611115
4,8,intrel,0.0008227316530232547,0.0002446621038719087
4,8,intrel,0.000813675792696896,0.00018544103501108117
4,8,intrel,0.0006320410353827469,0.00018901841273247797
4,8,intrel,0.000820981098327526,0.00019985715739169317
4,8,intrel,0.0006861547736511376,0.00033129813824286865
4,8,intrel,0.0008367361873849602,0.00023308019838551663
4,8,intrel,0.0008437554930454032,0.00018169507823072214
4,8,intrel,0.0007979905176777248,0.00022458774261611096
4,8,intrel,0.0004863749833257397,0.00015477409572638907
4,8,intrel,0.0007984660848192782,0.00019511956034096173
4,8,intrel,0.0007808350756482528,0.00023344558808625934
4,8,intrel,0.0007670024398833145,0.0002037447245741796
4,8,intrel,0.0007201543548113217,0.00016579025822550508
4,8,intrel,0.0008509924335135137,0.0002236978323237828
4,8,intrel,0.000390298830504587,0.00021412731951347537
4,8,intrel,0.0008479353443776823,0.0002334589490257126
4,8,intrel,0.0008196078183482145,0.0002051082672144567
4,8,intrel,0.0008978071539738003,0.0002843827525746613
4,8,intrel,0.0007477618971621618,0.0001877941316854687
4,8,intrel,0.0008611212731843583,0.00022539895024913757
4,8,intrel,0.0008858912430240546,0.00028501366167248864
4,8,intrel,0.0008160256470614025,0.00021601536429601733
4,8,intrel,0.0008340188465353423,0.0002089957947218703
4,8,intrel,0.0008351992194742605,0.00023047706882680342
4,8,intrel,0.0008709735759999998,0.00023560903960228118
4,8,intrel,0.0008435858471186458,0.00021248390356793843
4,8,intrel,0.0008057857654788416,0.00019670137462426143
4,8,intrel,0.00047390863161676696,0.00026500116189196647
4,8,intrel,0.0006981259490678934,0.00016613571148491255
4,8,intrel,0.000837889006980023,0.0002016621324852541
4,8,intrel,0.000728865048681447,0.0002411517737504676
4,8,intrel,0.0008011318631481493,0.00021061766329618408
4,8,intrel,0.0008389894543899666,0.000198696775761231
4,8,intrel,0.0007366376781389861,0.00021086292434398433
4,8,intrel,0.0006160550910360358,0.00022658188358151495
4,8,intrel,0.00077756175090909,0.0001473115295985003
4,8,intrel,0.0008102864388179673,0.00020921562024861726
4,8,intrel,0.000868595418290993,0.00022931707388400185
4,8,intrel,0.0008183117552808979,0.0002020513300000942
4,8,intrel,0.0007749745856526674,0.00019755144958360441
4,8,intrel,0.0007715820350964806,0.00024238801298950767
4,8,intrel,0.0008231363198307136,0.00022244173876307397
4,8,intrel,0.0008054900164976943,0.00018164323806344612
4,8,intrel,0.0008154107833557043,0.00024344243881635437
4,8,intrel,0.0008551058987500002,0.00023412236550727431
4,8,intrel,0.000883552053519554,0.000905470781214298
4,8,intrel,0.0008496298915545237,0.00029468177736102715
4,8,intrel,0.0008430181486903286,0.00023292467084537707
4,8,intrel,0.000789197480642201,0.00018493878916412348
4,8,intrel,0.0007805147020747876,0.00022077711688768377
4,8,intrel,0.0007191465453837597,0.0002612764741146416
4,8,intrel,0.0008169086016513758,0.00022083571414685817
4,8,intrel,0.0006826299651884705,0.0002166367642689267
4,8,intrel,0.0008397377785321098,0.00019984140502891676
4,8,intrel,0.0008514448428070173,0.00024357054567768988
4,8,intrel,0.0006960633937712888,0.00021214032960947856
4,8,intrel,0.0008463739216666681,0.00021846950458968072
4,8,intrel,0.0007775784857476639,0.00021467268780903383
4,8,intrel,0.0003209511576877237,0.0001970067706728754
4,8,intrel,0.0008053768136618151,0.0002441779741051194
4,8,intrel,0.0008051158946302601,0.0002230595577403896
4,8,intrel,0.0008304891115331805,0.00045419364829985475
4,8,intrel,0.0008153642421116139,0.00021717754208875836
5,8,uniform,0.0008366788441346163,0.0003673441742078443
5,8,uniform,0.0008445274444345897,0.0002566148844480407
5,8,uniform,0.0008016548544202078,0.00019874375496199123
5,8,uniform,0.0005171829980219786,0.00022898615031831336
5,8,uniform,0.0008295677611574078,0.00021419902745367105
5,8,uniform,0.0008216883985764285,0.00020334397068764946
5,8,uniform,0.0008443644888054613,0.0002093310190428334
5,8,uniform,0.0007536352637209301,0.0001785348351238312
5,8,uniform,0.0008500839936708846,0.00027981879114190306
5,8,uniform,0.0007603978812269933,0.00014974320372964316
5,8,uniform,0.0006723119781242382,0.00024444756139819205
5,8,uniform,0.0008492983642824608,0.00022585037887131915
5,8,uniform,0.0007991048890566038,0.00030008971050928673
5,8,uniform,0.0007265452355748391,0.0002011658711557122
5,8,uniform,0.0008038824788500559,0.00017917337013570364
5,8,uniform,0.0004461698072701545,0.0002476178867809996
5,8,uniform,0.0008039378087096758,0.00014773858392720055
5,8,uniform,0.0008384379639560433,0.00022510657099773898
5,8,uniform,0.0008451004836776397,0.00024396597618397248
5,8,uniform,0.0008123283943195281,0.00018396734615634642
5,8,uniform,0.0008482924890476179,0.0002480392536095714
5,8,uniform,0.0007932068503947376,0.00023551241555509373
5,8,uniform,0.0008407827504328019,0.0003382094547207742
5,8,uniform,0.0008369402555452432,0.00023209854060397372
5,8,uniform,0.0007962731308670521,0.00016925669907033464
5,8,uniform,0.0008530832245051191,0.0003051735822568391
5,8,uniform,0.0008239451213969742,0.00017098567464531616
5,8,uniform,0.0008494904828571427,0.0002388439985227204
5,8,uniform,0.0008415899265809779,0.00024366227020771757
5,8,uniform,0.0007593888007814398,0.0002218826133750879
5,8,uniform,0.000774800820668898,0.0002472425592457591
5,8,uniform,0.0008270476129792165,0.0002813716250579396
5,8,uniform,0.0008102767580374867,0.00024080939097838604
5,8,uniform,0.0007841011099999999,0.00020451638171606394
5,8,uniform,0.0007976365464937995,0.00020291915258553814
5,8,uniform,0.0008849618016666664,0.0002798846459193555
5,8,uniform,0.0008182585134371532,0.00017481027022636533
5,8,uniform,0.0008026480506855812,0.0002467191497546704
5,8,uniform,0.0008399258381883201,0.0002356306787869281
5,8,uniform,0.0007445442558865246,0.0001842307822051297
5,8,uniform,0.0008268795071495329,0.0002219834552189503
5,8,uniform,0.0008042298372651592,0.00019400791094878459
5,8,uniform,0.0008724688961862544,0.0002936509452199232
5,8,uniform,0.0007786795323667903,0.00017858160888110952
5,8,uniform,0.00079575037784897,0.0002198754881617325
5,8,uniform,0.0008398100096385555,0.0002587300245160717
5,8,uniform,0.0008272346149707599,0.0001955940892838005
5,8,uniform,0.0007797051591733634,0.00023455040433070174
5,8,uniform,0.0008362898643896424,0.00022121023541874212
5,8,uniform,0.000799104751676302,0.00023197080214748094
5,8,uniform,0.0007416467769767448,0.00019892311213724203
5,8,uniform,0.0007145343878241268,0.00018354316578594675
5,8,uniform,0.0008278227241071414,0.00024194683475173433
5,8,uniform,0.0007647037681068529,0.00019255650124468303
5,8,uniform,0.000806590603917995,0.00018372077737617123
5,8,uniform,0.0008725202585569334,0.0002367916338310104
5,8,uniform,0.0008420033425000005,0.00017750657657236469
5,8,uniform,0.0008073965512499997,0.00022160594024969664
5,8,uniform,0.000854266372013499,0.0002376109397499144
5,8,uniform,0.0008248534056481478,0.00020856525508387917
5,8,uniform,0.0008607313853159041,0.00022756731347567603
5,8,uniform,0.0007706606567630058,0.00022285736559473195
5,8,uniform,0.000843089619014557,0.00024600181355826327
5,8,uniform,0.0008413977960439586,0.00022108114263433
5,8,uniform,0.0007918591071331832,0.00017207656028407406
5,8,uniform,0.0008431414283296206,0.0002835843771407138
5,8,uniform,0.0007844430286997635,0.0001926828265552339
5,8,uniform,0.0008389246505788883,0.0001957955211265105
5,8,uniform,0.0008051382652821664,0.00024718118960021624
5,8,uniform,0.0008126825583066374,0.00016495719461459584
5,8,uniform,0.0008139942725883685,0.0002106813182510312
5,8,uniform,0.0008174927907117002,0.00016418190316569553
5,8,uniform,0.0007625451652396878,0.00026524427261752213
5,8,uniform,0.0007744069173823189,0.00023556219933046834
5,8,uniform,0.0007530598490909083,0.00015041294683634384
5,8,uniform,0.0008754084953571426,0.0002734073659584129
5,8,uniform,0.0008326179957377062,0.00018407283940091317
5,8,uniform,0.00047394654057142827,0.00017054149450792294
5,8,uniform,0.0008424422283192272,0.0003050892421976553
5,8,uniform,0.0007806588734414835,0.00016459841524781344
5,8,uniform,0.0008678927465887844,0.00027691195724189514
5,8,uniform,0.0008188157748837218,0.0001986168539490695
5,8,uniform,0.0004470824934911231,0.00019226269156690705
5,8,uniform,0.0007687881333333336,0.00021045371697977296
5,8,uniform,0.0007815304180365289,0.00015304560019194037
5,8,uniform,0.0008348298571463719,0.00032998385161236087
5,8,uniform,0.0008087618288888884,0.0001680114490217254
5,8,uniform,0.0005669566047058826,0.00023061502405770655
5,8,uniform,0.0008406389526387315,0.00043868190739291407
5,8,uniform,0.000782754110235133,0.000161915099783456
5,8,uniform,0.0006927677542541448,0.00021258564726259733
5,8,uniform,0.000826120816226415,0.0001600426276918762
5,8,uniform,0.0008182775147486036,0.00034597810065072965
5,8,uniform,0.0007521699329850745,0.00020227931642911206
5,8,uniform,0.0008124211934342258,0.00018512077324023035
5,8,uniform,0.0008311461340162978,0.0002781500697745024
5,8,uniform,0.0006901352530952386,0.00017568042544268572
5,8,uniform,0.000840696491084338,0.00024646450727216476
5,8,uniform,0.0008234696186682522,0.00020268458281390896
5,8,uniform,0.0005002315784397166,0.00019972354355593842
5,8,intrel,0.000863131606822742,0.0002393431597067825
5,8,intrel,0.0007966791142857144,0.00018472710648078332
5,8,intrel,0.0008430617101098906,0.00037153010869691303
5,8,intrel,0.0007958401866666671,0.00027216093407782287
5,8,intrel,0.0008803652585185173,0.000198387687400129
5,8,intrel,0.0008811350973809521,0.00026045171311194946
5,8,intrel,0.0007712468468771144,0.0002383617294215463
5,8,intrel,0.000761137986323186,0.000231692918154003
5,8,intrel,0.0009381430264406771,0.00033629437511512603
5,8,intrel,0.0008575789626460849,0.00020074269658242877
5,8,intrel,0.0008172088561137441,0.00022006462520743765
5,8,intrel,0.0007943137020969564,0.00016581893427308558
5,8,intrel,0.0009201903433065434,0.00024946687567100625
5,8,intrel,0.0008001194830232564,0.0002231473408854893
5,8,intrel,0.0007935616802272729,0.0001724152743777775
5,8,intrel,0.0008849322586440695,0.00025388392418822735
5,8,intrel,0.0008259022670270271,0.00020627228026984606
5,8,intrel,0.0008345155564912274,0.00021112021259182644
5,8,intrel,0.0008499757811904761,0.0002477392794137121
5,8,intrel,0.0008521876564627354,0.00022535701206074138
5,8,intrel,0.0007930552385267867,0.00024952126058407076
5,8,intrel,0.0008086756793721977,0.00020620178024957376
5,8,intrel,0.0008588095268965512,0.00024254852332314042
5,8,intrel,0.0008025185238752789,0.00022028339874854576
5,8,intrel,0.0008722453828729279,0.0001549105796635594
5,8,intrel,0.0008463898260023435,0.0003141880664696192
5,8,intrel,0.0007983630410767461,0.00020235625645702386
5,8,intrel,0.0008066927585887531,0.00022622642119914164
5,8,intrel,0.0008615496319026538,0.0002738648596579541
5,8,intrel,0.000843641708616072,0.00015898174592726943
5,8,intrel,0.0007973831490023205,0.0002082139293660759
5,8,intrel,0.0008751123388014093,0.00025369318027824295
5,8,intrel,0.0008162544613510513,0.0002615801493201053
5,8,intrel,0.0008462566419559903,0.00022004855119542207
5,8,intrel,0.0007661753924137935,0.0001517285617567411
5,8,intrel,0.000863411122770663,0.0002931269564360061
5,8,intrel,0.000855390492822759,0.00022270722172282006
5,8,intrel,0.0008092906330622009,0.00016183258508133287
5,8,intrel,0.0008454796995950505,0.00025994985684818056
5,8,intrel,0.0008419185491053214,0.00016665524806427266
5,8,intrel,0.0009029655345679017,0.00021646417932275048
5,8,intrel,0.0007565353332891842,0.00022337771695627088
5,8,intrel,0.000511457232556055,0.00016908754933777704
5,8,intrel,0.0008302736659523818,0.00024813342852095103
5,8,intrel,0.0007604531193867933,0.00016248693741117341
5,8,intrel,0.0007254701896534659,0.0002770320490943055
5,8,intrel,0.0008969041105747126,0.00021762952592808908
5,8,intrel,0.0008381474699541277,0.00021789290371864405
5,8,intrel,0.0008663397834506235,0.00025366149720965477
5,8,intrel,0.0008861965286121,0.00021650970186374354
5,8,intrel,0.0007730247370581776,0.0002127313113068556
5,8,intrel,0.0009105237239273548,0.00023246027531924386
5,8,intrel,0.0007963898612669692,0.00021004597393337566
5,8,intrel,0.0007588869575576028,0.00024793542524402263
5,8,intrel,0.0008303491572373082,0.00020647752571833572
5,8,intrel,0.0006472324488537546,0.00028385326094474594
5,8,intrel,0.0008639331462396196,0.0002096196018208616
5,8,intrel,0.000919208620628931,0.00018934921519440722
5,8,intrel,0.0009112292667714629,0.00027147903793549533
5,8,intrel,0.0008382752013048362,0.000211124405397663
5,8,intrel,0.0008697303041291802,0.00024356433002541727
5,8,intrel,0.0008711315775495915,0.00023924615351494704
5,8,intrel,0.0009096396985553054,0.00028111509015730927
5,8,intrel,0.0008643906081566822,0.0007558991118017103
5,8,intrel,0.0008559133799999992,0.00018282454422926324
5,8,intrel,0.0007490961990243907,0.00029383417055447726
5,8,intrel,0.0008204664715849491,0.00023406967534568348
5,8,intrel,0.0008542540125798522,0.00019320071566745965
5,8,intrel,0.0008533932588688322,0.00026831726501607003
5,8,intrel,0.0005920297490410962,0.00017168687771860244
5,8,intrel,0.0008600755910849066,0.00021808418244206824
5,8,intrel,0.0008046647457766988,0.00020717820539886366
5,8,intrel,0.0005688671203053435,0.00023948651791727172
5,8,intrel,0.0007902779852173909,0.00021161991295003997
5,8,intrel,0.0007902403345576723,0.00015072748789404897
5,8,intrel,0.0008888969002272725,0.0002609653341903686
5,8,intrel,0.0008232965750294463,0.00020100641469226476
5,8,intrel,0.0008103419304830916,0.00021098208110433475
5,8,intrel,0.0008938093847469068,0.00022207025202551848
5,8,intrel,0.0008761299696122221,0.00023094974110125498
5,8,intrel,0.0008437495145578234,0.00027403857557200943
5,8,intrel,0.0008290970137224387,0.00017957762691925768
5,8,intrel,0.0005878842891967406,0.0002822933107707113
5,8,intrel,0.0007907736912018136,0.00023587976334837681
5,8,intrel,0.0007088452852978452,0.00016092578422978291
5,8,intrel,0.0008569770610564205,0.00022119923017941524
5,8,intrel,0.000877978768235295,0.00025081347645962166
5,8,intrel,0.0008635081092343381,0.00026293829417218845
5,8,intrel,0.0008514413298329349,0.00019400446268304493
5,8,intrel,0.0007454807704604501,0.000237293227164461
5,8,intrel,0.0008847799034883707,0.0002969283467832377
5,8,intrel,0.0007907210907363427,0.00015783705758687106
5,8,intrel,0.0008809857507657651,0.00027370201610192954
5,8,intrel,0.0007984042548551565,0.0001878907865888701
5,8,intrel,0.0008131856668075117,0.00031840306220338153
5,8,intrel,0.0008613250216431921,0.00023301104176751166
5,8,intrel,0.0008614414151487391,0.0002128311843485616
5,8,intrel,0.0008240106108675796,0.0002211628827951275
5,8,intrel,0.000826403545812808,0.00018959171439644
5,8,intrel,0.0008590901943467935,0.0002728826695676691
6,8,uniform,0.0008731793598663688,0.00020656084785553483
6,8,uniform,0.0008326453720951311,0.0002022836882155441
6,8,uniform,0.0007338299728925635,0.0003539240343614273
6,8,uniform,0.0007449937812107629,0.00023856018914888082
6,8,uniform,0.0008391966177653626,0.00021092243165470953
6,8,uniform,0.0008050008443968425,0.00021537149297981434
6,8,uniform,0.0008395803300686508,0.00020600421044672588
6,8,uniform,0.0008246509803661323,0.0002088245394990879
6,8,uniform,0.0008074002615681545,0.00017431958435167808
6,8,uniform,0.0008987771619203736,0.00028190189310094165
6,8,uniform,0.0008910787961797737,0.00018874411623855732
6,8,uniform,0.0008140716040096032,0.00017887593935419496
6,8,uniform,0.0009884967550251255,0.0002303213655151948
6,8,uniform,0.0008440761861606173,0.0002582380058103756
6,8,uniform,0.0008444245096678132,0.00024374195723282982
6,8,uniform,0.0008188775864937988,0.00019974628960049237
6,8,uniform,0.0008662498677597004,0.00022649032348294798
6,8,uniform,0.0008434572339479901,0.00022792540616173938
6,8,uniform,0.0008460229766097843,0.00021952426601745185
6,8,uniform,0.0008432425923394493,0.0002512284726220225
6,8,uniform,0.0007189184261271678,0.0002027186900274279
6,8,uniform,0.0008236753798126467,0.0001918822864626803
6,8,uniform,0.0008558015186934681,0.0002296902186437055
6,8,uniform,0.0009064255338083542,0.0002461322158383581
6,8,uniform,0.0008417115193340985,0.000262441554661503
6,8,uniform,0.0008786938549760766,0.0002518926957868194
6,8,uniform,0.0008411511788235281,0.0002322140997903465
6,8,uniform,0.0008300947143507979,0.00022392798465319677
6,8,uniform,0.0008502222960730592,0.00025070847247778084
6,8,uniform,0.0008048132820021769,0.00024783288293869977
6,8,uniform,0.0009267178543345534,0.0002388548751602467
6,8,uniform,0.0007791854496655138,0.00017112021174508848
6,8,uniform,0.0006874652936200732,0.00019292178563591752
6,8,uniform,0.0009184718545588232,0.0002653519360925475
6,8,uniform,0.0007765626620798063,0.0002237315964172347
6,8,uniform,0.0008518818728323698,0.0003005474748908742
6,8,uniform,0.0008627636581081076,0.00022734244483358368
6,8,uniform,0.0007069829004161575,0.00021884269248223075
6,8,uniform,0.0008667657573995283,0.00021384391707903957
6,8,uniform,0.0008277301010466433,0.0002482777797886989
6,8,uniform,0.0008765146798410899,0.00023836365281784403
6,8,uniform,0.0008485568582630271,0.00016358397893764608
6,8,uniform,0.0007069478005949643,0.00019554045020765673
6,8,uniform,0.0008795953574185124,0.0002619398977674292
6,8,uniform,0.0008694701754123715,0.00022824361228495724
6,8,uniform,0.0008309909711111099,0.0002503019085661687
6,8,uniform,0.0008880032973964483,0.0002578872964400099
6,8,uniform,0.0008494231243225086,0.00023092509774352922
6,8,uniform,0.0008639737138534281,0.000170914119691081
6,8,uniform,0.000826466356175711,0.00025691416477134144
6,8,uniform,0.0006835188783132537,0.0002478319493683685
6,8,uniform,0.0005695294420454549,0.00019400058305736424
6,8,uniform,0.0008663179997711666,0.00024439472884687824
6,8,uniform,0.0008564071496860986,0.00022892098121459368
6,8,uniform,0.000817625342958058,0.00022389319908314167
6,8,uniform,0.000855296899565689,0.00020976253383790647
6,8,uniform,0.0008255627605092607,0.00027225631925754007
6,8,uniform,0.0008668018990599277,0.0002013952366525749
6,8,uniform,0.0008552144708597294,0.00019151850354697374
6,8,uniform,0.0009446730077388164,0.00030005933372091053
6,8,uniform,0.0008332251764705883,0.000177755999597215
6,8,uniform,0.0008697584835756871,0.00022538181906033133
6,8,uniform,0.000841206960238094,0.00021110888145283943
6,8,uniform,0.0008472794672093029,0.00026187458084477895
6,8,uniform,0.0008578833038845717,0.00026048577932247035
6,8,uniform,0.0008218782762229816,0.00023278880252247848
6,8,uniform,0.0008110544993570598,0.000250674974215416
6,8,uniform,0.0008177460283878247,0.0002105780982398008
6,8,uniform,0.0008617407439387299,0.00020176233651783467
6,8,uniform,0.0008718409015347716,0.00023908714186221452
6,8,uniform,0.0008520375143504165,0.0001828125471612048
6,8,uniform,0.0008194458040358751,0.00021301489261508412
6,8,uniform,0.0008401465490640401,0.00019236425275160552
6,8,uniform,0.0008326521699881104,0.00024939602831895047
6,8,uniform,0.0008507657741474667,0.00021157186775778942
6,8,uniform,0.0008840255986862967,0.00019102870074237592
6,8,uniform,0.0009030644833255269,0.00025633861287124106
6,8,uniform,0.0008775786707730682,0.00024282480799863804
6,8,uniform,0.0008611952781664657,0.0002123721842958152
6,8,uniform,0.0008722627233296828,0.00025733196288164103
6,8,uniform,0.0008562166556749679,0.00019433287849213626
6,8,uniform,0.0008095633560588912,0.00021988182353289664
6,8,uniform,0.0007570352241527439,0.00018970352142958129
6,8,uniform,0.0008679512271923525,0.0002692910875336826
6,8,uniform,0.0007535826575510203,0.00019591033624857956
6,8,uniform,0.0007219862042424246,0.0002060109112232229
6,8,uniform,0.000859982340662252,0.0002785707606336495
6,8,uniform,0.0008386457013207541,0.00019751158539382588
6,8,uniform,0.0009242591800920591,0.0002348142261645854
6,8,uniform,0.0008356333122595085,0.00023070977119359992
6,8,uniform,0.0007786715602531657,0.0002409180985241534
6,8,uniform,0.0008582545626576567,0.00021653343297994962
6,8,uniform,0.000825353239543899,0.0001897420135266228
6,8,uniform,0.0009231096972767859,0.00029585457206292125
6,8,uniform,0.0007866043666345003,0.00020599041033420983
6,8,uniform,0.0008782661415699665,0.000351066600755372
6,8,uniform,0.0009297167429404621,0.0003248356159389337
6,8,uniform,0.0008455412715847009,0.00021197883214313143
6,8,uniform,0.000838056549976798,0.0002467558775392092
6,8,uniform,0.0008633070522767849,0.00023954748314157596
6,8,intrel,0.000822161806650365,0.00024390014456730143
6,8,intrel,0.0008416187134570763,0.00021168098643918428
6,8,intrel,0.0007904301661968416,0.00023077994337977745
6,8,intrel,0.0005516520676702514,0.0002653484175781748
6,8,intrel,0.0008324117824242433,0.00018444158537249603
6,8,intrel,0.0008972047397345122,0.000258082262856558
6,8,intrel,0.0008851774881997675,0.00027720536400074
6,8,intrel,0.0007582486054679799,0.00018680609917501843
6,8,intrel,0.0008972993976421625,0.00024089090694188418
6,8,intrel,0.0008948021792214114,0.00023081113316312022
6,8,intrel,0.0008977996462910809,0.00022577040090424202
6,8,intrel,0.0008661936238323352,0.0001975155683764732
6,8,intrel,0.0008899388907553547,0.00020636637552224406
6,8,intrel,0.0007699282433067299,0.00031974789863898934
6,8,intrel,0.0008896720823391805,0.00019370064574356842
6,8,intrel,0.0007972937360523197,0.00024407193982561883
6,8,intrel,0.0009008402745664735,0.0002598864167381915
6,8,intrel,0.000827864091895734,0.000196302816722142
6,8,intrel,0.0008560649582543643,0.00018958923577237395
6,8,intrel,0.0008677996692273242,0.00025011145860447294
6,8,intrel,0.0010249316681134402,0.000255975820304982
6,8,intrel,0.0008856984030841138,0.0001940954499764027
6,8,intrel,0.0008690795639306363,0.0002230065289697452
6,8,intrel,0.000516492219190751,0.00021744713080520568
6,8,intrel,0.0009190772953882906,0.00021113911184351104
6,8,intrel,0.0008524379508684855,0.0002091714348668089
6,8,intrel,0.0009097957913574096,0.00028500625519727464
6,8,intrel,0.000809491616554134,0.00021568620034540317
6,8,intrel,0.000835140048986176,0.00018357864028908604
6,8,intrel,0.0009163233917825546,0.00026828491715591587
6,8,intrel,0.0008784575313715717,0.00020917268936786174
6,8,intrel,0.0008787864585798822,0.00029921364911731616
6,8,intrel,0.0009277844692694069,0.00027529219985435795
6,8,intrel,0.0008540005070480556,0.0003011800864419976
6,8,intrel,0.0008071468281730784,0.00024033217520518787
6,8,intrel,0.0008010997912182742,0.0002046537763924806
6,8,intrel,0.0008904632132061996,0.0002597839531609223
6,8,intrel,0.0007659388050000009,0.0002178141627272363
6,8,intrel,0.0008038796201369874,0.00023437077758264857
6,8,intrel,0.0009063472348919933,0.0002285833289506461
6,8,intrel,0.000692536594396136,0.00020049300580682867
6,8,intrel,0.0008762508120182442,0.00021469436476653412
6,8,intrel,0.0009225945860050879,0.00021794905894362388
6,8,intrel,0.0007751867545738302,0.0002976820345615602
6,8,intrel,0.0008557524658079619,0.00018621343619821417
6,8,intrel,0.0008872842858864427,0.00020994223370553546
6,8,intrel,0.0008871329721518993,0.00025276052164243675
6,8,intrel,0.0008684542189021483,0.000188760071074548
6,8,intrel,0.000862645334940898,0.0002490680139930168
6,8,intrel,0.0007899241742086754,0.00017797314764815062
6,8,intrel,0.0009996150175883083,0.00028600864777082995
6,8,intrel,0.0006921746132420094,0.00018704081597779485
6,8,intrel,0.0008712395068663591,0.00021284395383866704
6,8,intrel,0.000661811899701493,0.0002674780762539581
6,8,intrel,0.000878760293944955,0.00019616922422262354
6,8,intrel,0.0008934873741067281,0.0002091726795957708
6,8,intrel,0.0009351692983732075,0.00022860038605421363
6,8,intrel,0.0007573783165957449,0.0002269408499020801
6,8,intrel,0.0008991068055172407,0.00021365850104894531
6,8,intrel,0.0008498654760451974,0.00019766849234165664
6,8,intrel,0.0009171740272727264,0.0002712368994281883
6,8,intrel,0.0007967096658536581,0.00019197754258745229
6,8,intrel,0.0008694188495752004,0.0002102530105064198
6,8,intrel,0.0008707199697156394,0.00027023448270085325
6,8,intrel,0.0008551732529758722,0.00022476083671914797
6,8,intrel,0.0009053775825912837,0.00020597299923928473
6,8,intrel,0.0008221018973242651,0.00023239554844268245
6,8,intrel,0.0008690926081355946,0.0002491568457203302
6,8,intrel,0.000831202126859045,0.00018860195530928512
6,8,intrel,0.0008289466629955942,0.0002252402622834808
6,8,intrel,0.0008841834718025273,0.00025641259681868694
6,8,intrel,0.0008816909549499446,0.00017745820464060282
6,8,intrel,0.000898352462652826,0.00022278355817634637
6,8,intrel,0.0008518817471236216,0.0002475914135046062
6,8,intrel,0.0008076144842410183,0.00019460023149616657
6,8,intrel,0.0008623892447520178,0.0002283499724993234
6,8,intrel,0.0008762986316607776,0.0002446477307172536
6,8,intrel,0.0009399412663736259,0.000266836503450775
6,8,intrel,0.0008266680374392946,0.00018147198695944058
6,8,intrel,0.0009049581183333314,0.00022971992878726823
6,8,intrel,0.0009876706551236742,0.00026981418764729153
6,8,intrel,0.0007448244390836204,0.00019404800787812745
6,8,intrel,0.0005718003969565212,0.0002043218064191942
6,8,intrel,0.0008985431434467125,0.00024260721683585376
6,8,intrel,0.0008368221011820338,0.00018561521919491995
6,8,intrel,0.0009127517297716899,0.00023679884631708052
6,8,intrel,0.0008702673176808259,0.0002660721166683727
6,8,intrel,0.0008829689445086704,0.00019913822016876954
6,8,intrel,0.0007916024791562148,0.00020185076544860584
6,8,intrel,0.0009005711794472379,0.00024650031564564106
6,8,intrel,0.0006818053881720421,0.00021674876391837976
6,8,intrel,0.0008961406429290618,0.00031063788255221116
6,8,intrel,0.0009161699757990877,0.00023837256511385424
6,8,intrel,0.0008900947841162248,0.00025548578899038606
6,8,intrel,0.0008793044076878618,0.00024437820044980385
6,8,intrel,0.0009513967578313242,0.00018979560583235163
6,8,intrel,0.0007378131127784282,0.00027308588257277664
6,8,intrel,0.0005738136185801727,0.0001766774703680046
6,8,intrel,0.000865309227665506,0.0002494032000447009
7,8,uniform,0.0008676053591208797,0.00019785881166855127
7,8,uniform,0.0007843382607282174,0.00027507719338631893
7,8,uniform,0.0008888145389195692,0.0001955489317191436
7,8,uniform,0.0008900735420250286,0.00020785845233578303
7,8,uniform,0.000843691980618048,0.0002802350870159453
7,8,uniform,0.0008667785907035753,0.0001957773128153738
7,8,uniform,0.0008267694696969697,0.00022721601265927814
7,8,uniform,0.0008790848703416867,0.00019460293823699045
7,8,uniform,0.00042288277677581833,0.0002179412618897641
7,8,uniform,0.0008565015722494429,0.00028876385756245354
7,8,uniform,0.0008729720207522114,0.00018302444027229486
7,8,uniform,0.0008954983890205011,0.00027123688719954956
7,8,uniform,0.0008673888919718312,0.00021898383247807455
7,8,uniform,0.0008451731547161058,0.00021221584149894174
7,8,uniform,0.0009164725120772944,0.0002929189910210822
7,8,uniform,0.0008079627211173184,0.0001707165936160402
7,8,uniform,0.0008759612563125757,0.0002483648179957187
7,8,uniform,0.0007282370120345247,0.00017863930245743594
7,8,uniform,0.0005119329560044895,0.0002467098830907762
7,8,uniform,0.0008929935899658697,0.0001924490994968533
7,8,uniform,0.0008800072255319137,0.00019621039671375228
7,8,uniform,0.000890975866580975,0.0003106593006384952
7,8,uniform,0.0008821802909952605,0.00018244444863376556
7,8,uniform,0.0008768171293147506,0.0002350706447105085
7,8,uniform,0.0008760960764269133,0.00024016766811518105
7,8,uniform,0.0008792905108433749,0.0001980210838544045
7,8,uniform,0.0008873376347651,0.0002168487134826653
7,8,uniform,0.0007213275722580644,0.00017063135972275877
7,8,uniform,0.0009350639100237524,0.0002831147169500754
7,8,uniform,0.0008281123686187848,0.00019740501709733437
7,8,uniform,0.0008762794093735493,0.0002527387495757694
7,8,uniform,0.0009278094509495886,0.00026887833329128515
7,8,uniform,0.0008200092458429867,0.0001854907508328644
7,8,uniform,0.0009057621904932743,0.00023238672622459184
7,8,uniform,0.0009093640779728055,0.00022678051038903805
7,8,uniform,0.0008427453902512564,0.00022109152702814397
7,8,uniform,0.0008622070386127159,0.0001989356277316332
7,8,uniform,0.0007819137278175087,0.00019373941242846671
7,8,uniform,0.0008119546164814808,0.0002313173297731878
7,8,uniform,0.0007086147598126462,0.0001732735291256121
7,8,uniform,0.0005336979177777776,0.00021726498153943211
7,8,uniform,0.00089956844624553,0.00024970373050992213
7,8,uniform,0.0004610590717406968,0.00028446810635247307
7,8,uniform,0.0008760322428431385,0.00022644000666059705
7,8,uniform,0.0009372143214953287,0.0001895393563749083
7,8,uniform,0.000913188650091743,0.0003004834502483414
7,8,uniform,0.0008976865247446082,0.00019583183188398687
7,8,uniform,0.0006074506301770945,0.00021634727305993478
7,8,uniform,0.0008215579910122355,0.0003276006052632051
7,8,uniform,0.000841086368472222,0.00023009126666605678
7,8,uniform,0.0008777380776623367,0.00022989144032828718
7,8,uniform,0.000919953833118279,0.0003018514767295805
7,8,uniform,0.0006845349114628302,0.00016516257426949876
7,8,uniform,0.0008057052820982155,0.0005722787717262562
7,8,uniform,0.0007605731036787557,0.00023235340254889832
7,8,uniform,0.0008641919471935865,0.0002543085097409078
7,8,uniform,0.0008825903353808957,0.00022332221812111774
7,8,uniform,0.0008635765265088764,0.00019724585526223934
7,8,uniform,0.0009361068206139333,0.00025613325964165407
7,8,uniform,0.0008724701258373223,0.00021177583076269395
7,8,uniform,0.0008891928317827622,0.00021489234486592336
7,8,uniform,0.0008105051256459326,0.0002445915741010139
7,8,uniform,0.0006406063629807695,0.0002231231883224001
7,8,uniform,0.0008619205185781997,0.00022645715935574703
7,8,uniform,0.0008004967017732894,0.00018443326519220415
7,8,uniform,0.0009258962356615009,0.0002670290636344039
7,8,uniform,0.0007319218716959064,0.00019303304729260167
7,8,uniform,0.0007058062893886458,0.00022663416910615359
7,8,uniform,0.0009343623489541712,0.0002671455124442643
7,8,uniform,0.000847562567804322,0.0001603524973912665
7,8,uniform,0.0009276063879046423,0.00023682407537041852
7,8,uniform,0.0008726914544444459,0.00025449008012816274
7,8,uniform,0.0005404029860869562,0.00017189136304045374
7,8,uniform,0.000875999079582369,0.000261183402962979
7,8,uniform,0.0008602749339024394,0.00016797822192886677
7,8,uniform,0.0008904178022685193,0.00028950116221842907
7,8,uniform,0.000850949608893958,0.00023077877389963682
7,8,uniform,0.0007129734345161293,0.00020050487628933835
7,8,uniform,0.0008297636061349697,0.00032540742234980546
7,8,uniform,0.000833701134923619,0.00015385136573752958
7,8,uniform,0.0009133644483720935,0.0002496691716620712
7,8,uniform,0.000866689228894349,0.00020651769852757847
7,8,uniform,0.0009097709177726232,0.0002839523015984917
7,8,uniform,0.0008820774337891081,0.000294180129676493
7,8,uniform,0.0008307204413425932,0.00016381782499749327
7,8,uniform,0.0009057187632491768,0.000272650190883925
7,8,uniform,0.0008671631075626417,0.0002328071065380412
7,8,uniform,0.0008854185926495727,0.00021439070472129964
7,8,uniform,0.000945639730339805,0.0002813073595964808
7,8,uniform,0.0007677251962413012,0.0001741016428779748
7,8,uniform,0.0008619980594054694,0.00026372214258117384
7,8,uniform,0.0008786990116312062,0.0004043989005801178
7,8,uniform,0.000681360983434836,0.00022723908463906871
7,8,uniform,0.0008626834760220978,0.00021157489618131573
7,8,uniform,0.0008879402004123715,0.0002098329197063971
7,8,uniform,0.0008867134864075384,0.00025877061773603725
7,8,uniform,0.0008063007074135869,0.0002303166107982805
7,8,uniform,0.0007979181512154019,0.00018864522451689773
7,8,uniform,0.0008947273520383693,0.00024713985450755435
7,8,uniform,0.0008938552174238866,0.00019132997960216068
7,8,intrel,0.000960547884585835,0.0002318250247111204
7,8,intrel,0.0007966716493150689,0.00020925813199464778
7,8,intrel,0.0009379228605418151,0.00027671536138563785
7,8,intrel,0.000910918665195728,0.00021752229788998175
7,8,intrel,0.0009412898358836684,0.0001786150670571342
7,8,intrel,0.0009166239209090912,0.00025856976193655356
7,8,intrel,0.0008797741044970411,0.00021298348296208306
7,8,intrel,0.0007335517362281721,0.0002137075551360159
7,8,intrel,0.0008961714202991971,0.00023751604632628982
7,8,intrel,0.0009560381468585121,0.0002326365629331241
7,8,intrel,0.0008768315233293692,0.00019978492061714835
7,8,intrel,0.0009751344610256424,0.00022486081091974567
7,8,intrel,0.0007842808296618378,0.00021890315076700156
7,8,intrel,0.0008589254378684809,0.00022706609470491578
7,8,intrel,0.0009135264338257996,0.00017113603397339783
7,8,intrel,0.0007457039967666237,0.00024066696701409445
7,8,intrel,0.0008841870672072075,0.00023012550804406916
7,8,intrel,0.0008699381266666673,0.0001727375419819596
7,8,intrel,0.0008844241543842364,0.000269497892913132
7,8,intrel,0.0008745087004597695,0.00018490124818962007
7,8,intrel,0.0009650714480285037,0.00021212429975600594
7,8,intrel,0.0009986893507236067,0.00028955789542423223
7,8,intrel,0.0009228859605074978,0.00024445416622062685
7,8,intrel,0.0009172544100000009,0.00025959165392788145
7,8,intrel,0.0009199271240893066,0.00018243268567249754
7,8,intrel,0.0007002581465395097,0.0002821918752491679
7,8,intrel,0.0009639747849184429,0.00020781156497896264
7,8,intrel,0.0008481716098148163,0.00017774851414257848
7,8,intrel,0.0009984605146368716,0.00029390331359415025
7,8,intrel,0.0009196401605839408,0.00016474130640733217
7,8,intrel,0.0008140469502262453,0.00022831159122557314
7,8,intrel,0.0009496744250660266,0.00027808196628668165
7,8,intrel,0.0008660483594422302,0.00023575876969038912
7,8,intrel,0.0009061130572037921,0.00026468639105008227
7,8,intrel,0.0008791102659767144,0.0001842431805276734
7,8,intrel,0.0009484468375438609,0.0003296081019279033
7,8,intrel,0.0009612270812652083,0.00023313792718475675
7,8,intrel,0.0008218783685076386,0.00019256441807569821
7,8,intrel,0.0009839427383606558,0.00033334153726636255
7,8,intrel,0.000885648837565632,0.00015992119841561257
7,8,intrel,0.0009045640340520449,0.00024018946907553005
7,8,intrel,0.0009139412908029191,0.00019891534428979551
7,8,intrel,0.0009589640782478097,0.00026203422357462883
7,8,intrel,0.0008446196578470262,0.00020529478621694896
7,8,intrel,0.000888948842696628,0.0001738160590567716
7,8,intrel,0.0008459716435322203,0.00027920807075720676
7,8,intrel,0.0010494361729870133,0.00015252056640095447
7,8,intrel,0.0007746105427067659,0.0002800094927655854
7,8,intrel,0.0008724625668156435,0.00020495846613181464
7,8,intrel,0.0009804848887980755,0.0002873074034776792
7,8,intrel,0.0010145432119334182,0.00024209316608053878
7,8,intrel,0.0008342605888888883,0.0002060783387088226
7,8,intrel,0.0008751674167048057,0.0002873240017950208
7,8,intrel,0.00091114430340909,0.0002145348102916566
7,8,intrel,0.0008236112264367815,0.00018734566929765896
7,8,intrel,0.0008965776234234243,0.0002500139277798058
7,8,intrel,0.001011003634640522,0.00018982128472888523
7,8,intrel,0.0007411274621958464,0.00021370580505693075
7,8,intrel,0.0008336018127316486,0.00023599111418068402
7,8,intrel,0.0009656335546465821,0.0002656903993950323
7,8,intrel,0.0008784508687285235,0.00019498978619331687
7,8,intrel,0.0008210249181395342,0.00018920814830046418
7,8,intrel,0.000999634943131673,0.00027135061832929245
7,8,intrel,0.000954381452927122,0.00021935414247730778
7,8,intrel,0.0008695877325443779,0.00019413616567155148
7,8,intrel,0.0008811556405346297,0.0002314737062754538
7,8,intrel,0.000740797843855982,0.0002658982291135883
7,8,intrel,0.0009292119590361439,0.00021372535954910444
7,8,intrel,0.0009603314228402362,0.0002520524724971287
7,8,intrel,0.0009320116773696149,0.00027034740073956
7,8,intrel,0.000938989205370844,0.00020787396341347003
7,8,intrel,0.0008797004123644739,0.00018451146408233644
7,8,intrel,0.0009310239344779583,0.000237661783337676
7,8,intrel,0.0008867945179812203,0.0002106550370240191
7,8,intrel,0.0008994615267171718,0.00014630409295449676
7,8,intrel,0.0008236395958836692,0.0002719848973873272
7,8,intrel,0.0008745302125592428,0.00021687079327425542
7,8,intrel,0.0006200726207580178,0.00016589973545495752
7,8,intrel,0.001100961235086907,0.0002444965365853305
7,8,intrel,0.0009043474378206579,0.00023373414199197813
7,8,intrel,0.0008921914012425323,0.0003034896576383778
7,8,intrel,0.001001154043510391,0.00022568197945729135
7,8,intrel,0.0006888994094039736,0.0002538433188684467
7,8,intrel,0.0008803462498469392,0.0001786225167283096
7,8,intrel,0.0008215750117817004,0.0002544174439622748
7,8,intrel,0.0008682622441981135,0.000274531991904956
7,8,intrel,0.000951925089383885,0.00021927501380228498
7,8,intrel,0.0008532056130108829,0.00024547227131305
7,8,intrel,0.0009066956201384088,0.00016493946358050885
7,8,intrel,0.0011375908872186273,0.0003380609485652838
7,8,intrel,0.0008330298565714284,0.0002212281271210456
7,8,intrel,0.0007739911117289717,0.0001937360610810183
7,8,intrel,0.00095983568217494,0.00033809622741158107
7,8,intrel,0.0008548423089473699,0.00021306014773487741
7,8,intrel,0.0009333643716572714,0.0002264216134098239
7,8,intrel,0.0008751785183980591,0.00021881619800089843
7,8,intrel,0.0009526152769444442,0.00024985328981324564
7,8,intrel,0.0009377314599516915,0.00025074039713259336
7,8,intrel,0.0008819157314869473,0.00017019359064168448
7,8,intrel,0.0007803182313700399,0.0002770674751411986
8,8,uniform,0.0008799905176334102,0.0002097777674351121
8,8,uniform,0.0008211191997674408,0.00017641209994815317
8,8,uniform,0.0009322737433490565,0.00022247236113214335
8,8,uniform,0.0009596520378082192,0.0002531332233418986
8,8,uniform,0.0008244119444921315,0.00023480360500867392
8,8,uniform,0.0009409795880290192,0.00022787956946914947
8,8,uniform,0.0009484319741531313,0.00027390197120408585
8,8,uniform,0.000885759155722544,0.0002177509003054986
8,8,uniform,0.0009361118607075485,0.0001850844327269357
8,8,uniform,0.0009435527450756701,0.0003629975883503162
8,8,uniform,0.0009446032721484822,0.00020718719506832736
8,8,uniform,0.000892810977365407,0.00018515010041189614
8,8,uniform,0.0009019471562785112,0.00020312548353763787
8,8,uniform,0.0009497154310429453,0.0002816560752396225
8,8,uniform,0.0006999732698027314,0.000165247786654619
8,8,uniform,0.0009779010505617958,0.00023240764508787216
8,8,uniform,0.000783726004821004,0.00025094992845759595
8,8,uniform,0.0008863946439717977,0.00020983670605641033
8,8,uniform,0.0008369228110305783,0.0006013361750854941
8,8,uniform,0.0008372078621428575,0.0002392575219184508
8,8,uniform,0.000983595527511962,0.00022730810125541176
8,8,uniform,0.0009116936059817933,0.00021691579221918734
8,8,uniform,0.0010930460332824422,0.00022956846332022085
8,8,uniform,0.0009254266498269904,0.0002547018746209988
8,8,uniform,0.0007728971446242781,0.00019799711999551772
8,8,uniform,0.0009223931569776624,0.0002652523905902217
8,8,uniform,0.0008970199698312706,0.00020814082334475636
8,8,uniform,0.0007550042543925225,0.00024223410458901982
8,8,uniform,0.0011048919340269296,0.00021789255343125787
8,8,uniform,0.0008980340412406942,0.00023487712876993662
8,8,uniform,0.0009007812625717846,0.00024733096085390656
8,8,uniform,0.0008952389729691214,0.00015551304179946038
8,8,uniform,0.0008860441891937417,0.00023636051952612543
8,8,uniform,0.000913030440487805,0.00024135932235706136
8,8,uniform,0.0009249022818805586,0.00019626743557833848
8,8,uniform,0.000919619625205479,0.00025521836105266957
8,8,uniform,0.0009002232664976939,0.0003714311877869867
8,8,uniform,0.0009312697035946907,0.00022828606749811443
8,8,uniform,0.0009289785386074434,0.00020467839874709662
8,8,uniform,0.0008822138565384631,0.0002307828574296223
8,8,uniform,0.0008769341610623553,0.0002113231030731895
8,8,uniform,0.0008459550016254411,0.00019754650827462293
8,8,uniform,0.0009295215446511634,0.00027562598637210963
8,8,uniform,0.0009105181205392162,0.0002138668784421947
8,8,uniform,0.000848973937582938,0.00022126048629753493
8,8,uniform,0.0009455665411846688,0.00021149195909682088
8,8,uniform,0.0008636345363380291,0.0002165727811399752
8,8,uniform,0.0009379333209356715,0.00031153125237058497
8,8,uniform,0.0008623909210623561,0.00019351752866815993
8,8,uniform,0.0009474871088343573,0.00023106217776277345
8,8,uniform,0.0009169318424719103,0.00025934845020072014
8,8,uniform,0.0009220332795667051,0.0002591020582887521
8,8,uniform,0.0009324460635294128,0.00026153359811049455
8,8,uniform,0.000778546067127072,0.0002687098465792581
8,8,uniform,0.0009676680138672766,0.00024426897782502973
8,8,uniform,0.0008497830694890497,0.00019475312809523498
8,8,uniform,0.0009712266747239271,0.0002522898605566282
8,8,uniform,0.0009034226685294124,0.0002982813585891864
8,8,uniform,0.000999070243941605,0.00020077243777947055
8,8,uniform,0.0009610851816602803,0.00022892001139789779
8,8,uniform,0.0008495512070136301,0.0002416931224904672
8,8,uniform,0.0008757282236363646,0.00021634626838563088
8,8,uniform,0.0008557752808066765,0.00018192828637532727
8,8,uniform,0.0009110244736150247,0.00023876978662542398
8,8,uniform,0.0009121161929973475,0.0003400511931099661
8,8,uniform,0.0009253471530085266,0.0001903750478724836
8,8,uniform,0.000897903737650131,0.00021914182586233946
8,8,uniform,0.0009513201369829673,0.00023642030486315787
8,8,uniform,0.0008203479164625846,0.00022869041166954048
8,8,uniform,0.0009171849053781503,0.0002401505883643729
8,8,uniform,0.0006571824195754728,0.00016886863080898938
8,8,uniform,0.000713154680664011,0.00024061503301578876
8,8,uniform,0.0009086319694977176,0.0002078159595257923
8,8,uniform,0.0008897890757708035,0.00020146364586036
8,8,uniform,0.0009155874738594325,0.00025024624352128986
8,8,uniform,0.0009027111364677794,0.0002501576175862295
8,8,uniform,0.000931107994289128,0.000239838752729972
8,8,uniform,0.0010151695171146738,0.00028203330572220515
8,8,uniform,0.0009070774687752694,0.0002150492990169357
8,8,uniform,0.0009057416306976749,0.00024266615473167438
8,8,uniform,0.0009315608167452837,0.00018857790907532746
8,8,uniform,0.0009774516436874237,0.0002979125304354326
8,8,uniform,0.0009526354257074353,0.00015327624114750622
8,8,uniform,0.0008038131829433047,0.0002291561915375631
8,8,uniform,0.0009216755102923968,0.00024785046588034015
8,8,uniform,0.000893504619216647,0.0001698233386842732
8,8,uniform,0.0009011887077411491,0.00022405812056878352
8,8,uniform,0.000926926679927798,0.0001696270633996111
8,8,uniform,0.0005781835369105698,0.00030455602772254457
8,8,uniform,0.0009174918001430277,0.00017955703897955938
8,8,uniform,0.0009799937299105985,0.0002658661778722482
8,8,uniform,0.0009762814579716989,0.0002866382658364371
8,8,uniform,0.0009284493494367958,0.0002010765832048403
8,8,uniform,0.0009336141235374131,0.00024645682280151533
8,8,uniform,0.0008949378562318835,0.0002883928074095571
8,8,uniform,0.0008780183843640608,0.0002304657536071038
8,8,uniform,0.0009271427774641141,0.00019239993829981247
8,8,uniform,0.000790872885277778,0.000246816606873628
8,8,uniform,0.000804741821085973,0.0002567124277677956
8,8,uniform,0.0009171944940651393,0.00019737459743819557
8,8,intrel,0.0008561505152601149,0.00025909556342346667
8,8,intrel,0.0009885559834647557,0.00024346998011177463
8,8,intrel,0.001027000047911548,0.0002218061027158273
8,8,intrel,0.0009050910899760201,0.00021885851626258457
8,8,intrel,0.0008849913085041215,0.00018770525212865298
8,8,intrel,0.001007262328297604,0.0002776761751371398
8,8,intrel,0.0010859791466266509,0.0001889046118414833
8,8,intrel,0.0009622414218390804,0.00022248245365985472
8,8,intrel,0.0009729073450205757,0.0002373855412233444
8,8,intrel,0.0009799132768720375,0.00018613245912953407
8,8,intrel,0.0009060436005988022,0.00022486041782189648
8,8,intrel,0.001048642220697674,0.00026487314943419565
8,8,intrel,0.0009667298464319238,0.00022015584786860232
8,8,intrel,0.0009897545109518212,0.00023749040374121803
8,8,intrel,0.0008097715006295411,0.00019360527617106772
8,8,intrel,0.0009097275244500634,0.00027264348038106456
8,8,intrel,0.0009796778101067622,0.00021074575913689433
8,8,intrel,0.0009899554298375866,0.00020613224584583692
8,8,intrel,0.000907917159540758,0.00024067035142206353
8,8,intrel,0.0009676950794458457,0.0002016568349594542
8,8,intrel,0.0008579235571129209,0.00019489509291542757
8,8,intrel,0.0010693889085470088,0.00028692116534900926
8,8,intrel,0.0011055981222415942,0.00029716319105361697
8,8,intrel,0.0009533668688327317,0.0002131023539785256
8,8,intrel,0.0008898063090237485,0.0001792079265003476
8,8,intrel,0.0009370914225268166,0.00027986141029675096
8,8,intrel,0.0009307939301796417,0.0002276766543720928
8,8,intrel,0.0009981260194724232,0.00022565461847585865
8,8,intrel,0.0007809325828128733,0.0003499025383881624
8,8,intrel,0.0009717012933408328,0.00021775192847343854
8,8,intrel,0.0009278902832057424,0.0001945477128322609
8,8,intrel,0.0008881388101359691,0.00026376174846973595
8,8,intrel,0.000961624327332522,0.0002118678260236873
8,8,intrel,0.0009507897853254435,0.00022078733439887408
8,8,intrel,0.000964747261121496,0.00022416369160408746
8,8,intrel,0.0009872797772966782,0.0002813561510017054
8,8,intrel,0.0008905297026566406,0.00023951192261149553
8,8,intrel,0.0009486980108176095,0.000219373021724336
8,8,intrel,0.0009732395146015412,0.0002836518725336976
8,8,intrel,0.0009203680518137267,0.0001839225879462193
8,8,intrel,0.0006257763045168812,0.0002013214617158811
8,8,intrel,0.0009206492338728321,0.0002556764172187286
8,8,intrel,0.0009959357060324826,0.0002145483867378973
8,8,intrel,0.001128702960000002,0.0002662268277754421
8,8,intrel,0.0008529495272289145,0.00018432966422146364
8,8,intrel,0.0010041370571495336,0.0002772054371717586
8,8,intrel,0.0009374435249088685,0.00022026897594059036
8,8,intrel,0.000915819345358852,0.00028530800981085256
8,8,intrel,0.0010023164137203174,0.00034036151803052897
8,8,intrel,0.0008959373867008991,0.0001786790895777503
8,8,intrel,0.0009146491512994337,0.00022954021356320868
8,8,intrel,0.0008989583333179719,0.00018786779738108554
8,8,intrel,0.0010061816687780545,0.0002743158819928699
8,8,intrel,0.0008660090292592591,0.0005744113775823259
8,8,intrel,0.0006919876916894976,0.0005508704784961546
8,8,intrel,0.0008603552864171122,0.0002906356312268365
8,8,intrel,0.000735291443622828,0.00019716637208972687
8,8,intrel,0.0009566546554305405,0.0002072563748785554
8,8,intrel,0.0009599229541176467,0.0002636855740465437
8,8,intrel,0.0010416571100882732,0.00028736545194358757
8,8,intrel,0.0010141874523875443,0.0005481356823101641
8,8,intrel,0.0008436785958865238,0.0002696315655530172
8,8,intrel,0.0009201011326651476,0.0002597630482923622
8,8,intrel,0.0009569416483272282,0.0002047865490131656
8,8,intrel,0.0009216874683333348,0.00024365662712059664
8,8,intrel,0.000967487482241169,0.000411338708340551
8,8,intrel,0.000964224004934384,0.0002533807465726866
8,8,intrel,0.0008186919774397981,0.00027127352601041506
8,8,intrel,0.0008988964835294123,0.00025618896512223145
8,8,intrel,0.0009519946803712289,0.0002453283271274304
8,8,intrel,0.0010451323253658521,0.00018975546742019568
8,8,intrel,0.0007817170624685144,0.0003017791058201834
8,8,intrel,0.0009727054824085009,0.0002771007826115369
8,8,intrel,0.0007994506286291488,0.00019542890229067969
8,8,intrel,0.001088755676477987,0.0002766666313406786
8,8,intrel,0.0010415244458711237,0.00039771017714413775
8,8,intrel,0.0009729723402597401,0.0003434166588172913
8,8,intrel,0.0008476619420633052,0.0002772791285370324
8,8,intrel,0.0008630780382812512,0.0003645881700266409
8,8,intrel,0.0010316131539759037,0.0004489844991332313
8,8,intrel,0.0008837426643583539,0.0002933924950948213
8,8,intrel,0.0010176996748967196,0.0003910205932714243
8,8,intrel,0.0010204304816069235,0.00045755963573524365
8,8,intrel,0.0010530596189261758,0.0003767754800249628
8,8,intrel,0.0010445633223870232,0.00031735436887446103
8,8,intrel,0.0009037871565420553,0.00041744312646078567
8,8,intrel,0.0007972940586982235,0.00028849249086471807
8,8,intrel,0.0009838308537123757,0.00025779683428891115
8,8,intrel,0.0009476450987919458,0.00045914730217087266
8,8,intrel,0.0010269362910460243,0.0003257470238218566
8,8,intrel,0.0009918760958718869,0.00032412642108188013
8,8,intrel,0.0009634636756054934,0.00030115546417699686
8,8,intrel,0.001002592135555554,0.0003572566805658417
8,8,intrel,0.0009852928158567765,0.00026267829235934937
8,8,intrel,0.0008070215055203625,0.0002032362774004898
8,8,intrel,0.0009860982895588235,0.0003457235991139857
8,8,intrel,0.0008958821066978935,0.00025267504597121143
8,8,intrel,0.0009474149309339415,0.00020412029208357257
8,8,intrel,0.0010132058781113795,0.0002879399604328594
8,8,intrel,0.0009489469395005942,0.00031727410189058753
9,8,uniform,0.0009519889270731693,0.00026305453269109987
9,8,uniform,0.0009792640818840589,0.0003628852728418381
9,8,uniform,0.0009497146388179676,0.0002553935853319564
9,8,uniform,0.0009964469320792096,0.0002362854662545896
9,8,uniform,0.0010920936044504026,0.00022996819012288677
9,8,uniform,0.0010353280037116149,0.00034833359629467134
9,8,uniform,0.0009496604376712319,0.00041219752927700856
9,8,uniform,0.0009303563276777254,0.0002952153181688363
9,8,uniform,0.001028990065152625,0.00026858201196796076
9,8,uniform,0.0005913032123943667,0.00026448815272408826
9,8,uniform,0.0009908756181481492,0.0003312289566861653
9,8,uniform,0.0008734716374016689,0.0002272597838360231
9,8,uniform,0.0010170570155296865,0.00034590118080898445
9,8,uniform,0.0009395730040686265,0.000305392663607702
9,8,uniform,0.001023119604836067,0.0002133959920629982
9,8,uniform,0.0009862461414336912,0.00020493606493515626
9,8,uniform,0.00046686313767918135,0.00036270565740852416
9,8,uniform,0.0009891208140903815,0.00023663556659073547
9,8,uniform,0.0008658053059740252,0.00018826945721996295
9,8,uniform,0.0007964294965936749,0.0003448465557847565
9,8,uniform,0.0009571675753210999,0.00021201609717765656
9,8,uniform,0.0009866522951834857,0.00024833509693767585
9,8,uniform,0.0009924305571567444,0.0003413671482373943
9,8,uniform,0.000795260732857143,0.00022791805544966073
9,8,uniform,0.0009452542760624253,0.00022373926399474095
9,8,uniform,0.0009480946220594968,0.00024878696123026826
9,8,uniform,0.0010597984129126208,0.0002921500302638276
9,8,uniform,0.0009665247081895515,0.0003301364567780217
9,8,uniform,0.0008059594909615385,0.00020104376011582272
9,8,uniform,0.0009420830520754715,0.0003061839162917701
9,8,uniform,0.0009472407529323301,0.0002944354021801399
9,8,uniform,0.0009686808762913912,0.00028033189212371576
9,8,uniform,0.0009723679103365376,0.00029230704254550857
9,8,uniform,0.0009442391583177579,0.00023532330341780006
9,8,uniform,0.0009712442664734311,0.00029255451162831403
9,8,uniform,0.0009008290815809292,0.00023962011028569698
9,8,uniform,0.0009953358897115375,0.00034061747885811834
9,8,uniform,0.0009557443662835257,0.00025841861065498855
9,8,uniform,0.0010446653587179492,0.000291220976228271
9,8,uniform,0.001047201518044012,0.0002904733284830215
9,8,uniform,0.0009368588605660372,0.00025148812564843216
9,8,uniform,0.0009468915779211472,0.0002848098912676255
9,8,uniform,0.0009815752148685862,0.00023734058225295532
9,8,uniform,0.0009543684425331744,0.0001936074598855407
9,8,uniform,0.0009556661440281029,0.00020770924348447397
9,8,uniform,0.0008342012890840655,0.0003432762316658471
9,8,uniform,0.0009492177827040199,0.00033259155137048364
9,8,uniform,0.000948016175955055,0.00030053952305664336
9,8,uniform,0.0010261820918562859,0.00021924417869329386
9,8,uniform,0.0010015533696601951,0.0003261406199094404
9,8,uniform,0.0009803095461538484,0.00030089685800034963
9,8,uniform,0.00107715929270073,0.00038786042712195403
9,8,uniform,0.0008942440118455969,0.0003422429781063388
9,8,uniform,0.0009348792561904776,0.00022777573885030165
9,8,uniform,0.0009969837282692287,0.00023654846768610764
9,8,uniform,0.000905749677735849,0.0002461557369925997
9,8,uniform,0.0010011800056570716,0.0003239512452257203
9,8,uniform,0.0010096641855120109,0.00025102677745880486
9,8,uniform,0.0010136358337320562,0.0002577053940253585
9,8,uniform,0.0009827137476923079,0.00028929369705471916
9,8,uniform,0.0009315700393757794,0.00032257870399676167
9,8,uniform,0.001011796812692308,0.0002564317049459047
9,8,uniform,0.001013280592276215,0.00029231701741914095
9,8,uniform,0.0009347573720190024,0.00021359604604343003
9,8,uniform,0.0010271672548387105,0.0002434943259145672
9,8,uniform,0.0009742645435023045,0.00023539253314083658
9,8,uniform,0.0008517873585934831,0.0003370965310974889
9,8,uniform,0.0009983598622561685,0.0002843884753629799
9,8,uniform,0.0009735540200000013,0.00020755718708725192
9,8,uniform,0.0010238375155555554,0.00036391860560593554
9,8,uniform,0.0009495850502857144,0.00026091297193105265
9,8,uniform,0.0009748986776638856,0.0002288604256947166
9,8,uniform,0.0011040041407494154,0.0003907404423768698
9,8,uniform,0.0010257842879041917,0.0004764472129254556
9,8,uniform,0.0007706305747826088,0.0004921067738315442
9,8,uniform,0.0008996456217073176,0.00032025692147062674
9,8,uniform,0.0010164110327659577,0.00034097747381900406
9,8,uniform,0.0009986647369590652,0.00033569181782405375
9,8,uniform,0.0009617134667129638,0.0002844560982474889
9,8,uniform,0.0009637791877892323,0.0003035202879339159
9,8,uniform,0.0009627338363486445,0.00019780154549464931
9,8,uniform,0.001004202173826851,0.00030228138026653154
9,8,uniform,0.001038800709127836,0.00028983444927083656
9,8,uniform,0.0009221658514487642,0.00018553380555156706
9,8,uniform,0.0007802972662697457,0.0002804747604578472
9,8,uniform,0.0009302171766666665,0.0002633439513615303
9,8,uniform,0.0010263037472352137,0.0003926062199145539
9,8,uniform,0.0009449523009791912,0.00025562791426092735
9,8,uniform,0.0009314911549640277,0.00020719605688662636
9,8,uniform,0.0010646280930521103,0.0003323617893741222
9,8,uniform,0.000969251857511519,0.0002173441290412114
9,8,uniform,0.0009890199632335334,0.00022080444449421797
9,8,uniform,0.0009305376914496297,0.00029464518064497175
9,8,uniform,0.0008727366478640766,0.00020794377927880114
9,8,uniform,0.0009271097089655171,0.00028207510027448984
9,8,uniform,0.000910073469032258,0.0002318612186611431
9,8,uniform,0.00102297695461063,0.0002522244682088289
9,8,uniform,0.0009598243274167617,0.0003130733100283742
9,8,uniform,0.0009567866606374494,0.00020232161639159338
9,8,uniform,0.001045731512713937,0.0002593262886273075
9,8,intrel,0.0007982806218957335,0.00020940956728677712
9,8,intrel,0.0009391660166708708,0.00022511815849735368
9,8,intrel,0.001034190425221674,0.0002452658244066533
9,8,intrel,0.0006444141944020363,0.00021976938171785172
9,8,intrel,0.0009691948253681717,0.00022842486027056913
9,8,intrel,0.0009636820530232573,0.0003191266142435795
9,8,intrel,0.0010402434561236605,0.0002906679216434348
9,8,intrel,0.0009807204814876055,0.0002222606472113735
9,8,intrel,0.0011073850170360486,0.00018930493102010417
9,8,intrel,0.001222518647500001,0.0002728033435374452
9,8,intrel,0.0010193014658503412,0.0002737953717140424
9,8,intrel,0.0009408510811764709,0.00029539833271881137
9,8,intrel,0.0009198852402287157,0.0002488040389658361
9,8,intrel,0.0011198932088040717,0.00025532037176429135
9,8,intrel,0.0009680898502150532,0.0003255276857528942
9,8,intrel,0.0011113853954887224,0.00024684215828344526
9,8,intrel,0.0010710487369346737,0.00023297675245738584
9,8,intrel,0.0009798194747619063,0.0002234143079995431
9,8,intrel,0.0013381707214484664,0.00021575571856919098
9,8,intrel,0.001001739785817309,0.00027086333345904617
9,8,intrel,0.0009864210201169588,0.00021602005081952167
9,8,intrel,0.0009416130391891913,0.0001805849150068753
9,8,intrel,0.0010038522530750609,0.0002337260627559952
9,8,intrel,0.0008583811636633674,0.00023302954213927875
9,8,intrel,0.0009782466660975602,0.00022868885949696395
9,8,intrel,0.0007822595554922889,0.00022147023880808253
9,8,intrel,0.0011009292451010114,0.0002617496868219329
9,8,intrel,0.0011035709183783806,0.00024099456449758124
9,8,intrel,0.0011349293564485994,0.0001632710064354604
9,8,intrel,0.0012410616620492862,0.00027561647103756487
9,8,intrel,0.0009701190621972536,0.00019904945500036234
9,8,intrel,0.0010043613198984778,0.00019930748451021325
9,8,intrel,0.001044937585750314,0.00021777972394181798
9,8,intrel,0.0010049129906832296,0.00024818505109890917
9,8,intrel,0.0009479024421076748,0.00024589193673628384
9,8,intrel,0.00098527706719615,0.0001852606278189889
9,8,intrel,0.0009876104624366717,0.0002764630291709592
9,8,intrel,0.0010617210664485986,0.00023950437210004785
9,8,intrel,0.0009998802199999992,0.0001550127522556121
9,8,intrel,0.001152158635154639,0.000368344830887418
9,8,intrel,0.0009474971793203891,0.0001989661628609007
9,8,intrel,0.000899533340712467,0.00019420000958251933
9,8,intrel,0.0010737133442183606,0.00018551517180191685
9,8,intrel,0.0008452180561785221,0.0002597923612218581
9,8,intrel,0.0009319183922314057,0.00021485738002508754
9,8,intrel,0.0008929751702625291,0.00014993324867238215
9,8,intrel,0.001247221980000002,0.0002693935890225198
9,8,intrel,0.0009637617271794867,0.00020763472188757895
9,8,intrel,0.001055550879141106,0.00020670296013678048
9,8,intrel,0.0009092576285992677,0.00021427661653749898
9,8,intrel,0.0011733626091591206,0.0002548960741965715
9,8,intrel,0.0010185179866336635,0.0002244892192222347
9,8,intrel,0.001433769608993289,0.00020319889344137706
9,8,intrel,0.00109578009854734,0.0003054130647333638
9,8,intrel,0.0009580965188235295,0.00021515522773210167
9,8,intrel,0.0010724506197435893,0.00018555947813196074
9,8,intrel,0.0009400964682134579,0.0002477855835206292
9,8,intrel,0.0013182386565789477,0.0002023638787597371
9,8,intrel,0.0009624215423167829,0.00022084792314106065
9,8,intrel,0.0009683112095788223,0.00019608011090436396
9,8,intrel,0.0011370048774217766,0.00030730132021874134
9,8,intrel,0.0010274514213459269,0.00018685672499118783
9,8,intrel,0.0009269369128155348,0.0002010528532522289
9,8,intrel,0.0010001292435148509,0.0002229542452177722
9,8,intrel,0.0009927898487640458,0.0001918350222687625
9,8,intrel,0.0009233034517678109,0.00023102512322070387
9,8,intrel,0.001045522387680412,0.00023359300309852484
9,8,intrel,0.0013023362708585856,0.00025225479873965584
9,8,intrel,0.0009366505268801904,0.00019197408433667998
9,8,intrel,0.0009563797986634271,0.00020459946488949395
9,8,intrel,0.001098819666304045,0.00032021113263637464
9,8,intrel,0.0011280771873891635,0.00018558733714033979
9,8,intrel,0.0010580157667057443,0.00021811981969862843
9,8,intrel,0.0009727191453107353,0.0002529262974108427
9,8,intrel,0.0009639050076631084,0.00018194247949976218
9,8,intrel,0.0010475942224030031,0.00021998866217898537
9,8,intrel,0.0009847034876796228,0.0002267407220545951
9,8,intrel,0.0009603402568831159,0.00026976407409293445
9,8,intrel,0.0008985354781113813,0.00018782215596065377
9,8,intrel,0.0010111828804923793,0.0002546495373480769
9,8,intrel,0.0008272122215782973,0.00025748655870141393
9,8,intrel,0.0012501009049999993,0.00021550334522838735
9,8,intrel,0.0009607792939578469,0.00027943603381510185
9,8,intrel,0.000950466128290284,0.00021992740263209118
9,8,intrel,0.0009113943021428578,0.00018811845223496305
9,8,intrel,0.001018477934130738,0.0002504310106714028
9,8,intrel,0.000980351455119616,0.0002310605395632692
9,8,intrel,0.0010361263749108201,0.00026110514031715885
9,8,intrel,0.0007828552430614809,0.00015409616376147654
9,8,intrel,0.0009870759044444464,0.0002629946100900245
9,8,intrel,0.0008978997648920859,0.00020663557959779916
9,8,intrel,0.0009479575526728125,0.00017101428258842254
9,8,intrel,0.0010591556786005822,0.00023068817295645008
9,8,intrel,0.0009231289587032422,0.00022874671031683028
9,8,intrel,0.0009399046748571419,0.00022676149455418102
9,8,intrel,0.001120874095679613,0.00021357820064141447
9,8,intrel,0.0011926643291183883,0.00025565226512177565
9,8,intrel,0.0011063331175891757,0.00021512572284330972
9,8,intrel,0.0009694301351501153,0.0001988523967745361
10,8,uniform,0.001081690513771289,0.0002761456636131529
10,8,uniform,0.001028423270193236,0.00021412980645406054
10,8,uniform,0.0010069262149342898,0.00022381150155513125
10,8,uniform,0.001013475223467279,0.00021392829252282395
10,8,uniform,0.001054510619711538,0.0003140361517755002
10,8,uniform,0.001051907216754057,0.00024401036908653276
10,8,uniform,0.0010579896250000006,0.00023145136296004958
10,8,uniform,0.0011026403337349394,0.00028338571309559655
10,8,uniform,0.0008572683137500011,0.0011211339820338178
10,8,uniform,0.0010836718227791567,0.00022080181818250313
10,8,uniform,0.0010668310473604071,0.0002502485193779053
10,8,uniform,0.0009833761846596866,0.00021786163087660692
10,8,uniform,0.0011170979392076837,0.00020120291419566108
10,8,uniform,0.0010551014072596144,0.0002296596135208277
10,8,uniform,0.0010082964678859861,0.0002747488030660554
10,8,uniform,0.0009964602903423847,0.00018347880700502408
10,8,uniform,0.001066482041729598,0.0002144768977331307
10,8,uniform,0.0010396356580587498,0.0002555541548688005
10,8,uniform,0.0010618866257803474,0.00023280417202114955
10,8,uniform,0.001066899118181819,0.00020206076055322587
10,8,uniform,0.0011187052396911205,0.0003433234903940684
10,8,uniform,0.0010655275693765593,0.00023331479803393604
10,8,uniform,0.001105996553418694,0.0002411910980822335
10,8,uniform,0.0010888386874327624,0.00023398618160032556
10,8,uniform,0.0011150168996319025,0.0002842143530713866
10,8,uniform,0.0010767949055683276,0.0002166537996500692
10,8,uniform,0.0010769698246875016,0.00023845861110723723
10,8,uniform,0.0011095239537150465,0.0002941255772546944
10,8,uniform,0.0010484037808182914,0.00019238529263773034
10,8,uniform,0.0010099195543942995,0.0002202788000958234
10,8,uniform,0.001305617443941413,0.0002515271370838744
10,8,uniform,0.0008765663092307692,0.0002200227852587093
10,8,uniform,0.0010489602438725483,0.00024831900264456127
10,8,uniform,0.0009062150741057932,0.000202900792887908
10,8,uniform,0.0010555446707692312,0.00027924926161016655
10,8,uniform,0.0010011788095471218,0.00015374094155245964
10,8,uniform,0.001094750612499999,0.000252220084977236
10,8,uniform,0.0010768120096260555,0.0002742694024807343
10,8,uniform,0.0012087816182619977,0.00016185467119724518
10,8,uniform,0.0013652810406675217,0.00023381004376667752
10,8,uniform,0.00093773756699638,0.00022073073154285942
10,8,uniform,0.001023095086459627,0.00024399140164998206
10,8,uniform,0.0010549982761971853,0.0002442905366873934
10,8,uniform,0.0010195924284474881,0.00022428871698298332
10,8,uniform,0.0010254391921212128,0.0002470194918874076
10,8,uniform,0.0010260303442236021,0.00019765441512454093
10,8,uniform,0.001007587853589743,0.0002136186742109328
10,8,uniform,0.0010405698524137952,0.000267866596968942
10,8,uniform,0.0009673120989460467,0.00022335558451000906
10,8,uniform,0.001115375346707769,0.00024844037289172217
10,8,uniform,0.0009921314493147506,0.00023551291043232597
10,8,uniform,0.0009041824566866747,0.00021889028846796258
10,8,uniform,0.0010402872511193113,0.00023349189261687015
10,8,uniform,0.0017176325159656666,0.00025939871706787674
10,8,uniform,0.0010777826133333349,0.0002490287682815754
10,8,uniform,0.0012073825565552714,0.00023898076207419923
10,8,uniform,0.0010354808203030307,0.0002365885658213067
10,8,uniform,0.0010959959420462856,0.0002543859626477226
10,8,uniform,0.0009780165926968982,0.00018267825232368522
10,8,uniform,0.0011065654275207591,0.00023471785784620456
10,8,uniform,0.0010636094573487794,0.0002867484044456066
10,8,uniform,0.0010232193885861172,0.0001982131732740276
10,8,uniform,0.001086221321617818,0.0002180798644796332
10,8,uniform,0.0010622569169696971,0.00035241287094030927
10,8,uniform,0.0010765388756862754,0.00022353415113890638
10,8,uniform,0.0010617729743063937,0.00025347807124148245
10,8,uniform,0.0010115902735081154,0.0001941402741299413
10,8,uniform,0.0007268831373824648,0.00024528137184978016
10,8,uniform,0.0011623131173934815,0.00017285511788408482
10,8,uniform,0.0009628587530049262,0.00023433346637090493
10,8,uniform,0.0011099516490624983,0.0002990572640324657
10,8,uniform,0.0009980936335937498,0.0001895635666779778
10,8,uniform,0.0010543266472641504,0.00023585689244805483
10,8,uniform,0.0010724755360450563,0.00026803788991492316
10,8,uniform,0.0010353908860979472,0.0001969354195309427
10,8,uniform,0.0010370053582447471,0.0002839082948633819
10,8,uniform,0.0009947149941205418,0.00018546970368695957
10,8,uniform,0.0010871828092326441,0.0002659346471442296
10,8,uniform,0.0010023223136890961,0.00023787142859557276
10,8,uniform,0.001022434875622732,0.00021962351387333178
10,8,uniform,0.0010744250947568213,0.00038837200179974037
10,8,uniform,0.001058982279657703,0.00015779140093011976
10,8,uniform,0.0010837463992629,0.0002146451159799278
10,8,uniform,0.0010306896363218416,0.000260646424985651
10,8,uniform,0.0009675839570754712,0.00022436112037976566
10,8,uniform,0.001118901990772948,0.0002734752480158384
10,8,uniform,0.000949590955348838,0.00018556516184032717
10,8,uniform,0.0006887517202567373,0.00026503323008002493
10,8,uniform,0.0008594860434314986,0.00022288784493318452
10,8,uniform,0.0008164199465060243,0.00018388168943861484
10,8,uniform,0.0009563717292636568,0.00028066289698542636
10,8,uniform,0.0010811306774025963,0.00016659170518740522
10,8,uniform,0.0011827785913981353,0.00024391378364258128
10,8,uniform,0.001371366605,0.0002712681229581583
10,8,uniform,0.000942657496622114,0.0001729425851522266
10,8,uniform,0.001132769883138174,0.00022891549475802497
10,8,uniform,0.0009794158820025038,0.00026814269065531877
10,8,uniform,0.001158364894074075,0.0003090066830465627
10,8,uniform,0.0009718106060240962,0.00024267207771994824
10,8,uniform,0.0009473269878571451,0.0001950537998551121
10,8,intrel,0.0011412956392822977,0.0003505755711913171
10,8,intrel,0.001132407767664671,0.0002099785077358451
10,8,intrel,0.001009329191100125,0.00018628721587663085
10,8,intrel,0.0011499242143511459,0.0002900023360991436
10,8,intrel,0.0012982350667669177,0.0001952828989159635
10,8,intrel,0.00115609018,0.0003373457191884138
10,8,intrel,0.00108506199133418,0.00030074087703555363
10,8,intrel,0.0010751801420125797,0.00021688803454213685
10,8,intrel,0.001073269113696681,0.0002571408769849524
10,8,intrel,0.0011322407278771698,0.000236380191865323
10,8,intrel,0.0011231432729769126,0.00029530935549058434
10,8,intrel,0.0009633856013664598,0.0001808909223114621
10,8,intrel,0.001041177253651551,0.0002258174619048693
10,8,intrel,0.0010988551993120386,0.0002482143433664933
10,8,intrel,0.0012032775057894747,0.00021408795340687058
10,8,intrel,0.0011753038145172823,0.00021543409646683183
10,8,intrel,0.0012015667495261235,0.00030862005152722824
10,8,intrel,0.00102004583338843,0.0001752770282738962
10,8,intrel,0.000920224615802469,0.00023389039410572624
10,8,intrel,0.0011712865043750006,0.00020892377508554302
10,8,intrel,0.0012126442676646718,0.0006622307330237899
10,8,intrel,0.001150106307856226,0.00021206869943588352
10,8,intrel,0.0009518573124120605,0.0002008326292696007
10,8,intrel,0.0010855920033333334,0.0002886658247345291
10,8,intrel,0.0010696280500000004,0.00020697507720935317
10,8,intrel,0.0011068067424685136,0.00020155453325652295
10,8,intrel,0.001194437005259166,0.00031107704639156376
10,8,intrel,0.0010813691500132089,0.00025136650258770284
10,8,intrel,0.0011281108055455702,0.00022701197424716599
10,8,intrel,0.001173117071556662,0.00021752461155308538
10,8,intrel,0.001106263706935685,0.0002774861258942067
10,8,intrel,0.0011079328807542263,0.00022094449419287569
10,8,intrel,0.00105817663144654,0.000171792665044348
10,8,intrel,0.0009459973684393064,0.00037555337494586064
10,8,intrel,0.0011395842243804763,0.00021527967890985094
10,8,intrel,0.0010809431352405716,0.00020548348909926747
10,8,intrel,0.001138173520467676,0.0003513015077489955
10,8,intrel,0.0010158647581818172,0.00018284684326032506
10,8,intrel,0.0012590870174352667,0.0002674922350140801
10,8,intrel,0.0013049348176530594,0.00021805522639485112
10,8,intrel,0.0011091641551156794,0.0002874718651781793
10,8,intrel,0.0011417492257873476,0.00023263550930706999
10,8,intrel,0.001040217028431373,0.00018827230644322143
10,8,intrel,0.0012438133529081626,0.00028353037368608744
10,8,intrel,0.0010631796325529267,0.0001906595713383747
10,8,intrel,0.0007631917947058831,0.00020011217193562327
10,8,intrel,0.0012410879501185757,0.0003039724400043924
10,8,intrel,0.0008833104181154298,0.00018592579379384647
10,8,intrel,0.0010719573488491066,0.00024777959856140194
10,8,intrel,0.0010804880603295303,0.00019807271683294108
10,8,intrel,0.001203561410646767,0.0003680346614877994
10,8,intrel,0.0010573167465648848,0.00026566203512803596
10,8,intrel,0.0010277665594647211,0.0001585991456271625
10,8,intrel,0.0011799163829787258,0.00034658769481439046
10,8,intrel,0.0009740809551515156,0.00019434399556827764
10,8,intrel,0.0010498359299033824,0.0002449785495801726
10,8,intrel,0.0012284741049238608,0.0002415788188503453
10,8,intrel,0.0010149747102631583,0.00017618551346333498
10,8,intrel,0.001274488241554676,0.00024751193702776664
10,8,intrel,0.0010900497707840764,0.00017749310566386265
10,8,intrel,0.0008010005481818168,0.0002538903682100855
10,8,intrel,0.0010741222715384615,0.00020971802257473943
10,8,intrel,0.0009010039673081918,0.00020982667502555968
10,8,intrel,0.001363845029795918,0.0002727813516073058
10,8,intrel,0.0011274252748578494,0.00019526050585339305
10,8,intrel,0.0008094818263316597,0.00019971920505494533
10,8,intrel,0.001148139786062407,0.00026915201402570745
10,8,intrel,0.001028386912752421,0.0002845066605308882
10,8,intrel,0.0011540362851964515,0.0002446617123160916
10,8,intrel,0.001150240053491686,0.00019154079266399239
10,8,intrel,0.0010722956018404907,0.00028803835896507415
10,8,intrel,0.0010512729743203878,0.00020649125551383218
10,8,intrel,0.0011472827419164615,0.0002033281196407891
10,8,intrel,0.0008809823391154802,0.0002673708477632929
10,8,intrel,0.0011725408661813538,0.00023604900746975575
10,8,intrel,0.0010230204285365853,0.0002253275098201475
10,8,intrel,0.00110453939291262,0.00028051531101325135
10,8,intrel,0.0011923954469722565,0.0002098976720084922
10,8,intrel,0.000965547673673966,0.00022570096265260402
10,8,intrel,0.001337336075,0.00023675535554808653
10,8,intrel,0.001382951232298137,0.00024834895748231697
10,8,intrel,0.0010104772056131468,0.00020506690927777908
10,8,intrel,0.0010258060468310733,0.00020447254216929067
10,8,intrel,0.001194530009516908,0.0002821884748579171
10,8,intrel,0.0011357917382565387,0.00030597897458629745
10,8,intrel,0.0011061466780443285,0.00023951387731351113
10,8,intrel,0.0011260336844017712,0.00026891023022312363
10,8,intrel,0.0011502204549936142,0.0001962793588346092
10,8,intrel,0.0012159838937713535,0.0002209325617114013
10,8,intrel,0.001051945192804096,0.0002464989323618006
10,8,intrel,0.0009989619794138346,0.00026874170131813016
10,8,intrel,0.0009576072042770351,0.00021903330722358082
10,8,intrel,0.0011429050493708167,0.00022781119618068532
10,8,intrel,0.0010239070200000005,0.000280320045794272
10,8,intrel,0.0009535231775757593,0.00023767505722576126
10,8,intrel,0.001385921349381444,0.0001883963141447037
10,8,intrel,0.0009668422614201188,0.00027502200864354875
10,8,intrel,0.0009578999261310278,0.0002141406666666019
10,8,intrel,0.001110011109814127,0.00020678985711344668
10,8,intrel,0.0011775890486299624,0.00023825200573037526
11,8,uniform,0.001044924598601398,0.00023113283150671187
11,8,uniform,0.0010251010752380947,0.00020967124786647155
11,8,uniform,0.0013365102971352792,0.00018498383561278318
11,8,uniform,0.0012630086524906135,0.0002737824958006117
11,8,uniform,0.0011560249474129357,0.00029117294525276996
11,8,uniform,0.0012071306700000024,0.00015648642055772523
11,8,uniform,0.001222643517888197,0.0002817910199975793
11,8,uniform,0.0011416837592176043,0.00017562745236872202
11,8,uniform,0.0009000428099248125,0.00020832160826241835
11,8,uniform,0.001280584092207792,0.00030169577757034735
11,8,intrel,0.0010521516998014892,0.00020607676637919166
11,8,intrel,0.0011345045417220166,0.00021832307089982307
11,8,intrel,0.0012635390817821773,0.00023032530488408334
11,8,intrel,0.0012803212039593905,0.00029707147762796516
11,8,intrel,0.0011165634831818189,0.00025315445777178956
11,8,intrel,0.0012993880101808788,0.00019337851824815526
11,8,intrel,0.0011963998287499995,0.0002531898424789975
11,8,intrel,0.0014804598886419755,0.00021235779314386112
11,8,intrel,0.0011049766137032535,0.0002190820171729115
11,8,intrel,0.0012062375160925465,0.00025790362653954336
12,8,uniform,0.0012588946410796915,0.00018671204195170885
12,8,uniform,0.0016721295876190477,0.00021761418859607512
12,8,uniform,0.0014141698314093976,0.00023130675583666487
12,8,uniform,0.0012851445721180999,0.00026427863911514124
12,8,uniform,0.0021567462548397983,0.0002155587045500457
12,8,uniform,0.0016459848099999997,0.00023362092723111405
12,8,uniform,0.0014905464746073306,0.0003001097060456884
12,8,uniform,0.0015055789243010758,0.0002123179155863948
12,8,uniform,0.0014577797991814447,0.00020275231521592183
12,8,uniform,0.0013006553152873546,0.0002548482011990517
12,8,intrel,0.0016937622604081637,0.0002141581985700601
12,8,intrel,0.0012451370965217404,0.0001915555218943262
12,8,intrel,0.001204523310062579,0.00021251664466841253
12,8,intrel,0.001344733742771739,0.00027477092106090124
12,8,intrel,0.0011687153709002438,0.000201093516472119
12,8,intrel,0.001089454121225491,0.00022869726203883077
12,8,intrel,0.001304432940784313,0.00027110253901610856
12,8,intrel,0.002068088361618123,0.00023796969062906897
12,8,intrel,0.0014318555210498696,0.0002443213812915453
12,8,intrel,0.0010342262109933774,0.00024085458791210245
13,8,uniform,0.0015237750227816396,0.00021800594971223405
13,8,uniform,0.0015076889934556577,0.00017094569487521969
13,8,uniform,0.0018706729762682209,0.0002509591618659529
13,8,uniform,0.0014889771667400277,0.0002750049675803686
13,8,uniform,0.0014579268838928062,0.00021044940836617367
13,8,uniform,0.0015803379608633123,0.0002502607974231013
13,8,uniform,0.0014021971164574622,0.00029214124921551774
13,8,uniform,0.0014822514947311844,0.00023218272853135628
13,8,uniform,0.0014867552982320432,0.0002148325257676265
13,8,uniform,0.0015444549173936877,0.00031238362346701115
13,8,intrel,0.0017012000355431747,0.00023839208634363
13,8,intrel,0.0015317535698002643,0.00019415212100429882
13,8,intrel,0.0012601730838144335,0.0002621716676567438
13,8,intrel,0.0011617419145655604,0.00021575473077123773
13,8,intrel,0.001438939429116021,0.0001963484217059729
13,8,intrel,0.0014468578831413614,0.0002514401866967583
13,8,intrel,0.0015066431553495017,0.00028025203492100585
13,8,intrel,0.0014128265289192882,0.000248662953633202
13,8,intrel,0.0018501546892581607,0.00022826006101106836
13,8,intrel,0.0019427642508933727,0.00035978579223396056
14,8,uniform,0.002394401861571195,0.00023065784487551514
14,8,uniform,0.0020286751675167793,0.0002137594075529553
14,8,uniform,0.0017861062608418002,0.00027298233542958944
14,8,uniform,0.001243354077815126,0.0002216106110577355
14,8,uniform,0.0017535128896681118,0.00021801323269940025
14,8,uniform,0.0017829077058249647,0.0002274179678776564
14,8,uniform,0.0018902031371014504,0.0002506602098674238
14,8,uniform,0.0016876875827118644,0.0002415385543409091
14,8,uniform,0.0012974937178347578,0.00022566691486946018
14,8,uniform,0.002010866446666666,0.000289767803463892
14,8,intrel,0.0015191780674932629,0.00025477139082002976
14,8,intrel,0.0016603169278195484,0.00020376571827305788
14,8,intrel,0.001605687259779615,0.00030061673927911516
14,8,intrel,0.0025630565702245258,0.0002397517876416002
14,8,intrel,0.0014855078617204307,0.0002518344510873359
14,8,intrel,0.0019577244104635764,0.00025613000007511047
14,8,intrel,0.001414358780206187,0.00024931202849904743
14,8,intrel,0.0012915314726854221,0.0002258595886521011
14,8,intrel,0.0014181554075880787,0.00020921649286228486
14,8,intrel,0.0021280327656441724,0.0003046129564201258
15,8,uniform,0.0024450725264406757,0.00023063209617223067
15,8,uniform,0.002488353820762855,0.00023832351549809536
15,8,uniform,0.0032847366500389124,0.00037763846187845466
15,8,uniform,0.0021791714000632912,0.0002228746504246367
15,8,uniform,0.0017527556497829223,0.00023995263511593896
15,8,uniform,0.0021744015414886715,0.00025189314941740526
15,8,uniform,0.002320501222725785,0.00021148065486470988
15,8,uniform,0.002620805004285714,0.00026269734667223437
15,8,uniform,0.0032625357037475372,0.0002183769979676841
15,8,uniform,0.0018767659170304091,0.0002569241696648769
15,8,intrel,0.0015796531443986234,0.00019955050453807763
15,8,intrel,0.0020122616438993718,0.00022853851810347578
15,8,intrel,0.0016947984770278636,0.0003369517496517307
15,8,intrel,0.001876880712095809,0.00020723739145415304
15,8,intrel,0.0024540375223529387,0.0002210594967181393
15,8,intrel,0.0019442935037237252,0.000318509241041642
15,8,intrel,0.0015157554018696883,0.00021462294143157612
15,8,intrel,0.00230053975026316,0.00021157688385622998
15,8,intrel,0.0018551903512386708,0.0002169451763382171
15,8,intrel,0.0015397394989784935,0.00028940155138704773
1,8,uniform,0.0006587097399999994,0.00017042598042747668
1,8,uniform,0.0008321495599999996,0.00012090573491480414
1,8,uniform,0.0008069671199999993,0.00015990343591281035
1,8,uniform,0.0008604047600000002,0.00010105997744909266
1,8,uniform,0.0008974267400000003,0.0002125198986443126
1,8,uniform,0.0008798402199999992,0.00022069846706130773
1,8,uniform,0.0007392803599999997,0.0001521435498440718
1,8,uniform,0.0008244095400000004,0.00011470407219744974
1,8,uniform,0.0009515114999999998,0.000214870731278651
1,8,uniform,0.0008405805799999997,0.0001299965476490306
1,8,intrel,0.0008520701000000002,0.00010202002594158767
1,8,intrel,0.0007495864200000004,0.00017856517270736506
1,8,intrel,0.0009106635399999995,0.0002561381831075866
1,8,intrel,0.0008144319199999998,0.00014133871364762965
1,8,intrel,0.0008856825400000003,0.00015012642796763737
1,8,intrel,0.0007626434000000007,0.00015946895914684396
1,8,intrel,0.0008654271000000004,0.0001632855989815595
1,8,intrel,0.0008122729400000007,0.00014380082919715348
1,8,intrel,0.0008687685399999997,0.0001419779242339769
1,8,intrel,0.0008568895200000003,0.0002462443921243014
2,8,uniform,0.00079620334,0.00010600638821085786
2,8,uniform,0.0007525432399999998,0.00014309868045730617
2,8,uniform,0.0011273357000000002,0.00045037847923057393
2,8,uniform,0.0006410327599999999,0.00013846294011499565
2,8,uniform,0.000913074639999999,0.0002878173471761407
2,8,uniform,0.0007763514199999992,0.00014043346791832307
2,8,uniform,0.0009202488799999995,0.0001897658678626258
2,8,uniform,0.0007580394200000001,0.00011662517244769915
2,8,uniform,0.0007828066400000007,0.00019170876118474318
2,8,uniform,0.0008062469000000006,0.00011985155520429807
2,8,uniform,0.00096945924,0.00023371822853696198
2,8,uniform,0.0008121784599999999,0.00012239575711695786
2,8,uniform,0.0008231598999999997,0.00011279760860689083
2,8,uniform,0.0008244162999999999,0.0002472520172604822
2,8,uniform,0.0008255382199999998,0.00011274654308694142
2,8,uniform,0.0008370206599999996,0.0000741075449049106
2,8,uniform,0.0008360569800000006,0.00008943953778180111
2,8,uniform,0.0007597413599999998,0.00005863761665196003
2,8,uniform,0.0008357486000000007,0.00010868469524597795
2,8,uniform,0.000814615740000001,0.00012586864567812136
2,8,uniform,0.0008104023399999997,0.00016498076204983538
2,8,uniform,0.0009561338200000004,0.00018791580874612734
2,8,uniform,0.0008087461399999994,0.00024767798809119065
2,8,uniform,0.0008351117600000005,0.00020369530927408875
2,8,uniform,0.0007012992200000002,0.00011953336576877232
2,8,uniform,0.0008193070600000001,0.00008118638555550237
2,8,uniform,0.0007786855999999998,0.00009009818005937254
2,8,uniform,0.0008243487000000006,0.00010232426434103173
2,8,uniform,0.0007585631599999999,0.00007834612844642952
2,8,uniform,0.0011922100599999995,0.0006621335319522793
2,8,uniform,0.0007917195200000008,0.00010696676986574439
2,8,uniform,0.0008227562399999996,0.00015898774903480947
2,8,uniform,0.0008524473000000004,0.00014232789090722872
2,8,uniform,0.000805255780000001,0.0004912366400402268
2,8,uniform,0.0008096898399999998,0.00016508086499992126
2,8,uniform,0.0007749034800000008,0.00014316319355822186
2,8,uniform,0.0008051180400000003,0.00008996438544501935
2,8,uniform,0.0007887030799999994,0.00014139419892253167
2,8,uniform,0.0007724058999999996,0.00009684357894254017
2,8,uniform,0.0008688416400000004,0.00008568144682621395
2,8,uniform,0.0006492780200000004,0.00013384400548466032
2,8,uniform,0.00058623906,0.00011914452351497784
2,8,uniform,0.0008991689999999997,0.00020081134044127645
2,8,uniform,0.0007405634599999998,0.00007664415872473407
2,8,uniform,0.0007829667199999998,0.00017317400886263372
2,8,uniform,0.0008292758199999996,0.00013020018183913736
2,8,uniform,0.00082283398,0.00013054448061650605
2,8,uniform,0.0007764639800000004,0.00011685759604488226
2,8,uniform,0.0007672887599999996,0.00016474602797063122
2,8,uniform,0.0008523494599999998,0.00016286221570872592
2,8,uniform,0.0009310122199999999,0.00020427311147731185
2,8,uniform,0.0007403131799999998,0.00010618514511110614
2,8,uniform,0.0008165323,0.00008993295705604502
2,8,uniform,0.0008070400200000006,0.0001507401399636695
2,8,uniform,0.0007633733000000002,0.00015894895689878282
2,8,uniform,0.0008157681600000013,0.00009780188745508843
2,8,uniform,0.0007862669400000001,0.00018218278138119664
2,8,uniform,0.0007723174600000001,0.00011565172341205204
2,8,uniform,0.0008477730000000011,0.00022676391571316344
2,8,uniform,0.0009013332199999995,0.0003925550841262775
2,8,uniform,0.0008538131400000004,0.00009250221253113663
2,8,uniform,0.0008852484999999997,0.00023095906866407685
2,8,uniform,0.0007960957400000004,0.00008128314561689756
2,8,uniform,0.0007438811000000003,0.00019098517245788127
2,8,uniform,0.0005350887200000005,0.00016934085687144606
2,8,uniform,0.0007882025800000001,0.00014119837434474944
2,8,uniform,0.0008720214000000002,0.00015058951161902196
2,8,uniform,0.0008474986399999999,0.0001781989871982691
2,8,uniform,0.00082863126,0.0002579193214531328
2,8,uniform,0.0007807734200000005,0.00010666262330570889
2,8,uniform,0.00089991454,0.0002542396759835753
2,8,uniform,0.0016591398199999993,0.000802687189466205
2,8,uniform,0.0006504501599999993,0.00013613042141678367
2,8,uniform,0.0007593575599999994,0.0001298728174633853
2,8,uniform,0.0008503750799999999,0.00016421682080174782
2,8,uniform,0.0009546047799999999,0.0002949254924772245
2,8,uniform,0.0008279338599999997,0.00016646362663920832
2,8,uniform,0.00078532072,0.0001053926720341072
2,8,uniform,0.0007557444199999999,0.0001244505521209573
2,8,uniform,0.0007532462199999997,0.00009452177248214653
2,8,uniform,0.0008007500799999997,0.0001755428907501906
2,8,uniform,0.0008651630799999994,0.00018379697194833699
2,8,uniform,0.0008528507399999996,0.00018726935404574641
2,8,uniform,0.0008904903999999991,0.00023615263148276224
2,8,uniform,0.0008473566199999995,0.00027229416164363697
2,8,uniform,0.0008025260999999989,0.00016257564981635812
2,8,uniform,0.0008121198999999997,0.00012498680650288208
2,8,uniform,0.0008368074,0.00014552508820547442
2,8,uniform,0.0007956453800000001,0.00012981354824520867
2,8,uniform,0.000844209760000001,0.00009503644322960185
2,8,uniform,0.0012062326599999998,0.00041809887046009945
2,8,uniform,0.0008019551400000009,0.0006790510482653553
2,8,uniform,0.0008071337000000007,0.00015663917720800253
2,8,uniform,0.00021726803999999985,0.00011370778116421446
2,8,uniform,0.00140800936,0.0003636927938100904
2,8,uniform,0.0007783770800000002,0.00014825266221034806
2,8,uniform,0.0008437254799999996,0.00013775807969754645
2,8,uniform,0.0008496761799999999,0.00012949859490031372
2,8,uniform,0.0007034876600000005,0.00013975268964937072
2,8,uniform,0.0007951391600000003,0.00012492138203686352
2,8,intrel,0.0008791781600000003,0.00023285899806821581
2,8,intrel,0.0008069112599999997,0.00006944732360285748
2,8,intrel,0.0007075423799999993,0.00014368452862186968
2,8,intrel,0.0006402470800000004,0.0001240032456571646
2,8,intrel,0.0006404444000000008,0.00011676615614866042
2,8,intrel,0.0008892536199999995,0.0002565193356032294
2,8,intrel,0.0008096155599999998,0.00033312987377179346
2,8,intrel,0.0007564424999999999,0.00012614199475564566
2,8,intrel,0.0007830592600000004,0.00009384596596527505
2,8,intrel,0.0008699589400000002,0.00015713243357951987
2,8,intrel,0.0007165434600000002,0.00013390705891944447
2,8,intrel,0.0007719016400000004,0.00010549995093205818
2,8,intrel,0.0007923012599999997,0.00012191767096346441
2,8,intrel,0.00074582804,0.00013661492598931739
2,8,intrel,0.0008208899600000007,0.00009777898991114834
2,8,intrel,0.0008434982000000004,0.00008535760176913236
2,8,intrel,0.0008851671199999994,0.0002504611481776276
2,8,intrel,0.0008416098000000006,0.00019541669944517142
2,8,intrel,0.0007215868999999997,0.00007883470664660042
2,8,intrel,0.0008925922199999995,0.00021384550647085798
2,8,intrel,0.0009686795400000002,0.000239194439066282
2,8,intrel,0.000750191540000001,0.00017009274122891513
2,8,intrel,0.0008470036199999996,0.0001630636446084439
2,8,intrel,0.0008230341599999998,0.0002027200248721813
2,8,intrel,0.0008811334000000002,0.00018507581468876774
2,8,intrel,0.0005000474600000002,0.00021244449369512444
2,8,intrel,0.0008105154999999999,0.00012890717742748936
2,8,intrel,0.0008373806999999999,0.00019644237141818463
2,8,intrel,0.0007794788800000002,0.00010463818436052237
2,8,intrel,0.000841445679999999,0.00022324171145783267
2,8,intrel,0.0008285184999999997,0.00013093560768242794
2,8,intrel,0.0008597988400000006,0.00017124181343105297
2,8,intrel,0.0011554969799999998,0.0003491252775198166
2,8,intrel,0.0007751561000000009,0.00009880027431338437
2,8,intrel,0.001178245820000001,0.0003340883706769812
2,8,intrel,0.0007827613200000001,0.00015663031543042147
2,8,intrel,0.0007520716800000001,0.00020940518430452273
2,8,intrel,0.0010864266599999997,0.00041099952138610963
2,8,intrel,0.0007942382400000006,0.00018270462536226794
2,8,intrel,0.00079058904,0.00011015937201613343
2,8,intrel,0.0009368766000000002,0.00014189797928966047
2,8,intrel,0.0008240502199999992,0.00010174529312967969
2,8,intrel,0.0007861600199999999,0.0001507988548160171
2,8,intrel,0.0008279092600000003,0.00014794288450554902
2,8,intrel,0.0008721583799999996,0.00023951567304820217
2,8,intrel,0.0006589867600000002,0.00016370307276231013
2,8,intrel,0.0008319280999999998,0.00011532379461465116
2,8,intrel,0.00086867044,0.00010272746019276221
2,8,intrel,0.0008493220200000001,0.0002123929570679206
2,8,intrel,0.0007274794200000001,0.0001955210347401982
2,8,intrel,0.0008054370200000001,0.00017734577421285103
2,8,intrel,0.0007773803799999999,0.00019404361300723097
2,8,intrel,0.0011441518799999999,0.0005878057828115318
2,8,intrel,0.0006692174600000005,0.00007146751145987006
2,8,intrel,0.0008364542600000002,0.0001622441141697356
2,8,intrel,0.0015119372800000003,0.00038054842609756427
2,8,intrel,0.0007634654800000001,0.00009834547274023347
2,8,intrel,0.0008410792599999998,0.0000939634617290147
2,8,intrel,0.0008047796999999998,0.00011317678475317572
2,8,intrel,0.0007850154200000001,0.00016044356864535137
2,8,intrel,0.0008785749999999998,0.00020870525114037423
2,8,intrel,0.0008689197200000001,0.00016032877013191083
2,8,intrel,0.0007513201199999995,0.00020132656602757512
2,8,intrel,0.0006547979999999998,0.0001350375508827082
2,8,intrel,0.0008153915999999999,0.00010592262022339183
2,8,intrel,0.0007815191599999996,0.00015304464564959829
2,8,intrel,0.0007083318000000009,0.00021988516148382234
2,8,intrel,0.0007124064600000004,0.0001705067756802905
2,8,intrel,0.0008616215400000004,0.00013836075816405942
2,8,intrel,0.0007147489400000003,0.0001114382213366073
2,8,intrel,0.0008145928000000003,0.00007252928819211974
2,8,intrel,0.0008468233799999997,0.0001435742997827257
2,8,intrel,0.0007749739999999997,0.00012703505163903908
2,8,intrel,0.0009010784399999999,0.0002749876091612736
2,8,intrel,0.0009763789000000002,0.00019753016918986775
2,8,intrel,0.0009452465800000006,0.00019195905787618131
2,8,intrel,0.0007771666800000002,0.00007197569692310496
2,8,intrel,0.0007673567599999999,0.00015771258000256882
2,8,intrel,0.0008432036200000002,0.00015284879884778656
2,8,intrel,0.0008032858600000002,0.0001241366145350893
2,8,intrel,0.0007250172599999997,0.0001661164802708228
2,8,intrel,0.0008275800199999998,0.00008276369775645741
2,8,intrel,0.0007516919199999994,0.0001445363631887607
2,8,intrel,0.00077160188,0.0001167346469379735
2,8,intrel,0.0007961247,0.00014278334637080216
2,8,intrel,0.0009886892599999999,0.000303250557347404
2,8,intrel,0.0006447298399999994,0.0001786406817958888
2,8,intrel,0.0007522168599999994,0.0001748466852610213
2,8,intrel,0.0008049342599999998,0.0002093010778397952
2,8,intrel,0.0008591192800000005,0.00011742782614151651
2,8,intrel,0.0009326385199999998,0.00028580811716519034
2,8,intrel,0.0008591980799999999,0.00011289037386425433
2,8,intrel,0.0008393261000000001,0.00011884921175338094
2,8,intrel,0.0011251224000000002,0.00037253920621863556
2,8,intrel,0.0006949790999999991,0.00009789011687465362
2,8,intrel,0.0008600239999999992,0.0001855498295404469
2,8,intrel,0.0008309060799999993,0.0002886570418884281
2,8,intrel,0.0012567949999999998,0.00026476262328030116
2,8,intrel,0.0008091229400000004,0.00016622177664206463
3,8,uniform,0.000666709100000001,0.00010920972712680464
3,8,uniform,0.00087095048,0.0001958239667558596
3,8,uniform,0.0008523900799999998,0.00015917074954627258
3,8,uniform,0.0007844007200000001,0.00014750106684495538
3,8,uniform,0.0007565013999999998,0.00017845583831749536
3,8,uniform,0.00091396964,0.00014104913182721513
3,8,uniform,0.00072210396,0.00013299585131942192
3,8,uniform,0.0007697628800000002,0.00014021297209003959
3,8,uniform,0.0008712428200000012,0.00017236901455552973
3,8,uniform,0.0007968933799999999,0.00019201905401183505
3,8,uniform,0.0009588392400000003,0.00022163543461770234
3,8,uniform,0.00076494796,0.00009479935213468259
3,8,uniform,0.0009066470600000001,0.00014527267355623962
3,8,uniform,0.0007598276400000001,0.00015840994359393393
3,8,uniform,0.0011153286600000002,0.0005326317100596496
3,8,uniform,0.0005564284000000004,0.00018417509869170695
3,8,uniform,0.0008127004999999999,0.00015995632798694365
3,8,uniform,0.00123400838,0.0005998849316818925
3,8,uniform,0.0007274490200000005,0.00010394744094632092
3,8,uniform,0.0007890571400000007,0.00016991895508313505
3,8,uniform,0.0008374784799999998,0.0002151257278160843
3,8,uniform,0.0009223711999999998,0.00033714133078776383
3,8,uniform,0.0008358886999999999,0.00022534252691109542
3,8,uniform,0.0007786066400000009,0.0001433534137232176
3,8,uniform,0.0007614813600000001,0.00010830092959999105
3,8,uniform,0.0006869951399999994,0.00020204177283371106
3,8,uniform,0.00080197774,0.0001264754584925471
3,8,uniform,0.00077933784,0.00012409405745840088
3,8,uniform,0.0007674723999999994,0.0000829601167908746
3,8,uniform,0.0008380987200000002,0.0001667577199293767
3,8,uniform,0.0008248628399999999,0.00023099313772637875
3,8,uniform,0.0009234274600000002,0.00038472308068792944
3,8,uniform,0.0008420987600000002,0.00015725980502358372
3,8,uniform,0.0008290736200000001,0.00017898263648500161
3,8,uniform,0.0007817762199999999,0.00014265723064842443
3,8,uniform,0.0007550592799999997,0.00007363769673204071
3,8,uniform,0.0008926519,0.0001748026163348568
3,8,uniform,0.0008066814199999996,0.00016985581695321605
3,8,uniform,0.0007525401599999997,0.0001334798020902205
3,8,uniform,0.0008557809199999999,0.00012668756584628004
3,8,uniform,0.0008362228200000006,0.0002520009155803695
3,8,uniform,0.0007941865800000002,0.00010361116624101014
3,8,uniform,0.0008005389600000002,0.00011520872430549701
3,8,uniform,0.0006849418800000002,0.00006671514539226542
3,8,uniform,0.0007445794400000007,0.00013550675489390845
3,8,uniform,0.0007801334800000004,0.0001353451706580048
3,8,uniform,0.0007501164599999996,0.00014378132156793601
3,8,uniform,0.0008282459000000001,0.0000948919787128735
3,8,uniform,0.0010175216999999998,0.0004733404582794267
3,8,uniform,0.0007865957599999991,0.00010616709106566143
3,8,uniform,0.0007386742200000008,0.00018686567216256354
3,8,uniform,0.0007293637400000002,0.00014031651425513365
3,8,uniform,0.0007880349599999998,0.00011211292470956836
3,8,uniform,0.0007897751199999999,0.00022890265914578435
3,8,uniform,0.0008357210799999999,0.00017549141213647916
3,8,uniform,0.0010650701399999994,0.0005399032326988586
3,8,uniform,0.0007975818400000004,0.00013311521550934738
3,8,uniform,0.0007525816999999997,0.00005800750892820294
3,8,uniform,0.0007587195599999998,0.00012369234842427043
3,8,uniform,0.0008224237399999999,0.00008003899003673152
3,8,uniform,0.0007854187400000004,0.00008850281923168066
3,8,uniform,0.0011850980199999994,0.00033477326909186697
3,8,uniform,0.00088854678,0.0002960398347276935
3,8,uniform,0.0006818888,0.0001661884449802226
3,8,uniform,0.0008426201599999999,0.00016870843348003943
3,8,uniform,0.0007630835399999997,0.00012629502522836498
3,8,uniform,0.0008065954600000001,0.00022237019796578954
3,8,uniform,0.00072512626,0.00010846579842123298
3,8,uniform,0.0007399002400000004,0.000106191918784393
3,8,uniform,0.0008617426999999997,0.0002051490003395635
3,8,uniform,0.0007487354000000002,0.00006463337118582362
3,8,uniform,0.0008243506000000002,0.00013931778935500906
3,8,uniform,0.0008486137400000006,0.00008626655241008666
3,8,uniform,0.0008013020400000001,0.0001554799826131254
3,8,uniform,0.00085894382,0.0001338411930223859
3,8,uniform,0.0007400349599999996,0.0001797288745200207
3,8,uniform,0.0007215538200000003,0.0003860775193657356
3,8,uniform,0.0008022148199999994,0.00008551388729869168
3,8,uniform,0.0008027713200000001,0.00011083627988845128
3,8,uniform,0.0005315498599999992,0.00008450831726877544
3,8,uniform,0.0008496742399999995,0.00011796647414550556
3,8,uniform,0.0007844587600000005,0.00015647014994503656
3,8,uniform,0.0008651737200000004,0.0001288308084487816
3,8,uniform,0.0006721059400000004,0.00008524339658289602
3,8,uniform,0.0007919501199999998,0.00011383917421989095
3,8,uniform,0.0007325240000000001,0.00011202604725310785
3,8,uniform,0.0006699282600000003,0.00010484350409533673
3,8,uniform,0.0011607114999999991,0.0004356281344856336
3,8,uniform,0.0008386939000000007,0.00018518824100549982
3,8,uniform,0.0007781115200000003,0.00010604239223217388
3,8,uniform,0.0008578900599999996,0.00011955539855653157
3,8,uniform,0.0008419578200000008,0.00014102439104227477
3,8,uniform,0.0007953722599999997,0.00008864263258600667
3,8,uniform,0.0007313831600000001,0.00016720653271956812
3,8,uniform,0.0007885242000000004,0.0001656485883423769
3,8,uniform,0.0008212561799999993,0.00011253959796291952
3,8,uniform,0.0007804200399999988,0.00013662754287970067
3,8,uniform,0.0008958002799999998,0.00007212164024941941
3,8,uniform,0.0008273315400000005,0.00010027868620200408
3,8,uniform,0.0008510184399999999,0.00023978467881914393
3,8,intrel,0.0006708908,0.000129804684990309
3,8,intrel,0.0008991287199999998,0.00015731559619736797
3,8,intrel,0.0008861730599999994,0.0001772733447075135
3,8,intrel,0.0007989716600000001,0.00014031606470492892
3,8,intrel,0.0008260115200000001,0.0001434708568898615
3,8,intrel,0.0008275217400000002,0.00017888649550557657
3,8,intrel,0.0008302461399999997,0.00007670215881077486
3,8,intrel,0.0007538720599999996,0.0001230334539103988
3,8,intrel,0.0008057189399999999,0.00014148448062600752
3,8,intrel,0.0012133629000000007,0.0004069103896811925
3,8,intrel,0.0006377995800000002,0.00016904074851430882
3,8,intrel,0.0008170830400000002,0.0001102950733615665
3,8,intrel,0.0012876867799999998,0.0003822540019307843
3,8,intrel,0.0009150178400000005,0.00032206641539015937
3,8,intrel,0.0007734412999999996,0.00020328928993664278
3,8,intrel,0.0008486316200000002,0.00014252568573141862
3,8,intrel,0.0012503790400000005,0.00044411987051752144
3,8,intrel,0.0008337982399999999,0.00020423240738857618
3,8,intrel,0.0008245850600000004,0.00013156079564136458
3,8,intrel,0.00083104308,0.00013108127688528894
3,8,intrel,0.0007832575799999993,0.00012397634792509597
3,8,intrel,0.00081163786,0.00010869815990106629
3,8,intrel,0.0007302379600000007,0.0001128211829595843
3,8,intrel,0.0008541222600000002,0.00014445617278765067
3,8,intrel,0.0007734575600000001,0.00010129710629211262
3,8,intrel,0.0006154809200000007,0.00025841403102514897
3,8,intrel,0.0007314261000000004,0.00016260912543577895
3,8,intrel,0.0008139560999999996,0.0001337345667774624
3,8,intrel,0.0007852523599999999,0.00016468345270518236
3,8,intrel,0.0008098257399999998,0.00010169370741288656
3,8,intrel,0.0007604915200000002,0.00013820287884185978
3,8,intrel,0.0008489685199999989,0.00007224195175811782
3,8,intrel,0.0007951838199999992,0.00016871275994344154
3,8,intrel,0.0008220516400000002,0.00015673444291330624
3,8,intrel,0.0008058031600000005,0.0001118837119133572
3,8,intrel,0.0008864348000000001,0.0003055861351990266
3,8,intrel,0.0008222029200000005,0.0001581460341408816
3,8,intrel,0.0012270521000000004,0.00048324086766963326
3,8,intrel,0.0007250361800000008,0.000587289575979923
3,8,intrel,0.0008631276400000004,0.0000919870039468136
3,8,intrel,0.0011105605000000002,0.0005473994747904353
3,8,intrel,0.0008024005400000008,0.00010511689298088852
3,8,intrel,0.0007169676399999993,0.00009736743233186342
3,8,intrel,0.0007985934000000004,0.0000672956814240129
3,8,intrel,0.0008420495600000002,0.00010105463675661354
3,8,intrel,0.00091539676,0.0002089485135614886
3,8,intrel,0.0008933881800000005,0.00015129353251007723
3,8,intrel,0.0007255061999999991,0.00013716207964075845
3,8,intrel,0.0009519419200000002,0.0002717928090509182
3,8,intrel,0.0007592278000000001,0.00012159418217812342
3,8,intrel,0.0007344594599999995,0.00010125957546381045
3,8,intrel,0.0008346002399999997,0.00015381951870166257
3,8,intrel,0.0007588067,0.0001327071600782884
3,8,intrel,0.0007508623400000002,0.00014172488341384053
3,8,intrel,0.0007730962600000003,0.00009096837202774268
3,8,intrel,0.0007872077200000004,0.00012646818081877792
3,8,intrel,0.0012590303199999995,0.000377292298197226
3,8,intrel,0.0008928143799999993,0.0002139420494532729
3,8,intrel,0.0007613878600000006,0.0002625092774191462
3,8,intrel,0.0008287578000000002,0.00014257807879178186
3,8,intrel,0.0008290523800000002,0.000205351229919348
3,8,intrel,0.0007289003599999991,0.00013702214462832078
3,8,intrel,0.0009781990400000002,0.00024938888886556266
3,8,intrel,0.0007939222000000005,0.00010930559652282735
3,8,intrel,0.0007690760600000005,0.00009827109775768261
3,8,intrel,0.0008424022400000001,0.0001835967776852307
3,8,intrel,0.0008855651400000005,0.0002334923406018565
3,8,intrel,0.0008544544400000005,0.0001520935416314578
3,8,intrel,0.0008189500999999995,0.00007906971740383427
3,8,intrel,0.0008175537600000002,0.00010163063812327677
3,8,intrel,0.0008550804600000005,0.00018353541797245084
3,8,intrel,0.00048330623999999907,0.00015576958170308974
3,8,intrel,0.0007867366200000004,0.0001380074939464441
3,8,intrel,0.0008431046600000005,0.0002187703202116575
3,8,intrel,0.0009116324599999996,0.0002310215204444286
3,8,intrel,0.0007770159800000005,0.00013331575348860065
3,8,intrel,0.0008625125400000013,0.00018169907888887786
3,8,intrel,0.0009274461600000001,0.00020335257129344483
3,8,intrel,0.0006011155400000003,0.000198425342428274
3,8,intrel,0.0007794953599999998,0.0001506179149667573
3,8,intrel,0.00094237686,0.00022631446271367147
3,8,intrel,0.0008530337200000004,0.0001063174849370194
3,8,intrel,0.0009086671000000001,0.000179138918758103
3,8,intrel,0.0007950474999999999,0.00011830563098817877
3,8,intrel,0.0008381678199999998,0.00017449819292668272
3,8,intrel,0.0008256638999999996,0.0000757034126205682
3,8,intrel,0.0009778150800000003,0.00030599199643592713
3,8,intrel,0.0012255821600000002,0.0006262281638991494
3,8,intrel,0.0007168061599999995,0.00014639064549029981
3,8,intrel,0.0006059636200000002,0.0001228250792219479
3,8,intrel,0.0008268556600000008,0.00021851885396723908
3,8,intrel,0.0008270653399999999,0.00018341985737536711
3,8,intrel,0.0008477905599999999,0.00011625196342599988
3,8,intrel,0.0008006081200000008,0.00011159294611125246
3,8,intrel,0.0008416186999999998,0.000204364871198659
3,8,intrel,0.0008653992199999995,0.0001224890562632706
3,8,intrel,0.0008780859799999996,0.00024577152025545557
3,8,intrel,0.00076954224,0.0001591893775926089
3,8,intrel,0.0008116149,0.00007575507458147242
3,8,intrel,0.0013495357800000006,0.0003729744698949693
4,8,uniform,0.0005028066200000001,0.00011209554124153795
4,8,uniform,0.0015655526199999995,0.00036463848259613393
4,8,uniform,0.0007581186199999998,0.00010726579294863767
4,8,uniform,0.0007653786600000006,0.00013762846971143407
4,8,uniform,0.0008350572599999998,0.00016539653566518387
4,8,uniform,0.0007797963400000005,0.00010470721463103141
4,8,uniform,0.0008268842600000006,0.00009586756059857906
4,8,uniform,0.0009097676399999997,0.00018519473961334755
4,8,uniform,0.0007665121800000006,0.00022296431032045862
4,8,uniform,0.0008253343200000006,0.00017674294010005357
4,8,uniform,0.0009301216199999997,0.0002469308151549967
4,8,uniform,0.0008917364399999999,0.00014789330992310345
4,8,uniform,0.0007615204000000006,0.0001505292131665626
4,8,uniform,0.0008845750000000005,0.000237242486918647
4,8,uniform,0.0008704131400000005,0.00018956778445763865
4,8,uniform,0.0007971678200000002,0.00011068541072065455
4,8,uniform,0.0008888006600000001,0.00017482624883673003
4,8,uniform,0.0007538203399999992,0.0000781416531336237
4,8,uniform,0.0009778357599999998,0.0002926419609060608
4,8,uniform,0.0012205718,0.00038615672618057565
4,8,uniform,0.0008943757399999993,0.0002306757872085119
4,8,uniform,0.0007324068800000007,0.00013823133200870202
4,8,uniform,0.0009608711799999999,0.0002236914174772669
4,8,uniform,0.0008314161600000002,0.00007636959247712547
4,8,uniform,0.0010090940399999995,0.0003207401757698901
4,8,uniform,0.0007824489400000004,0.00010520567928802879
4,8,uniform,0.0008056398999999991,0.00009089327800992152
4,8,uniform,0.0008067459800000004,0.00007144746079120738
4,8,uniform,0.0008066521599999997,0.00005507685636110884
4,8,uniform,0.0007676289000000006,0.00016890880045650542
4,8,uniform,0.0008273561800000004,0.00017936946785476073
4,8,uniform,0.0008520737399999994,0.00022848730022624397
4,8,uniform,0.0006272867599999997,0.00010016097210523996
4,8,uniform,0.0008847492199999998,0.00015111821223903562
4,8,uniform,0.0008409020399999997,0.0002457085005362611
4,8,uniform,0.0007846956999999998,0.00010808648358523939
4,8,uniform,0.0008749656800000009,0.00014777917351447813
4,8,uniform,0.0007231854400000003,0.00009237730873109477
4,8,uniform,0.0008241756399999993,0.00015919150172756633
4,8,uniform,0.0008030647199999991,0.0002297213006899398
4,8,uniform,0.0008753570399999998,0.00014869231713710026
4,8,uniform,0.0008039883000000011,0.0001454857789528279
4,8,uniform,0.0008838983000000005,0.00016923842210404437
4,8,uniform,0.0008003824999999999,0.0001707906938733295
4,8,uniform,0.0007347504599999997,0.00010461352273652033
4,8,uniform,0.0009062471399999995,0.0002820230890383306
4,8,uniform,0.0007614882599999996,0.0001447985683910584
4,8,uniform,0.0007536560599999999,0.0001105503804078585
4,8,uniform,0.00078352962,0.00011624370669799238
4,8,uniform,0.0010082895799999997,0.0003376999130284658
4,8,uniform,0.0007711880600000006,0.0001597248839904972
4,8,uniform,0.0011081798800000008,0.00043729439571447623
4,8,uniform,0.0008518030399999996,0.00013890884873058145
4,8,uniform,0.0007152137000000002,0.0001556984167376863
4,8,uniform,0.000817125800000001,0.00012562538233091623
4,8,uniform,0.0009032901200000006,0.00020980392824412672
4,8,uniform,0.0008122333199999995,0.00015778588950251542
4,8,uniform,0.0008480041999999997,0.00023849565906377965
4,8,uniform,0.0009017309799999997,0.0001854414575624879
4,8,uniform,0.0007401368399999996,0.0001403393994850421
4,8,uniform,0.0008082775600000005,0.00012499803264869592
4,8,uniform,0.0012768592200000004,0.0005546812279745709
4,8,uniform,0.0005983522600000008,0.00010968585628765251
4,8,uniform,0.0005952415200000002,0.00017578336236831712
4,8,uniform,0.0008248310200000004,0.00012266366794957845
4,8,uniform,0.0008968337400000002,0.00009355545000907211
4,8,uniform,0.0008544707200000003,0.00017714842379394112
4,8,uniform,0.0008819944400000003,0.00022318946368739422
4,8,uniform,0.0008690170200000003,0.0001380176849763585
4,8,uniform,0.0013363395399999998,0.0004889357150512508
4,8,uniform,0.0008168872800000005,0.0001538060930197862
4,8,uniform,0.0007866878200000002,0.00021939253625195793
4,8,uniform,0.0009501805799999999,0.000203591720955582
4,8,uniform,0.0008071570600000002,0.00013457725597357739
4,8,uniform,0.0008008265600000003,0.00009737108614961404
4,8,uniform,0.0007288855599999997,0.00013257431114225874
4,8,uniform,0.0008300044199999995,0.0001689062305965124
4,8,uniform,0.0009018982399999992,0.0002780117388784749
4,8,uniform,0.0008646691600000001,0.00016803324372674993
4,8,uniform,0.0008237708399999996,0.00013128235817457643
4,8,uniform,0.0008121058400000006,0.00009460306346719316
4,8,uniform,0.0008268714399999996,0.00012479869859435412
4,8,uniform,0.0007613466199999996,0.00010761070820967994
4,8,uniform,0.0008175916199999996,0.00018743176970727245
4,8,uniform,0.0007367842600000002,0.00006881241732872219
4,8,uniform,0.0008635575,0.00018969143594456527
4,8,uniform,0.0008002966799999997,0.00010638652551479967
4,8,uniform,0.0008120507000000006,0.00011576664601021986
4,8,uniform,0.0008055881800000001,0.00013446735765414928
4,8,uniform,0.0007910678799999997,0.000208463709687082
4,8,uniform,0.0009330054200000004,0.000155982165640107
4,8,uniform,0.0008502658399999998,0.00009343509195538424
4,8,uniform,0.00081021132,0.00010275188263125237
4,8,uniform,0.0009102075600000006,0.0002742094537324018
4,8,uniform,0.0005852178799999997,0.00013454657565025986
4,8,uniform,0.0008545630600000001,0.00011516019863559147
4,8,uniform,0.0008052454399999999,0.00011545034619860513
4,8,uniform,0.0008811964199999999,0.000267793102272818
4,8,uniform,0.0008366796200000007,0.00023355116942995607
4,8,uniform,0.0010810466400000003,0.00038031701657913696
4,8,intrel,0.0006810031200000006,0.00015096274042719577
4,8,intrel,0.0009617115400000006,0.0003313396991967945
4,8,intrel,0.0008004842799999992,0.0002051570344823692
4,8,intrel,0.0007421671799999992,0.00009892185962195952
4,8,intrel,0.0008594077200000001,0.00017714133222197965
4,8,intrel,0.0007801572400000006,0.00021352292400437421
4,8,intrel,0.0008247815600000003,0.00020113065209449198
4,8,intrel,0.00108326072,0.000337416280801887
4,8,intrel,0.0007677081000000007,0.00010003557839111265
4,8,intrel,0.0007781123999999993,0.00010688114053912623
4,8,intrel,0.00070985254,0.0000830036664411077
4,8,intrel,0.0008542134000000005,0.00017563071600823897
4,8,intrel,0.0008474195400000002,0.00014590911260080902
4,8,intrel,0.0008532646999999995,0.00014386885121762027
4,8,intrel,0.0014385032599999997,0.0009069122996729127
4,8,intrel,0.0008338263799999999,0.00014444573645125167
4,8,intrel,0.0008040275600000003,0.00010893235796386059
4,8,intrel,0.0008403759800000004,0.00015636883446891413
4,8,intrel,0.0007919957399999998,0.00011170760571042403
4,8,intrel,0.0007777085399999997,0.00007610082308249587
4,8,intrel,0.0007701323000000005,0.00013074115435338465
4,8,intrel,0.0008179758600000007,0.00023867998869979312
4,8,intrel,0.0009517171799999994,0.0003877205136200989
4,8,intrel,0.0006326553000000002,0.00013813398007671147
4,8,intrel,0.0007413859200000015,0.0005207246739535203
4,8,intrel,0.0008934457599999995,0.00020319224779602197
4,8,intrel,0.0008019104399999997,0.0001718092220761156
4,8,intrel,0.0008267324,0.00011098162686403948
4,8,intrel,0.0008466838600000002,0.00016203262229289234
4,8,intrel,0.0008208583600000007,0.00015860956601741692
4,8,intrel,0.0009319254400000007,0.0002790544882419123
4,8,intrel,0.0008369364199999994,0.00016338999809117238
4,8,intrel,0.0008381092400000005,0.00026113284237697435
4,8,intrel,0.00076364448,0.00009673103730453382
4,8,intrel,0.0008046950999999992,0.00014641198162430413
4,8,intrel,0.0008013678799999993,0.00013332155052774564
4,8,intrel,0.0007864966200000006,0.00018768068188521698
4,8,intrel,0.0007057216200000004,0.00007624290689922861
4,8,intrel,0.0009188168400000007,0.000279982822205002
4,8,intrel,0.0008092326800000004,0.00015302131213875618
4,8,intrel,0.0007169661600000007,0.00011184547868222276
4,8,intrel,0.00079204222,0.0001172476861910526
4,8,intrel,0.0008096132800000002,0.0001358703590733134
4,8,intrel,0.0007542152600000003,0.00011925752848730347
4,8,intrel,0.0008039932999999999,0.00009494273941048183
4,8,intrel,0.0007630092000000003,0.00007517372975573913
4,8,intrel,0.0007216418399999998,0.00018752907450739472
4,8,intrel,0.0007022314199999998,0.0001555134046721089
4,8,intrel,0.0008140312399999999,0.00015137029374792576
4,8,intrel,0.0007445354399999998,0.00018235783820719087
4,8,intrel,0.0007927449199999993,0.00019441382873793846
4,8,intrel,0.00071437194,0.00012687730332486136
4,8,intrel,0.0007889607400000005,0.00008765084915916233
4,8,intrel,0.00081783888,0.00011395367832413316
4,8,intrel,0.0008787022600000005,0.0001367016505200284
4,8,intrel,0.00055886026,0.00008306984266540748
4,8,intrel,0.0009153838200000002,0.00021163514212439093
4,8,intrel,0.0008834061399999999,0.00018461285073556266
4,8,intrel,0.0009100478600000003,0.0001859351770310467
4,8,intrel,0.0007895502200000008,0.00013253737493015993
4,8,intrel,0.0008056059000000001,0.0000642959136385993
4,8,intrel,0.00092649528,0.000335921999050193
4,8,intrel,0.0007830932800000004,0.00013835506950953729
4,8,intrel,0.0008586684000000001,0.00018625669217939823
4,8,intrel,0.0007996502200000002,0.00017576317225251326
4,8,intrel,0.0008555749000000003,0.000253048781064069
4,8,intrel,0.0008204363799999995,0.00017902305632580776
4,8,intrel,0.0007558269399999996,0.00011202175659739796
4,8,intrel,0.0008366763200000002,0.00016862733766929172
4,8,intrel,0.0007790405400000001,0.0002579913595870131
4,8,intrel,0.001247359,0.00024856649492786077
4,8,intrel,0.0007962599199999993,0.00014227539633826755
4,8,intrel,0.0007567725000000001,0.00013792635134512101
4,8,intrel,0.0007657619000000003,0.0001381526739102231
4,8,intrel,0.0007702255600000006,0.00021149343531522038
4,8,intrel,0.0007905255999999999,0.00006917161853639424
4,8,intrel,0.0008177644600000002,0.00014437456741006862
4,8,intrel,0.0008687577200000008,0.0001647005920314529
4,8,intrel,0.0008017476200000003,0.00009691404064135046
4,8,intrel,0.0006846440600000001,0.00013129575834517016
4,8,intrel,0.0008547441400000003,0.0001807394878960692
4,8,intrel,0.0008269739400000007,0.00019615473449875683
4,8,intrel,0.0007680701999999996,0.00010378205813230812
4,8,intrel,0.0008489452799999998,0.00013573493147536576
4,8,intrel,0.0009595125400000003,0.0004916947850625766
4,8,intrel,0.0014132540199999998,0.0004434990289722678
4,8,intrel,0.0007832916599999999,0.0001526668412939322
4,8,intrel,0.0007938195999999998,0.00014083058471830615
4,8,intrel,0.0008298971399999999,0.00015704369668856856
4,8,intrel,0.000827342540000001,0.00016812434472936318
4,8,intrel,0.00078348952,0.00004790071288741138
4,8,intrel,0.0007996546399999993,0.0002801245824186287
4,8,intrel,0.0008443473599999997,0.00015071208533053274
4,8,intrel,0.0008660175999999995,0.00016947147440403594
4,8,intrel,0.00079662594,0.00011492228027110798
4,8,intrel,0.0007489225599999998,0.00017386666695155936
4,8,intrel,0.0007807858199999996,0.00013512280351591298
4,8,intrel,0.0007929679799999993,0.00012905804748441257
4,8,intrel,0.0007707682800000002,0.00013077780874631937
4,8,intrel,0.0006829650200000006,0.00018676675117256704
5,8,uniform,0.0007832228599999995,0.0001000314138014765
5,8,uniform,0.00074983116,0.00008871283648717365
5,8,uniform,0.000780441920000001,0.00010747234402213029
5,8,uniform,0.0008476515,0.00023582046553766278
5,8,uniform,0.0008072191599999997,0.00009102981851904959
5,8,uniform,0.0007691732199999997,0.00007836784825856691
5,8,uniform,0.0008178171400000007,0.00012745307426552458
5,8,uniform,0.0008251035000000002,0.00008875553381439259
5,8,uniform,0.0008137910000000001,0.00022741921243192174
5,8,uniform,0.0006814380200000001,0.00009482369849029189
5,8,uniform,0.0007577186,0.0002219935234708186
5,8,uniform,0.0008078450800000005,0.0001291837508765883
5,8,uniform,0.00082942386,0.00012462775362030896
5,8,uniform,0.0008613210399999998,0.00027031307227188753
5,8,uniform,0.0007500153000000005,0.00011400587364444576
5,8,uniform,0.00089198964,0.00027878431756913605
5,8,uniform,0.0006736409000000007,0.00019052954763442275
5,8,uniform,0.0008801212400000003,0.000296895020738925
5,8,uniform,0.0008733327000000004,0.00012067810406955446
5,8,uniform,0.0007710218199999995,0.00009656910369315847
5,8,uniform,0.00081827766,0.00009704683662650277
5,8,uniform,0.0008310597799999996,0.00022204277036543105
5,8,uniform,0.0007255030000000007,0.00011990404913786505
5,8,uniform,0.0009432851800000002,0.0003306699731331495
5,8,uniform,0.0006991290199999996,0.00012372011111303697
5,8,uniform,0.0008003958400000005,0.00014241588604490567
5,8,uniform,0.0008384051000000003,0.00014560272405651547
5,8,uniform,0.0008792827199999997,0.00019005077066256101
5,8,uniform,0.0007591243200000006,0.0000975250201424685
5,8,uniform,0.0008070110600000001,0.00011975136361371611
5,8,uniform,0.0008199959199999999,0.0001780835288429438
5,8,uniform,0.0007587725800000001,0.00012151716337776228
5,8,uniform,0.0008436286999999997,0.00016425668442982092
5,8,uniform,0.0008613215800000006,0.0001808491509465831
5,8,uniform,0.0008705129199999993,0.00016560114742762035
5,8,uniform,0.00083276726,0.0001279633172579375
5,8,uniform,0.0006351097800000004,0.00009372136320462551
5,8,uniform,0.0007702102000000002,0.00007531420562099978
5,8,uniform,0.0008297730200000004,0.00012884126078257873
5,8,uniform,0.0008426300600000005,0.00013216073052533
5,8,uniform,0.0011094164200000003,0.00034755990964302345
5,8,uniform,0.0008080816000000008,0.00020564707407014362
5,8,uniform,0.0007257609,0.00013177408978116888
5,8,uniform,0.0008713942799999994,0.00011471738868720431
5,8,uniform,0.0008681539399999997,0.00016457800182085228
5,8,uniform,0.0010389225999999998,0.0003076677320593508
5,8,uniform,0.0013071297400000007,0.0003543225091598519
5,8,uniform,0.0007742408600000009,0.0001043195284017118
5,8,uniform,0.0008397798000000002,0.00021556857263422134
5,8,uniform,0.0007471541000000001,0.0000934888147584155
5,8,uniform,0.0008382272800000005,0.00011532445699219423
5,8,uniform,0.0008505376000000002,0.0001837092639605671
5,8,uniform,0.0007853611799999997,0.00014195855752926237
5,8,uniform,0.0009549222000000002,0.00035464371249222323
5,8,uniform,0.0007978415200000002,0.00009648672158206828
5,8,uniform,0.0008058166799999993,0.00007754009175251792
5,8,uniform,0.0008635426600000007,0.0001464218856047673
5,8,uniform,0.0008174865800000009,0.00019375111109958115
5,8,uniform,0.0010089344199999991,0.0003348589014491526
5,8,uniform,0.0008411558999999998,0.0001360002658203693
5,8,uniform,0.0008108706400000003,0.0001443124467306191
5,8,uniform,0.0008110854799999997,0.0002607152720084798
5,8,uniform,0.0008657726799999998,0.0002175711659168099
5,8,uniform,0.0008631942600000003,0.000098138125077985
5,8,uniform,0.0009005351000000002,0.00024763687318069395
5,8,uniform,0.0008656155800000007,0.0001279976016982349
5,8,uniform,0.0008756891599999995,0.0002804778500748718
5,8,uniform,0.0009758527800000007,0.00037132636825348435
5,8,uniform,0.0008614065000000009,0.00009889969725961978
5,8,uniform,0.0008396215200000001,0.00011682481320530994
5,8,uniform,0.0008515105000000004,0.0003569951615667922
5,8,uniform,0.0008437972200000001,0.00017406461093883758
5,8,uniform,0.00080386688,0.00023538036596434947
5,8,uniform,0.0007233151399999993,0.00015708992092697876
5,8,uniform,0.000835574200000001,0.00012239916541659013
5,8,uniform,0.00083483958,0.00014473098803089823
5,8,uniform,0.0010222737200000001,0.00030013106991899754
5,8,uniform,0.0005638284999999999,0.00009443176653889074
5,8,uniform,0.0009300401399999998,0.00009745298229226013
5,8,uniform,0.0007793782,0.00012318064653133536
5,8,uniform,0.0008286948799999999,0.00013337848622993476
5,8,uniform,0.0007944912600000003,0.0001435451800525612
5,8,uniform,0.0010345299599999996,0.0006548821343254915
5,8,uniform,0.0006768851599999999,0.00006428171130301718
5,8,uniform,0.0008078306400000001,0.00014957977246420878
5,8,uniform,0.0009180114199999997,0.00020428562893983623
5,8,uniform,0.0007307113199999995,0.00012609694553636112
5,8,uniform,0.0008199912400000002,0.00014205768409757594
5,8,uniform,0.0008537655199999997,0.00016075981926260194
5,8,uniform,0.0009374605599999994,0.0002064348959158526
5,8,uniform,0.0007720819799999999,0.00012052399200988993
5,8,uniform,0.0010380251,0.0003718025196039186
5,8,uniform,0.0008086300600000006,0.00008664351380359254
5,8,uniform,0.00080620334,0.00020544731537479655
5,8,uniform,0.0008457081999999998,0.00011264712052191034
5,8,uniform,0.00080591512,0.0001506275474150286
5,8,uniform,0.0006868750799999999,0.00008226742424185222
5,8,uniform,0.0008216947400000004,0.0001157091377386995
5,8,uniform,0.0007158245800000001,0.00011534179290212973
5,8,uniform,0.0009014792999999998,0.00015986476502013956
5,8,intrel,0.0009323000600000005,0.0004479112872756043
5,8,intrel,0.0008727702399999997,0.00020007768806130176
5,8,intrel,0.0007715565000000005,0.0000882143765361155
5,8,intrel,0.0009929359600000004,0.0003215011714204337
5,8,intrel,0.0008038939399999995,0.00017233025199553463
5,8,intrel,0.0008084077600000001,0.00015749005983080688
5,8,intrel,0.0008059815599999999,0.00017126926379829838
5,8,intrel,0.0006067370399999997,0.00044623458551639497
5,8,intrel,0.00064399396,0.00014176983650645393
5,8,intrel,0.0008022462600000009,0.00009629627268522217
5,8,intrel,0.0010287390399999997,0.00027969949503511805
5,8,intrel,0.0008718636000000002,0.00018780136503775585
5,8,intrel,0.0008648497,0.00009497481876184047
5,8,intrel,0.0007225390999999996,0.00011444314040746265
5,8,intrel,0.0008665691200000008,0.0001736680457680687
5,8,intrel,0.0008338497600000001,0.00010353422168759255
5,8,intrel,0.0008709632799999993,0.0001382269829842688
5,8,intrel,0.0009048558199999995,0.00014306060991233364
5,8,intrel,0.0007966434799999998,0.00007825546219317006
5,8,intrel,0.0009175672800000003,0.00024367962826330895
5,8,intrel,0.0008544122800000001,0.00015211428740259737
5,8,intrel,0.0009149659200000009,0.00020407831095428915
5,8,intrel,0.0008151002200000002,0.00017777100342156795
5,8,intrel,0.0008392630999999997,0.00023995656535763578
5,8,intrel,0.0008616445,0.00014234836378421934
5,8,intrel,0.0008499747600000006,0.00021165772017967024
5,8,intrel,0.0008460481200000001,0.00011880545043351801
5,8,intrel,0.0007696864200000006,0.00011333238277155288
5,8,intrel,0.0009755113999999997,0.00017414509971161031
5,8,intrel,0.00087541234,0.00016273243245295505
5,8,intrel,0.0007845184599999992,0.00017511137584371212
5,8,intrel,0.0008241514,0.0001858748905191637
5,8,intrel,0.0008660807400000002,0.00011963692215309899
5,8,intrel,0.0008555896399999992,0.00013955848982718483
5,8,intrel,0.0008408744799999997,0.00010502352260961994
5,8,intrel,0.0011336132200000005,0.0004212809082000724
5,8,intrel,0.0009081273600000002,0.00032201280713152117
5,8,intrel,0.0008213459200000002,0.00016677054265866814
5,8,intrel,0.0013126708999999998,0.00040691252525715585
5,8,intrel,0.0008546948400000002,0.00017091660404110675
5,8,intrel,0.0008404839400000003,0.0001481366580693501
5,8,intrel,0.000828520800000001,0.00012889345603012167
5,8,intrel,0.0007882885799999998,0.00008575907248546166
5,8,intrel,0.0008362858600000002,0.00009334804711258471
5,8,intrel,0.00071200818,0.00014355240868465662
5,8,intrel,0.0009959012799999997,0.00024702999355815985
5,8,intrel,0.0008385032800000001,0.00014307634438644602
5,8,intrel,0.0008696185399999997,0.00012485213665456877
5,8,intrel,0.0007518158800000002,0.0001126267568446524
5,8,intrel,0.0008102201799999993,0.00009746130675874519
5,8,intrel,0.0007914343999999996,0.00015370066424930562
5,8,intrel,0.0008350671400000016,0.00013550285061228622
5,8,intrel,0.0007795427999999999,0.0001519129582301436
5,8,intrel,0.0008532168,0.0001989742386089494
5,8,intrel,0.0008208409399999997,0.0001202925326663667
5,8,intrel,0.0007831883600000006,0.00008802649921346287
5,8,intrel,0.0008934727199999988,0.00015823616073086598
5,8,intrel,0.0007712919399999998,0.00009707595455592718
5,8,intrel,0.0008672709600000001,0.00018522568886103363
5,8,intrel,0.0008441031400000003,0.00017228679873771202
5,8,intrel,0.0010397681000000002,0.00020073356037726556
5,8,intrel,0.0009358563999999996,0.00014115000730432535
5,8,intrel,0.0009160643599999991,0.00013466563526337707
5,8,intrel,0.0008095756800000004,0.0001358279973818604
5,8,intrel,0.0008188765999999996,0.00008150200607210703
5,8,intrel,0.0007899270599999999,0.00016675235833951165
5,8,intrel,0.0008550388999999991,0.00012748897441460926
5,8,intrel,0.0007549455400000006,0.00018432059076779484
5,8,intrel,0.0012003289199999999,0.0004975631047042509
5,8,intrel,0.00044658233999999956,0.00022971682320024176
5,8,intrel,0.0008939905599999999,0.00021570988977585417
5,8,intrel,0.0008585392600000003,0.00019019464181694963
5,8,intrel,0.0008808138599999991,0.00018932354360221554
5,8,intrel,0.0007715556599999996,0.00017677845434607947
5,8,intrel,0.0010132122800000005,0.00030808637281912416
5,8,intrel,0.0008357778199999999,0.00015460752108642346
5,8,intrel,0.0008650528200000007,0.0001891753687274207
5,8,intrel,0.0008416303399999998,0.00021708285492656176
5,8,intrel,0.0007997265600000001,0.00018845148753344104
5,8,intrel,0.0009285244000000008,0.00021536651243981471
5,8,intrel,0.0008115447799999997,0.00013082490239421383
5,8,intrel,0.0008929694199999996,0.00018234597592126293
5,8,intrel,0.0008626262200000003,0.00014072664169947037
5,8,intrel,0.0008643929599999997,0.00023922186401832094
5,8,intrel,0.0009142747800000002,0.00013935152619827637
5,8,intrel,0.000834447980000001,0.0002848607031327573
5,8,intrel,0.0008990740599999995,0.00014559808829105932
5,8,intrel,0.000842663660000001,0.00014594850271105903
5,8,intrel,0.0008338984800000006,0.00015720958125084702
5,8,intrel,0.0008690598399999999,0.00013918220804243138
5,8,intrel,0.0008001856600000007,0.00013061150033630276
5,8,intrel,0.0008843111399999996,0.00013979857042759782
5,8,intrel,0.0008232835800000002,0.00008414444976276075
5,8,intrel,0.0009075101799999993,0.0002116868618756645
5,8,intrel,0.0008501316599999999,0.00017637538785849154
5,8,intrel,0.0007913404800000001,0.0000991725763305786
5,8,intrel,0.0008818094200000005,0.0001630696730472387
5,8,intrel,0.0008667838800000008,0.00021630570676963465
5,8,intrel,0.0011535590000000006,0.0003793105872257663
5,8,intrel,0.0010761702799999997,0.0009612434726633173
6,8,uniform,0.0006426975000000002,0.00012458856039317755
6,8,uniform,0.0008911966400000001,0.0001775769803063511
6,8,uniform,0.0008818058999999989,0.00006675925640097488
6,8,uniform,0.0007750855799999995,0.000094173174806134
6,8,uniform,0.0007444490399999994,0.00010198009813166714
6,8,uniform,0.0006856477199999999,0.0000950714948951577
6,8,uniform,0.0008979583199999997,0.0002986028831259187
6,8,uniform,0.0008234423399999996,0.00012092375567567822
6,8,uniform,0.0009158678599999994,0.00022045943631022512
6,8,uniform,0.0008332463599999999,0.0001145897493907432
6,8,uniform,0.0007479542800000015,0.00016109852877443947
6,8,uniform,0.0008658225000000007,0.00015282100213143338
6,8,uniform,0.0008934558000000007,0.00018873738998351363
6,8,uniform,0.0009665426800000005,0.00024218318144963473
6,8,uniform,0.0008650762599999994,0.00017246918763703207
6,8,uniform,0.000840013840000001,0.00013033810272535212
6,8,uniform,0.0007438531400000007,0.00010178289829179445
6,8,uniform,0.00079901194,0.0001495107931469609
6,8,uniform,0.0008441404400000004,0.00012659645548842725
6,8,uniform,0.0009061795400000005,0.000235476699505115
6,8,uniform,0.0008029250399999995,0.00008818524538694423
6,8,uniform,0.0007968357399999997,0.00012174283968193873
6,8,uniform,0.0011166970199999993,0.00033655772183280677
6,8,uniform,0.0008523770799999997,0.00018216759052467772
6,8,uniform,0.0008860338399999999,0.00020961632841392237
6,8,uniform,0.0016382488800000005,0.0011413754921573843
6,8,uniform,0.0008959291800000001,0.00011048871280230897
6,8,uniform,0.0008154075400000002,0.0001245532204224363
6,8,uniform,0.0007962430000000006,0.0000725836749797547
6,8,uniform,0.0008902266800000005,0.00020681920051422798
6,8,uniform,0.0005223960079999999,0.0006005699326891201
6,8,uniform,0.0008629010999999991,0.00016614139239913157
6,8,uniform,0.0009644679600000004,0.00025793380051564494
6,8,uniform,0.0008792917399999996,0.00016095108391185194
6,8,uniform,0.0009000484199999997,0.00016005930374017274
6,8,uniform,0.0006603870399999998,0.0001353500127434629
6,8,uniform,0.0008571701199999995,0.0001311043145546494
6,8,uniform,0.0008029536199999998,0.00012258673318194842
6,8,uniform,0.0008691183,0.00022623599655386905
6,8,uniform,0.0008671902199999998,0.00017434472463917884
6,8,uniform,0.0008392555400000001,0.00019428703690299164
6,8,uniform,0.0008027958000000005,0.00017185903824278002
6,8,uniform,0.0009369489,0.00013702010214194438
6,8,uniform,0.0008793873599999998,0.00015079073349074791
6,8,uniform,0.0008686900200000003,0.00018091966042774033
6,8,uniform,0.0008279964800000008,0.00010624028000512176
6,8,uniform,0.0008530444800000002,0.00014067365179264312
6,8,uniform,0.0008259980000000003,0.00019472962163782657
6,8,uniform,0.0008847098800000002,0.0001603447762112422
6,8,uniform,0.0008496398600000007,0.00009726592502207546
6,8,uniform,0.0008362632200000001,0.00011220081479422907
6,8,uniform,0.0007980501800000005,0.00013226389146538318
6,8,uniform,0.0008498173599999993,0.00011006859915833302
6,8,uniform,0.0008476392800000003,0.00013377822160929063
6,8,uniform,0.0008619104200000002,0.00016361372888483414
6,8,uniform,0.0008911579000000002,0.00018938360181846084
6,8,uniform,0.0008764551799999998,0.00024973930723492
6,8,uniform,0.0008960896799999996,0.00015363171877881643
6,8,uniform,0.0008671871599999993,0.00011158041960990387
6,8,uniform,0.0007923596000000002,0.00010213514250839966
6,8,uniform,0.0008069361599999999,0.00013161802550714708
6,8,uniform,0.0006136595600000006,0.0001678439974116508
6,8,uniform,0.0007223469599999999,0.00022836363584462783
6,8,uniform,0.0007950976800000002,0.00015848406158279057
6,8,uniform,0.00091353934,0.00022751747184193228
6,8,uniform,0.0008644255,0.00012430076258977663
6,8,uniform,0.0007720493399999995,0.0001910895471861004
6,8,uniform,0.0008335770200000004,0.000163082620161309
6,8,uniform,0.0009077898799999994,0.00020425741525081632
6,8,uniform,0.0007992057599999991,0.00010128881670357843
6,8,uniform,0.0007889257200000006,0.00008144841278857299
6,8,uniform,0.0007706433400000004,0.00009935911545170106
6,8,uniform,0.0009009187400000004,0.00028759709262208785
6,8,uniform,0.00076642746,0.00013689432223125818
6,8,uniform,0.0008332082000000006,0.00010202222172840578
6,8,uniform,0.00078105652,0.00012217870534703582
6,8,uniform,0.0008955328599999999,0.00020165896850695458
6,8,uniform,0.0007913780399999993,0.00013364784878860651
6,8,uniform,0.0007954521199999996,0.00009531962657693679
6,8,uniform,0.0007890598399999997,0.00013125535066938962
6,8,uniform,0.0008182715999999996,0.00015882632769093698
6,8,uniform,0.000812518160000001,0.00008901874578861338
6,8,uniform,0.0007912885400000004,0.00008486764183362235
6,8,uniform,0.0008505518999999994,0.00012278040461662527
6,8,uniform,0.0009101478800000006,0.00018160451077942237
6,8,uniform,0.0007875208199999995,0.00016771540444008128
6,8,uniform,0.0008861950000000002,0.00020574672951211964
6,8,uniform,0.0008360628600000001,0.00010212622701430703
6,8,uniform,0.0008866734200000002,0.00021020038262268274
6,8,uniform,0.0008857821199999997,0.00018919079944240303
6,8,uniform,0.0008895271600000008,0.0001454100117538908
6,8,uniform,0.001330367380000001,0.0007883778183015778
6,8,uniform,0.0003082042399999996,0.00015477407859199166
6,8,uniform,0.0007099482799999999,0.00006405403043577092
6,8,uniform,0.0008223080599999994,0.00014013500135306032
6,8,uniform,0.0009471655399999997,0.0001777457218283091
6,8,uniform,0.0007524040400000004,0.0001649325673395376
6,8,uniform,0.0007170383400000006,0.00004972273915490445
6,8,uniform,0.0008296650800000003,0.00012978475128667637
6,8,uniform,0.0007939068399999994,0.00017182468367266427
6,8,intrel,0.0007931712400000002,0.00010278360573776121
6,8,intrel,0.00084309602,0.00014828941477694526
6,8,intrel,0.0008443671999999996,0.00019877136013028745
6,8,intrel,0.00085174486,0.00008115786046383104
6,8,intrel,0.0008922021000000002,0.00020158098734159214
6,8,intrel,0.0008873887799999997,0.00019308774109084886
6,8,intrel,0.0008381428599999994,0.00020774583272515162
6,8,intrel,0.0008366783200000002,0.00006538166908715495
6,8,intrel,0.0009423059599999994,0.0001583581774608154
6,8,intrel,0.0007738802799999994,0.00019555927023411602
6,8,intrel,0.0008728137399999997,0.00016100220365172375
6,8,intrel,0.00075292812,0.0001105492889109247
6,8,intrel,0.0009498085199999996,0.00022222620384234107
6,8,intrel,0.0008442887600000002,0.00015864321622909418
6,8,intrel,0.0008348018800000002,0.00011297357796208618
6,8,intrel,0.0008383968999999998,0.000129166797231762
6,8,intrel,0.0007394106599999996,0.00010754737025887703
6,8,intrel,0.0008990697799999999,0.0001955276997302144
6,8,intrel,0.000938207240000001,0.00019095192989537093
6,8,intrel,0.0009157987600000005,0.00012412805582699216
6,8,intrel,0.0011155433400000007,0.00023131306302027617
6,8,intrel,0.0007126671800000001,0.00008723671956368677
6,8,intrel,0.0005695086399999988,0.00012759169607641234
6,8,intrel,0.0008633961999999993,0.0001918543028428952
6,8,intrel,0.0009686371599999999,0.0001992144068072554
6,8,intrel,0.0007343272399999994,0.000189152087113019
6,8,intrel,0.0008139927000000002,0.00022408697608852681
6,8,intrel,0.0008239698999999991,0.00016544505610423466
6,8,intrel,0.0007791152800000003,0.00013391281165594282
6,8,intrel,0.0008427020400000004,0.0002503720108418449
6,8,intrel,0.0009623307000000004,0.00025396249602833976
6,8,intrel,0.0008194380400000003,0.00014406174620704208
6,8,intrel,0.0007977677999999998,0.00011039540733346759
6,8,intrel,0.0008284538200000002,0.00015965404310115184
6,8,intrel,0.0006543241200000006,0.00011480648143646872
6,8,intrel,0.0008040308800000003,0.0000717921077228472
6,8,intrel,0.0008736724800000005,0.00016461511562510496
6,8,intrel,0.0008976963600000007,0.00022200952877588135
6,8,intrel,0.0008602559800000005,0.00017244860386226514
6,8,intrel,0.0008366737600000002,0.0001114355678589401
6,8,intrel,0.0008015938599999992,0.00009450348371803257
6,8,intrel,0.0009272128600000002,0.00020236847572287537
6,8,intrel,0.0008711009799999999,0.0001675559319746029
6,8,intrel,0.0008067485399999997,0.00018676864917098788
6,8,intrel,0.0008164268599999998,0.00016627655262580542
6,8,intrel,0.0009157906799999995,0.00018967688092710007
6,8,intrel,0.0010638813199999992,0.0004686737593389931
6,8,intrel,0.00084140038,0.00023745531330608054
6,8,intrel,0.0008225405799999998,0.0001718631203091576
6,8,intrel,0.0007866158199999997,0.00009623225417389379
6,8,intrel,0.0009149012799999993,0.00025615117466006927
6,8,intrel,0.0008526439999999996,0.00014365233350701652
6,8,intrel,0.0008044399000000002,0.00011023307921974544
6,8,intrel,0.0006504615599999989,0.0005039946105108666
6,8,intrel,0.0007760661999999996,0.00009953878747637356
6,8,intrel,0.0008235988400000002,0.00022241086825123158
6,8,intrel,0.000778996,0.00013847316274478769
6,8,intrel,0.0006259114999999998,0.00012015930099113329
6,8,intrel,0.0008052778000000001,0.00015499532082044714
6,8,intrel,0.0007788001799999993,0.00009885462552005912
6,8,intrel,0.00098233484,0.0002349118693129405
6,8,intrel,0.0008197832599999998,0.00007698741415495564
6,8,intrel,0.0008662120400000003,0.00016605926950677053
6,8,intrel,0.0008641369600000008,0.00016914580931505355
6,8,intrel,0.0008446233800000003,0.00010007051913020574
6,8,intrel,0.0008687634199999999,0.00013816866763794337
6,8,intrel,0.0008519144999999997,0.00024040994769585177
6,8,intrel,0.0008189867599999997,0.00009620755658846253
6,8,intrel,0.000805385079999999,0.00012014766810984451
6,8,intrel,0.0008749214600000003,0.0001211087811130051
6,8,intrel,0.0008486850199999997,0.00013380003129733067
6,8,intrel,0.0009267465800000003,0.00021323372923784308
6,8,intrel,0.00087199884,0.0001607749056246721
6,8,intrel,0.0008650781599999999,0.00015873750373073992
6,8,intrel,0.0008504327399999999,0.00010287384322930046
6,8,intrel,0.0008311417199999996,0.00011140052104451253
6,8,intrel,0.0007937179600000002,0.00010151202765868578
6,8,intrel,0.0009042547400000005,0.00018760394647356315
6,8,intrel,0.0009721343400000004,0.00021518255793741487
6,8,intrel,0.0008453782599999998,0.00009112350500093572
6,8,intrel,0.0008802249399999995,0.00016910943131015626
6,8,intrel,0.0008438392200000002,0.00011900127728054017
6,8,intrel,0.0008107178400000002,0.00016129137949579193
6,8,intrel,0.0016027227800000006,0.0006252264123301342
6,8,intrel,0.0007511705800000004,0.00013124858860621023
6,8,intrel,0.0009086952800000002,0.00019777604152216666
6,8,intrel,0.0007978904799999997,0.00014312498306647166
6,8,intrel,0.0009150359600000001,0.00021178092310175937
6,8,intrel,0.0005926833399999996,0.00013105594184316854
6,8,intrel,0.00082240152,0.0001323646300995012
6,8,intrel,0.0007551926000000009,0.00016076902833347256
6,8,intrel,0.0008645723399999993,0.00011900345099589891
6,8,intrel,0.0008265871399999996,0.00018221143156771358
6,8,intrel,0.0009027153000000009,0.0001687817809883519
6,8,intrel,0.0008381973600000002,0.00020900866113058566
6,8,intrel,0.0008670183600000003,0.00018518614982036022
6,8,intrel,0.0005402406400000003,0.0001507514232805854
6,8,intrel,0.0007957200400000005,0.00017553843869525177
6,8,intrel,0.0009140979799999998,0.00012430563039916308
7,8,uniform,0.0008980300200000003,0.00011986226220981964
7,8,uniform,0.0008604536600000004,0.00010475256254728208
7,8,uniform,0.0008763899399999999,0.00017164861087698902
7,8,uniform,0.0009287510200000001,0.0002015031156687989
7,8,uniform,0.0009184229199999996,0.00013547991703733966
7,8,uniform,0.00080780898,0.0001206420913586041
7,8,uniform,0.0008679350000000005,0.00012263815702069785
7,8,uniform,0.0008915341999999995,0.00013705311417715234
7,8,uniform,0.0008479063999999998,0.0001632472861679824
7,8,uniform,0.00104981408,0.0002989056472054908
7,8,uniform,0.0007336031599999998,0.00014066838643103543
7,8,uniform,0.0008331101800000001,0.00015911362581588602
7,8,uniform,0.0009037541000000007,0.00013905991999278578
7,8,uniform,0.0008283715600000002,0.0000843484966144099
7,8,uniform,0.0008723910400000005,0.00020910055506903318
7,8,uniform,0.0008742899400000004,0.0004809134464645955
7,8,uniform,0.0005516186800000001,0.0001253706320355325
7,8,uniform,0.0008589455600000005,0.00008228922200628698
7,8,uniform,0.0009011403800000001,0.00016415199281969673
7,8,uniform,0.0008368092200000003,0.00016778890781720006
7,8,uniform,0.0007314724000000008,0.0001321374313945733
7,8,uniform,0.0007948199,0.00014323873738172614
7,8,uniform,0.0009105697800000001,0.00022263865628771655
7,8,uniform,0.0009111448199999997,0.00012384614543770744
7,8,uniform,0.0008037903600000009,0.00008891176047220447
7,8,uniform,0.0008308182400000011,0.00006534102292749262
7,8,uniform,0.0008913967199999995,0.0001496803958210813
7,8,uniform,0.0009085705600000001,0.0001466049917396706
7,8,uniform,0.0007796054199999998,0.00011935550833078464
7,8,uniform,0.0008901967199999996,0.00016362337940676108
7,8,uniform,0.0009144094199999994,0.00010742320574583086
7,8,uniform,0.0008802269999999996,0.0001277666963644196
7,8,uniform,0.0008388674799999996,0.00012829169528075896
7,8,uniform,0.0008595702000000008,0.00006639131278044675
7,8,uniform,0.0011026575799999998,0.0005050425929717765
7,8,uniform,0.00089156658,0.00008087121583824222
7,8,uniform,0.0010091213400000006,0.00032800688666186734
7,8,uniform,0.0008431792599999998,0.00008392963091814213
7,8,uniform,0.0008313263599999999,0.00009933439314848494
7,8,uniform,0.0009106038600000001,0.00016694474049047886
7,8,uniform,0.0008464339799999991,0.00012494610537810115
7,8,uniform,0.0009095228200000001,0.00011828403756217963
7,8,uniform,0.0008904903800000012,0.00008246345493536985
7,8,uniform,0.0008185331399999999,0.000147655041848259
7,8,uniform,0.0007961519200000005,0.0001212797133088081
7,8,uniform,0.0013983366599999991,0.0002432818383361843
7,8,uniform,0.0008228269200000005,0.0001288563010538829
7,8,uniform,0.0007914560999999993,0.00012912726303186326
7,8,uniform,0.0008844502800000006,0.00014587196314287253
7,8,uniform,0.0014380826199999995,0.0005201938497520153
7,8,uniform,0.0007765828799999999,0.00010455703802173137
7,8,uniform,0.0012974302799999996,0.0003214326822822401
7,8,uniform,0.0008762704600000001,0.00013989716435947605
7,8,uniform,0.0006430791200000002,0.00024353284160295746
7,8,uniform,0.0009576930400000006,0.00021158106272474707
7,8,uniform,0.0011689172199999998,0.0002935581897200848
7,8,uniform,0.0009351201800000004,0.00019036467443902966
7,8,uniform,0.0008841281400000002,0.00011076324157228337
7,8,uniform,0.0007917962600000005,0.0001292161303155814
7,8,uniform,0.0008852760600000002,0.0002800355713659724
7,8,uniform,0.0008928512799999996,0.00014300071833696812
7,8,uniform,0.0008313399800000003,0.0001043506940474177
7,8,uniform,0.0008799276999999992,0.00012331233091787705
7,8,uniform,0.0009010511600000008,0.0002192459460310879
7,8,uniform,0.0009250842400000004,0.0002123587531397439
7,8,uniform,0.0008432573199999996,0.00010451831014415083
7,8,uniform,0.0008417047199999996,0.00009922860311674248
7,8,uniform,0.0009060742799999997,0.0002644963699258565
7,8,uniform,0.0009235934199999995,0.00018376412921387384
7,8,uniform,0.0009044998600000002,0.00018055979839392706
7,8,uniform,0.0008863972800000003,0.00017461035688962501
7,8,uniform,0.0010033189999999997,0.00027294112183594966
7,8,uniform,0.0008538868800000002,0.00012937224033256385
7,8,uniform,0.0008602278200000001,0.00011492315156684295
7,8,uniform,0.0009385136800000006,0.000175252423434821
7,8,uniform,0.0008856855400000002,0.00018443405257959644
7,8,uniform,0.0009107464800000009,0.0004022080308503852
7,8,uniform,0.0006711740599999992,0.00036438645156215075
7,8,uniform,0.0007738541800000008,0.00013168880066176218
7,8,uniform,0.0008224083800000009,0.00008296622713958842
7,8,uniform,0.0006425259400000008,0.00011343139504387673
7,8,uniform,0.0008365749000000004,0.0001287085203195361
7,8,uniform,0.0008322102399999993,0.00015636512661165142
7,8,uniform,0.0007238095400000004,0.00009083703865867579
7,8,uniform,0.0008316619400000009,0.00020757137426265907
7,8,uniform,0.0008121686799999995,0.00007827344973027424
7,8,uniform,0.0008849432400000001,0.00009701616835862414
7,8,uniform,0.0008330566200000008,0.00008926953183906961
7,8,uniform,0.0009031017000000006,0.0001819015732667899
7,8,uniform,0.0009710728799999999,0.0003916338185145377
7,8,uniform,0.0007961879200000001,0.00010988783526168859
7,8,uniform,0.0008418480599999998,0.00020515403072350296
7,8,uniform,0.0008814163999999996,0.00007850836520050295
7,8,uniform,0.0008397023599999998,0.00006657229921596521
7,8,uniform,0.0008401344799999994,0.00012511408360567922
7,8,uniform,0.0009458241600000001,0.000219874780987725
7,8,uniform,0.0007698585200000011,0.0000825230804215807
7,8,uniform,0.0009082113799999999,0.00014648657738240432
7,8,uniform,0.0009225900799999999,0.00017717568522621205
7,8,uniform,0.0009141338599999998,0.00012919707888979363
7,8,intrel,0.0008118199600000004,0.000142828760716383
7,8,intrel,0.0008054646400000006,0.00009200823838047213
7,8,intrel,0.0008843089800000004,0.00021651000797961588
7,8,intrel,0.0009252253400000002,0.00014692770647649968
7,8,intrel,0.0008459645000000003,0.00011053896321689769
7,8,intrel,0.0008184136400000011,0.00016908450597329533
7,8,intrel,0.0016100408999999995,0.0003923834775296145
7,8,intrel,0.0008144018600000005,0.0001635194337748406
7,8,intrel,0.0009046996400000002,0.0001943312865522859
7,8,intrel,0.0007990997400000004,0.00018734226077482408
7,8,intrel,0.00133196294,0.0004472167387228231
7,8,intrel,0.0009112513599999997,0.0001509612760883841
7,8,intrel,0.0009385982399999999,0.00019530687717950713
7,8,intrel,0.0007865007,0.00007257983784495522
7,8,intrel,0.0009122026399999992,0.00014416524723170207
7,8,intrel,0.0008091942999999999,0.00015669174603164153
7,8,intrel,0.0007447474200000002,0.00015665830983257805
7,8,intrel,0.0008943400799999998,0.0001692605708880378
7,8,intrel,0.000812981,0.00010973377030309921
7,8,intrel,0.0008835560800000008,0.00017660918858491544
7,8,intrel,0.0008471159400000001,0.00011437952871621925
7,8,intrel,0.0008519118199999993,0.0001401145573601592
7,8,intrel,0.0009204357200000002,0.0001817552331658034
7,8,intrel,0.000888697460000001,0.00015942220170561775
7,8,intrel,0.0009309117399999998,0.00020537764598257635
7,8,intrel,0.0008470988600000007,0.0002297954572294433
7,8,intrel,0.0008642775400000003,0.00013754452729191212
7,8,intrel,0.0008285160200000007,0.00011568968202187358
7,8,intrel,0.0009228325399999997,0.00012411467691059839
7,8,intrel,0.0008554141199999997,0.00012635982202055632
7,8,intrel,0.0008570904400000002,0.00010219461488035688
7,8,intrel,0.0009202397799999999,0.00018760037483322542
7,8,intrel,0.0009276272000000004,0.00013784683624552287
7,8,intrel,0.0008526651600000004,0.00009650467685293233
7,8,intrel,0.0003018469399999996,0.00021476754414650798
7,8,intrel,0.0009037112,0.00018667712526537482
7,8,intrel,0.0008529292800000006,0.0001526568897799535
7,8,intrel,0.0006079784199999993,0.00010553357797718537
7,8,intrel,0.0011668122599999993,0.0005088632309445676
7,8,intrel,0.0006688388999999995,0.0001590173012880464
7,8,intrel,0.0008663100200000006,0.00021830361019878306
7,8,intrel,0.00070177776,0.00010599958717010801
7,8,intrel,0.0009379879199999993,0.00027217153305592257
7,8,intrel,0.0008032878600000003,0.00012204730437298117
7,8,intrel,0.0009987756400000002,0.0002713123567478184
7,8,intrel,0.0008433691400000002,0.00021837049579528323
7,8,intrel,0.0006229999399999993,0.00011220096782806983
7,8,intrel,0.0008061631000000006,0.00011829994099763717
7,8,intrel,0.0008600645800000003,0.0002629138138699744
7,8,intrel,0.0007914853199999991,0.00014173908758486104
7,8,intrel,0.00094225408,0.00032332323845761887
7,8,intrel,0.0007993756800000005,0.00012456670167446658
7,8,intrel,0.0008397971600000002,0.0001591232008010355
7,8,intrel,0.0008432539800000003,0.00011738631546119652
7,8,intrel,0.0009150898199999999,0.00021004671472751545
7,8,intrel,0.0008111313000000008,0.0000890238896276973
7,8,intrel,0.000967686420000001,0.0002491179468625031
7,8,intrel,0.0007867183600000008,0.00009072407927189635
7,8,intrel,0.00105571676,0.00026709928174047527
7,8,intrel,0.0008605168200000006,0.00014521181995752887
7,8,intrel,0.0008842807799999998,0.00011295628667807736
7,8,intrel,0.0008530633600000006,0.00016862080967543715
7,8,intrel,0.0008714239399999997,0.000130269826931301
7,8,intrel,0.0008650867600000004,0.00016104537553690332
7,8,intrel,0.00082594438,0.00019419017397214857
7,8,intrel,0.0009342626000000005,0.00020602080125303954
7,8,intrel,0.0008975156800000003,0.00013129696013422745
7,8,intrel,0.0015766869200000005,0.0006346344380236635
7,8,intrel,0.0008339693799999999,0.00012300040677281436
7,8,intrel,0.0009224100000000002,0.00024893062477550294
7,8,intrel,0.0008989480400000008,0.00011557460259863896
7,8,intrel,0.0006346839599999995,0.00022082968940090458
7,8,intrel,0.0008591098400000004,0.00012007747231502949
7,8,intrel,0.0009106576799999995,0.00013825709680081124
7,8,intrel,0.0009754558200000006,0.0003185517854478468
7,8,intrel,0.0008399866000000002,0.0003309961598612589
7,8,intrel,0.0007265235400000002,0.00012494867152021535
7,8,intrel,0.0012841870800000001,0.0002970747861793578
7,8,intrel,0.0009104061000000006,0.0002749684505766071
7,8,intrel,0.0008851826399999997,0.00015212628763497778
7,8,intrel,0.0009826761000000003,0.00018204187835355048
7,8,intrel,0.0008127937200000006,0.0000945183205677315
7,8,intrel,0.0008607583399999997,0.00011888153444262627
7,8,intrel,0.0009618360200000002,0.0002344916300145914
7,8,intrel,0.0009119932000000001,0.00007173089414688146
7,8,intrel,0.0008153700999999994,0.00019358185709355326
7,8,intrel,0.0008074839399999995,0.00011534136270513615
7,8,intrel,0.00086094742,0.00018500225470052464
7,8,intrel,0.0008735334600000002,0.0001485036702555791
7,8,intrel,0.0009888653799999991,0.00022689518427395318
7,8,intrel,0.0008204232799999996,0.00012689054167028276
7,8,intrel,0.0007892279000000004,0.0001106425698030474
7,8,intrel,0.0008534920600000004,0.00013216106544095688
7,8,intrel,0.0007986754400000001,0.00006695428044701683
7,8,intrel,0.0009106983799999999,0.00014064104669137117
7,8,intrel,0.00083081276,0.00012660822362074275
7,8,intrel,0.0007334581799999993,0.00007041508819343264
7,8,intrel,0.0008124713800000006,0.00012817830047346808
7,8,intrel,0.00065978754,0.00012460493486575884
7,8,intrel,0.00149109824,0.00041451874981552066
8,8,uniform,0.0005700227799999996,0.00010527845829354958
8,8,uniform,0.0013456281399999998,0.0004307424678383955
8,8,uniform,0.0008885065600000005,0.00013659457304479147
8,8,uniform,0.0008208246600000001,0.00023866479556566354
8,8,uniform,0.0008900415799999986,0.0001811256771466216
8,8,uniform,0.0009024955400000001,0.000165122663156448
8,8,uniform,0.0008475734800000006,0.00009088265888764968
8,8,uniform,0.0008682459800000002,0.00011543447025048942
8,8,uniform,0.0008310628999999997,0.00006479684316761801
8,8,uniform,0.0008359941199999998,0.00022346400829027378
8,8,uniform,0.0008398940599999994,0.0001637010602363005
8,8,uniform,0.0009729610000000007,0.00015626609658488883
8,8,uniform,0.0008454517999999999,0.00013032943004743364
8,8,uniform,0.0009090627399999995,0.00016550508157895202
8,8,uniform,0.0010445265800000003,0.0004103885565329115
8,8,uniform,0.00085027922,0.00018047000588491155
8,8,uniform,0.0009478937999999992,0.00015953199970542307
8,8,uniform,0.0009401981600000002,0.0002004442946301485
8,8,uniform,0.0008781440799999999,0.00008490939196323738
8,8,uniform,0.0009492381799999991,0.0002743957283032422
8,8,uniform,0.0009563841199999992,0.00019361767888278063
8,8,uniform,0.0008124326000000001,0.00012210820951694178
8,8,uniform,0.0009559185200000004,0.00020284789848063774
8,8,uniform,0.0008261438000000003,0.0001453808005856803
8,8,uniform,0.0007245628200000006,0.00014494411371912362
8,8,uniform,0.00138571654,0.00038899086433545507
8,8,uniform,0.0009043536200000009,0.0002576070086746045
8,8,uniform,0.0009928652999999998,0.00016370052395222603
8,8,uniform,0.000785883380000001,0.00039031725722738826
8,8,uniform,0.0009046683399999998,0.00010483989944508507
8,8,uniform,0.0008833626600000006,0.0001321095588004306
8,8,uniform,0.0009228004000000007,0.0001713036589915049
8,8,uniform,0.0008111959800000005,0.00010586567224637917
8,8,uniform,0.000856881860000001,0.00017718309266935656
8,8,uniform,0.00093475978,0.00015767363776347232
8,8,uniform,0.0009629447599999999,0.00022384715848830622
8,8,uniform,0.00108837008,0.00043066245536852235
8,8,uniform,0.00093366032,0.00011130922798926714
8,8,uniform,0.0008580165000000005,0.00012428719481663792
8,8,uniform,0.00098204116,0.00021732347566601177
8,8,uniform,0.0008675425599999993,0.00015678533157509057
8,8,uniform,0.0008259662199999998,0.00012906161437533102
8,8,uniform,0.0009017969400000001,0.00010803822401580331
8,8,uniform,0.0008479701799999999,0.00014890994774027398
8,8,uniform,0.0008725040000000002,0.00010551769805577109
8,8,uniform,0.0007842661200000002,0.00016228075725267005
8,8,uniform,0.0008716378200000002,0.00013530429240723375
8,8,uniform,0.0009046111199999995,0.0001312081725735863
8,8,uniform,0.0008551637400000002,0.00009112482256461922
8,8,uniform,0.0009125071599999999,0.00011371184415022238
8,8,uniform,0.0008957376799999999,0.0001295373743013961
8,8,uniform,0.0008088652200000008,0.00010629576621254072
8,8,uniform,0.0009372263999999997,0.00011343647454486003
8,8,uniform,0.0008434006800000003,0.00009696249048076956
8,8,uniform,0.0008334902600000006,0.00011557433348744296
8,8,uniform,0.0008147789000000014,0.00010084841664707595
8,8,uniform,0.0010439511800000001,0.00036184095787262355
8,8,uniform,0.0009805936,0.00024373851488932892
8,8,uniform,0.0010235982600000006,0.0002593565204883682
8,8,uniform,0.0007880378400000009,0.00018769255485503707
8,8,uniform,0.00099680528,0.00026298917499650913
8,8,uniform,0.0005129206399999999,0.00013312081127039797
8,8,uniform,0.0008620589799999998,0.00018067600083270609
8,8,uniform,0.0009120558199999993,0.00021702427798518046
8,8,uniform,0.00093864732,0.00013804055267706254
8,8,uniform,0.0008635271199999991,0.000136729592543336
8,8,uniform,0.0008222326600000006,0.0001583505064588961
8,8,uniform,0.0010116487400000003,0.00034229643969966537
8,8,uniform,0.0008610520599999996,0.0001465329398675715
8,8,uniform,0.0011400378399999997,0.0003036535651023859
8,8,uniform,0.0007624171600000002,0.00008825694085742553
8,8,uniform,0.0014204829400000008,0.00029713466517905084
8,8,uniform,0.0008854475799999999,0.00012366360234729987
8,8,uniform,0.0008107390799999999,0.00019494688776062978
8,8,uniform,0.0009246661999999996,0.00012219995690870302
8,8,uniform,0.0008954365399999997,0.0001377365341869115
8,8,uniform,0.0008725779999999997,0.00006587544510673996
8,8,uniform,0.0008992866,0.0001211818657869238
8,8,uniform,0.0008599067999999996,0.0001320849633060731
8,8,uniform,0.0008916904,0.00009503852392115056
8,8,uniform,0.0008838065199999997,0.0001448880416519367
8,8,uniform,0.0008431818800000004,0.00014387079870633926
8,8,uniform,0.0007714689800000002,0.00010931132071397426
8,8,uniform,0.0009500884000000001,0.00025007324023697985
8,8,uniform,0.0010011025400000003,0.00026706169814116816
8,8,uniform,0.0009198717999999995,0.00012353938275802304
8,8,uniform,0.0009534105199999995,0.00013805572067361474
8,8,uniform,0.0008819858000000006,0.00016617930927819439
8,8,uniform,0.0008834406399999993,0.0001938681646579276
8,8,uniform,0.0009507351799999996,0.00044667108190603886
8,8,uniform,0.00087382254,0.00015879972744183154
8,8,uniform,0.0009002200600000006,0.00014654508688034093
8,8,uniform,0.00131860314,0.0008034050533891082
8,8,uniform,0.0009132285800000008,0.00016559859276656517
8,8,uniform,0.0010203946400000011,0.00043472408217264016
8,8,uniform,0.0008576863800000003,0.00013116113155775652
8,8,uniform,0.0008848722400000006,0.00012765091078475614
8,8,uniform,0.0007265282999999991,0.000124443176766703
8,8,uniform,0.0008701759400000002,0.00019968761073915216
8,8,uniform,0.0008737020000000005,0.0001033231768449525
8,8,intrel,0.0008493906999999992,0.0001060725547121194
8,8,intrel,0.0008931512400000001,0.0001797848486991542
8,8,intrel,0.0009402219000000003,0.00014456317359783498
8,8,intrel,0.000778196600000001,0.00017539112288748635
8,8,intrel,0.0007908183600000002,0.00008315109311829072
8,8,intrel,0.0009100859000000002,0.000099470775736394
8,8,intrel,0.0008780828400000003,0.00011920721997317658
8,8,intrel,0.00089625428,0.00018436268295910036
8,8,intrel,0.0009322693999999994,0.00021088650170777754
8,8,intrel,0.0009328176200000014,0.00010146136458661385
8,8,intrel,0.0007938083399999993,0.00013303307472638362
8,8,intrel,0.0008891826000000001,0.0000939676795831063
8,8,intrel,0.0009476585799999997,0.00015849116980394282
8,8,intrel,0.0008499980200000005,0.0001452408895826746
8,8,intrel,0.0010475913000000002,0.00024464037762217877
8,8,intrel,0.0008481927000000002,0.00011238345152344369
8,8,intrel,0.0008159214199999999,0.00016501875468308313
8,8,intrel,0.0009034587000000002,0.0001332534325171817
8,8,intrel,0.0008881831399999998,0.00016889222992731853
8,8,intrel,0.0010840743599999994,0.00036516345593612067
8,8,intrel,0.0006759705799999991,0.00012468751574507282
8,8,intrel,0.0008282196799999992,0.00010183944060988029
8,8,intrel,0.0008396868599999999,0.00037350739563020115
8,8,intrel,0.0007923439800000001,0.00017411561077692662
8,8,intrel,0.0009119231799999999,0.00007213052480584534
8,8,intrel,0.0008597944400000005,0.00016397967434414275
8,8,intrel,0.0008980635400000003,0.00018675182604042552
8,8,intrel,0.00084678552,0.00014117295983233556
8,8,intrel,0.0008282072599999999,0.0001016756139912068
8,8,intrel,0.0009032809400000002,0.00016176443837478963
8,8,intrel,0.0008643425800000003,0.00013400065714084307
8,8,intrel,0.0009507702200000001,0.00009945239754559297
8,8,intrel,0.0008093833399999998,0.00018100565097390987
8,8,intrel,0.0008711603400000003,0.00017816597959343663
8,8,intrel,0.0012012368599999999,0.00033880526257261715
8,8,intrel,0.0007722909799999995,0.00011384137698862694
8,8,intrel,0.00085309214,0.0001810710050702947
8,8,intrel,0.00086994278,0.00007846481923065898
8,8,intrel,0.0009285673599999999,0.00013828937402273538
8,8,intrel,0.000846889,0.0000856816826220427
8,8,intrel,0.0008026204999999998,0.00013151203192040393
8,8,intrel,0.0009079941600000001,0.00007532673405903116
8,8,intrel,0.0009334887800000004,0.00019227749004409114
8,8,intrel,0.00092234488,0.00008671822567507556
8,8,intrel,0.000884521580000001,0.00005707723868788095
8,8,intrel,0.0007695091600000006,0.00009696373583882905
8,8,intrel,0.0008256540600000001,0.0001254863722205191
8,8,intrel,0.0008713435200000004,0.00021810721787241346
8,8,intrel,0.0008814185200000007,0.00015312776553254117
8,8,intrel,0.0008721086599999993,0.00014235521215045127
8,8,intrel,0.0014238436399999991,0.0004148871117831666
8,8,intrel,0.00091323432,0.00010854565879240767
8,8,intrel,0.0008433835000000005,0.0001809092231435423
8,8,intrel,0.0014442874399999996,0.0004978070619158481
8,8,intrel,0.0008491681000000002,0.0001495487203617381
8,8,intrel,0.0009097519600000002,0.00015558722801138495
8,8,intrel,0.0010874480600000006,0.0002867880806863029
8,8,intrel,0.0009900459399999988,0.0002854580382803127
8,8,intrel,0.0008207550200000004,0.00012291583142043898
8,8,intrel,0.0009361388800000004,0.00013558632758131959
8,8,intrel,0.00088059188,0.00014327703635792828
8,8,intrel,0.0008756102399999997,0.00012428869437742298
8,8,intrel,0.0008616661600000005,0.0001891299347972182
8,8,intrel,0.0008621994599999998,0.00016890753025253525
8,8,intrel,0.0008718083999999998,0.00019063347945325756
8,8,intrel,0.0009140347399999998,0.00008426576420561052
8,8,intrel,0.0010159657800000003,0.0004163012537764904
8,8,intrel,0.00121297928,0.0005666220929870181
8,8,intrel,0.0008799956400000003,0.00013839949543377036
8,8,intrel,0.0008274143000000011,0.00008183849465115222
8,8,intrel,0.0008989158600000005,0.00016318569865800126
8,8,intrel,0.0009162760799999999,0.00018594991101216838
8,8,intrel,0.0009808721799999993,0.00016503856594761245
8,8,intrel,0.0008600855799999994,0.000149582660433064
8,8,intrel,0.00091511822,0.00014077908286946132
8,8,intrel,0.00098707024,0.00013150495067778495
8,8,intrel,0.000890351159999999,0.00012777909485518787
8,8,intrel,0.0009232480200000003,0.00020648006989648087
8,8,intrel,0.0008256294000000004,0.00013479188325254106
8,8,intrel,0.0009334888999999992,0.00016774675316682326
8,8,intrel,0.0008434343800000002,0.0000864483620718171
8,8,intrel,0.0007197973600000003,0.00025586991281832173
8,8,intrel,0.0008387055399999996,0.00011930505084031894
8,8,intrel,0.0018747160600000004,0.0004802455828648623
8,8,intrel,0.0003289684400000003,0.00018145142236299924
8,8,intrel,0.0010122538599999999,0.00028372854077815296
8,8,intrel,0.00102838774,0.0003560253194520487
8,8,intrel,0.00083876658,0.0000873361024660224
8,8,intrel,0.0008605024400000003,0.00009461732257214966
8,8,intrel,0.0008874412000000002,0.00009596543109103875
8,8,intrel,0.0008339783999999992,0.00011746545132250591
8,8,intrel,0.0008760445200000002,0.0001696351243902302
8,8,intrel,0.0008281623600000003,0.00010588878419255638
8,8,intrel,0.0010079911800000005,0.00026303877989241226
8,8,intrel,0.0008556099999999997,0.00018812866992640374
8,8,intrel,0.0008482859399999999,0.00014181690499235662
8,8,intrel,0.0009153987800000002,0.00018021102799045842
8,8,intrel,0.0012086518999999993,0.0004948333328508927
8,8,intrel,0.0009648690000000001,0.00032168972453117686
8,8,intrel,0.0009134438799999995,0.00013950871203556502
9,8,uniform,0.0009595268800000001,0.0002077177915693683
9,8,uniform,0.0008608633000000001,0.00017114508106204313
9,8,uniform,0.0009613965599999999,0.0002507844046812807
9,8,uniform,0.0009555783600000004,0.00021019480177748872
9,8,uniform,0.0010016594000000008,0.00015746010092962173
9,8,uniform,0.0008974270799999993,0.00014158116524861473
9,8,uniform,0.0009376369200000002,0.0002526984131503842
9,8,uniform,0.0008658234399999999,0.0001162393026767051
9,8,uniform,0.0009964453200000001,0.0002512310877441546
9,8,uniform,0.0008811566600000003,0.0001429416753080703
9,8,uniform,0.0009023497,0.00015543940232129049
9,8,uniform,0.0012621361600000003,0.0005195371272607955
9,8,uniform,0.0008993715799999989,0.00010573533718051784
9,8,uniform,0.0009674863599999998,0.00018180904830389125
9,8,uniform,0.0009350708200000002,0.00024735773323412036
9,8,uniform,0.0009118250800000006,0.00013316800212050442
9,8,uniform,0.0008782858200000002,0.00009407221186236555
9,8,uniform,0.0008588375599999996,0.00010539616551326721
9,8,uniform,0.0007884639200000001,0.00019293700753942117
9,8,uniform,0.0009802144999999994,0.00022936802475451742
9,8,uniform,0.0008185346600000006,0.00013321098228849857
9,8,uniform,0.0008901159600000011,0.00019449200683389998
9,8,uniform,0.0009710322399999997,0.00022162504973563397
9,8,uniform,0.0008550163400000007,0.00012990737115520264
9,8,uniform,0.0009654719599999993,0.00016153094485935363
9,8,uniform,0.0008559238200000003,0.00016404508670199991
9,8,uniform,0.0008449911199999999,0.00016608760423931568
9,8,uniform,0.0009081721399999996,0.00014035472697751698
9,8,uniform,0.0009073229799999996,0.00016294858920956905
9,8,uniform,0.0008023335600000003,0.00023145384530119843
9,8,uniform,0.0009323874199999993,0.0002410773477611835
9,8,uniform,0.0008296188400000002,0.00006681202602334735
9,8,uniform,0.00083393162,0.00018192540413770333
9,8,uniform,0.0008567432800000005,0.00009261905171237721
9,8,uniform,0.0008848106799999996,0.00013224646416231078
9,8,uniform,0.0008865989600000002,0.0000806216792035492
9,8,uniform,0.00090419934,0.00015480607419926672
9,8,uniform,0.0008937684999999996,0.00013962108756297048
9,8,uniform,0.00097730322,0.00012509693507232255
9,8,uniform,0.0008682718999999999,0.0001140408530846634
9,8,uniform,0.0009145383199999999,0.00013606045111432395
9,8,uniform,0.000896338239999999,0.0001147751222022633
9,8,uniform,0.0007146598,0.00020053358926280215
9,8,uniform,0.0009852084799999998,0.00035383313527072497
9,8,uniform,0.0012036194199999991,0.0004520811223506488
9,8,uniform,0.0005647343200000004,0.0005319470666357697
9,8,uniform,0.0008766001800000003,0.00013306255971455265
9,8,uniform,0.0008572746600000016,0.00008053000683727222
9,8,uniform,0.0009078670400000004,0.00018562697678839682
9,8,uniform,0.0008657069600000004,0.00014044777654982258
9,8,uniform,0.0009241388000000002,0.0001587984669538721
9,8,uniform,0.0008627344400000002,0.000139273539451605
9,8,uniform,0.0009023840399999995,0.00020158545423894613
9,8,uniform,0.0009110899600000005,0.00016414737224823317
9,8,uniform,0.0009276827999999991,0.0001592294592348483
9,8,uniform,0.0011823884199999996,0.0003867361308993368
9,8,uniform,0.0008791785000000005,0.0001844681263363524
9,8,uniform,0.0008982000000000007,0.0001402590637684821
9,8,uniform,0.0009473954,0.0001359598303703054
9,8,uniform,0.0009253497199999997,0.00016903827612624705
9,8,uniform,0.0010006680800000007,0.0003102769231742654
9,8,uniform,0.00123765194,0.0005463616072278708
9,8,uniform,0.0009658619199999999,0.0001879687998697892
9,8,uniform,0.0008643302400000002,0.00011620227270602083
9,8,uniform,0.0008780062400000003,0.00008483221414743072
9,8,uniform,0.0008272763000000008,0.00010510493937864619
9,8,uniform,0.0009001269999999999,0.0001910015835608875
9,8,uniform,0.0008760388400000004,0.00009173548408870417
9,8,uniform,0.0007053743000000005,0.00006463162264033161
9,8,uniform,0.0009488370999999995,0.00023449445097298622
9,8,uniform,0.0008702346799999997,0.00010694475770482838
9,8,uniform,0.00084177452,0.00011552614149230475
9,8,uniform,0.001613570340000001,0.0003984035405438534
9,8,uniform,0.0008983031600000004,0.00013671645640343048
9,8,uniform,0.000841882259999999,0.0002098171560293232
9,8,uniform,0.0007464821199999999,0.00010612384086088605
9,8,uniform,0.0010136442399999999,0.00034268287107988853
9,8,uniform,0.0008987235199999999,0.00012610390038029045
9,8,uniform,0.0009018664800000001,0.00015905663386455227
9,8,uniform,0.0008505815000000007,0.00011725184495781341
9,8,uniform,0.0010502299800000004,0.00040874573390106754
9,8,uniform,0.0009665928000000002,0.0002178814585742543
9,8,uniform,0.0008023381000000007,0.00011482109052632952
9,8,uniform,0.0009753452400000006,0.0001974425665547664
9,8,uniform,0.0009287439200000002,0.00012458696471764433
9,8,uniform,0.0008592272799999998,0.0001080067642933637
9,8,uniform,0.0008891999000000001,0.00012387720128063205
9,8,uniform,0.0008570472599999998,0.00009549805347149457
9,8,uniform,0.0008912244800000005,0.0001321978991625393
9,8,uniform,0.0008904369200000001,0.00011818261688500938
9,8,uniform,0.0008394099400000001,0.0001413192066926267
9,8,uniform,0.0008145755199999995,0.0000775043131433485
9,8,uniform,0.0007184646799999999,0.0002484229902640521
9,8,uniform,0.000783714660000001,0.0001628589526543001
9,8,uniform,0.00095670374,0.00018849090685712719
9,8,uniform,0.0008558197199999994,0.00013516422420136023
9,8,uniform,0.0008624923400000005,0.00010393824300724606
9,8,uniform,0.0009595049199999997,0.00021463279521742346
9,8,uniform,0.0008830925999999998,0.00011023497350377411
9,8,uniform,0.0009369082399999999,0.0002103062134603044
9,8,intrel,0.0008818904599999999,0.00015445593145101296
9,8,intrel,0.0009357135600000009,0.00015308666951850078
9,8,intrel,0.0008861669399999993,0.00014176140429232964
9,8,intrel,0.0007023870599999993,0.0002144729105336305
9,8,intrel,0.0009182071999999994,0.00012858446714648106
9,8,intrel,0.0009173744399999996,0.00035825372949921955
9,8,intrel,0.0010633142000000002,0.0006579592104292806
9,8,intrel,0.00079835162,0.00015919163639969001
9,8,intrel,0.0008672393800000008,0.00014684717665110216
9,8,intrel,0.00100581332,0.0001718399142195692
9,8,intrel,0.0009030501000000005,0.00018747727330177026
9,8,intrel,0.0008904074600000003,0.00009148042898650806
9,8,intrel,0.0008869374200000009,0.00011495854075873521
9,8,intrel,0.0009642383800000001,0.00011886055558230126
9,8,intrel,0.0008819819400000007,0.0001461039058798376
9,8,intrel,0.0008946653599999991,0.00015870135982250163
9,8,intrel,0.0009532208799999999,0.00018551374060232483
9,8,intrel,0.0013013038800000006,0.0004888139741315935
9,8,intrel,0.0009671257800000002,0.00019224561431680165
9,8,intrel,0.0009417656800000005,0.00007620485412863588
9,8,intrel,0.0009134060399999999,0.00010900905616996534
9,8,intrel,0.0008371422999999996,0.00011287219953282467
9,8,intrel,0.0008636146600000001,0.00010152014309863173
9,8,intrel,0.0009006894399999996,0.0001655880948071985
9,8,intrel,0.0013940734400000004,0.001037396404940159
9,8,intrel,0.0008897694800000005,0.00011424448224949662
9,8,intrel,0.0008735314999999995,0.00013853346949127088
9,8,intrel,0.0008745631400000009,0.00008062369880631327
9,8,intrel,0.0009436522,0.00016785720096108148
9,8,intrel,0.00097250732,0.00008887601789265515
9,8,intrel,0.0009087998,0.00013800429477761435
9,8,intrel,0.0009931373399999996,0.00027214404954404805
9,8,intrel,0.0009469722199999987,0.00017727985326185388
9,8,intrel,0.0014760269199999994,0.0004735286838423954
9,8,intrel,0.0009221355400000003,0.0001789091133491777
9,8,intrel,0.0008465036000000006,0.00011867361450053763
9,8,intrel,0.0007378786599999993,0.00008418549817192726
9,8,intrel,0.0009690181799999993,0.00019980159832919253
9,8,intrel,0.00116818198,0.00041134371364476524
9,8,intrel,0.0009045334600000001,0.00006858094591300291
9,8,intrel,0.0008951622800000005,0.00006985456399063853
9,8,intrel,0.0009690259000000005,0.00018709067491875584
9,8,intrel,0.0008287256799999999,0.000135643605982737
9,8,intrel,0.0009412891200000001,0.00014430895786610065
9,8,intrel,0.0008572241800000003,0.00009953591289183571
9,8,intrel,0.0008867019599999995,0.0002003865468962147
9,8,intrel,0.0009289393400000009,0.00016169943879776173
9,8,intrel,0.0009594361400000007,0.00011658203017813488
9,8,intrel,0.0008733502399999994,0.00012048096942468175
9,8,intrel,0.0008846655599999999,0.00017136087285855089
9,8,intrel,0.0010048825200000004,0.0001226464871028835
9,8,intrel,0.0008378153400000006,0.0000877924555931013
9,8,intrel,0.0009331003800000006,0.00013101540631798485
9,8,intrel,0.0009418317400000014,0.00020992235976297419
9,8,intrel,0.0009205812799999999,0.00022594897509678794
9,8,intrel,0.00060555664,0.0001245736949952384
9,8,intrel,0.0007851814400000005,0.00010738496328862805
9,8,intrel,0.0010127002199999998,0.000192916998408498
9,8,intrel,0.0010200141800000009,0.0001931384122849609
9,8,intrel,0.0008606266199999993,0.00015082028479602985
9,8,intrel,0.0009036757199999999,0.00016409702940100204
9,8,intrel,0.0008756718599999998,0.0001261573436307041
9,8,intrel,0.0009547463400000004,0.0002759939863846473
9,8,intrel,0.0009093872199999999,0.00011592236226390688
9,8,intrel,0.00061397824,0.000256489616732898
9,8,intrel,0.0008343965200000008,0.00009915050417510632
9,8,intrel,0.0012848780799999994,0.0004548089127166975
9,8,intrel,0.001345732740000001,0.00041168383547573404
9,8,intrel,0.0007131246600000001,0.0001569563493210064
9,8,intrel,0.0009344471800000002,0.00014673926675588765
9,8,intrel,0.0009295737399999998,0.00017673455168497443
9,8,intrel,0.0009887432,0.00008673320935399799
9,8,intrel,0.0008799494400000002,0.00009386211203817358
9,8,intrel,0.0008391608200000004,0.00012943372606069703
9,8,intrel,0.0008608024799999997,0.00013325945793509581
9,8,intrel,0.0009420073799999996,0.00022889293688767835
9,8,intrel,0.0009208661999999992,0.0001286059174005786
9,8,intrel,0.0009413415200000004,0.0001366753266354246
9,8,intrel,0.0009183148399999998,0.00011735047002173542
9,8,intrel,0.0010687950999999992,0.000214706597717288
9,8,intrel,0.0009960989200000004,0.00021354186441028896
9,8,intrel,0.0009142943199999998,0.00013630918193023134
9,8,intrel,0.0009435666600000001,0.00012122816640826965
9,8,intrel,0.0009104158000000004,0.00011924997880270022
9,8,intrel,0.0008814041000000004,0.00013878474152478003
9,8,intrel,0.0008827731400000004,0.00012171911229041504
9,8,intrel,0.0009225359800000005,0.00043069898132378295
9,8,intrel,0.0009299823199999993,0.0003325243614598453
9,8,intrel,0.0009761745399999997,0.00019449379729512652
9,8,intrel,0.0008943433399999999,0.00011391920318663485
9,8,intrel,0.0007870554800000004,0.00008767399678708744
9,8,intrel,0.0009274170200000001,0.00016650608593134905
9,8,intrel,0.0008089415199999999,0.00012936735234448543
9,8,intrel,0.0009666030400000004,0.00010802554519310085
9,8,intrel,0.00155837218,0.00041452322209284404
9,8,intrel,0.0008187421200000005,0.00005900807936969313
9,8,intrel,0.0008886424199999989,0.00010004556427370709
9,8,intrel,0.0008289547799999991,0.00020109777118274246
9,8,intrel,0.0009049430200000011,0.00014431719879333694
10,8,uniform,0.0008241534400000011,0.00013447069866604145
10,8,uniform,0.0009961580200000004,0.00027161480162999214
10,8,uniform,0.0008563348399999998,0.00013756787893157813
10,8,uniform,0.0008848259799999999,0.00008489042684909895
10,8,uniform,0.0008744567400000007,0.00010288200849214493
10,8,uniform,0.0009672188599999998,0.00014860312162056952
10,8,uniform,0.0009246714399999999,0.00018058198696624687
10,8,uniform,0.0009158312399999997,0.00015615748886499878
10,8,uniform,0.0008916889000000001,0.00017295892961718455
10,8,uniform,0.0009087662600000006,0.0002770777677884356
10,8,uniform,0.0008939267800000004,0.0001367571407837428
10,8,uniform,0.0008698803199999998,0.0001157642221617331
10,8,uniform,0.0009418578200000008,0.00007851223562279249
10,8,uniform,0.00090436676,0.00009617691532425485
10,8,uniform,0.0009161380599999993,0.00013326389580811283
10,8,uniform,0.0010236434800000001,0.00017856346646749686
10,8,uniform,0.00091863164,0.00015111584800792924
10,8,uniform,0.0009759142000000008,0.00017579904557397987
10,8,uniform,0.0008853042400000001,0.00019518957839748745
10,8,uniform,0.0008565772199999995,0.00007589620809156262
10,8,uniform,0.00091487208,0.00013132107991742142
10,8,uniform,0.0010780934000000002,0.0003512163426011097
10,8,uniform,0.0009918127200000003,0.00005084073629548123
10,8,uniform,0.0010373154999999998,0.0001976559321284225
10,8,uniform,0.0009272036399999994,0.00017795941496310635
10,8,uniform,0.0010478602000000004,0.00024799563864419974
10,8,uniform,0.0006202046400000001,0.00014961129823809724
10,8,uniform,0.0009837180799999999,0.00011724402543906263
10,8,uniform,0.0012968363199999996,0.000355491652310243
10,8,uniform,0.0008879932799999992,0.0001483765151080184
10,8,uniform,0.0013361839600000002,0.0005297078178308931
10,8,uniform,0.0008874431400000008,0.00010001059060191807
10,8,uniform,0.0008954883799999998,0.0001035209117566752
10,8,uniform,0.0009900286000000009,0.00019454379888026927
10,8,uniform,0.0009505302799999997,0.00019318830424067834
10,8,uniform,0.0009910128599999995,0.00019775463515860032
10,8,uniform,0.00086311146,0.00009900273306446304
10,8,uniform,0.0009069029999999999,0.00012818999278020455
10,8,uniform,0.0009118767800000002,0.00010457217851635085
10,8,uniform,0.00098710724,0.00011775609970971541
10,8,uniform,0.0008461699600000001,0.00015299135248216553
10,8,uniform,0.0008676709399999992,0.00008766791697840971
10,8,uniform,0.0011709881999999998,0.00030064029032511044
10,8,uniform,0.0008904379999999993,0.00006778640653831545
10,8,uniform,0.0009265694200000002,0.00012602623154411586
10,8,uniform,0.0011198603199999997,0.0002186620001753086
10,8,uniform,0.0008724904600000005,0.0002538965720057415
10,8,uniform,0.0009908206199999996,0.00012315203313109467
10,8,uniform,0.0009728581800000004,0.00011294753145086633
10,8,uniform,0.0009580510000000003,0.00017066768998029805
10,8,uniform,0.0009271178400000009,0.00023078058303553674
10,8,uniform,0.0013162882399999987,0.0006345767160749668
10,8,uniform,0.0009456776600000003,0.00016399516277015955
10,8,uniform,0.0011733496000000004,0.00012058502021598249
10,8,uniform,0.0010123071199999998,0.00018966755883038566
10,8,uniform,0.0009006277000000002,0.00011769710550958052
10,8,uniform,0.0014635344199999995,0.00043042559762449065
10,8,uniform,0.0009031803000000002,0.0001249776632757941
10,8,uniform,0.0008856561600000003,0.00011796528666711894
10,8,uniform,0.0009088070800000004,0.00020948253898353652
10,8,uniform,0.0009109725400000005,0.00013193028777367405
10,8,uniform,0.0008792517199999999,0.00006305933146216789
10,8,uniform,0.0009301247000000005,0.00014541750827298008
10,8,uniform,0.0009609519400000002,0.0001751000210982918
10,8,uniform,0.0009435535400000004,0.00014717493014251967
10,8,uniform,0.00088832506,0.0001240785513247332
10,8,uniform,0.0009245066799999993,0.00012447447430256534
10,8,uniform,0.0009460608000000004,0.00019874831236138833
10,8,uniform,0.0009684054000000001,0.0001097596023227834
10,8,uniform,0.0009458981999999989,0.00012335762180641017
10,8,uniform,0.0009474187800000002,0.00016886747245369667
10,8,uniform,0.0009160321200000005,0.0001907133512959815
10,8,uniform,0.0009390022600000005,0.00011135659472867642
10,8,uniform,0.0009656763999999999,0.00014952271425825426
10,8,uniform,0.0009880475200000002,0.00016902456647577063
10,8,uniform,0.0009438629799999992,0.00014845620002624797
10,8,uniform,0.0010133225200000006,0.00030438434711253185
10,8,uniform,0.0009696913799999998,0.0001822215970120202
10,8,uniform,0.0009340531799999999,0.00020409906669363064
10,8,uniform,0.0009305479200000001,0.0001921479396862104
10,8,uniform,0.0008164741399999994,0.00024175723059714256
10,8,uniform,0.0009325728200000004,0.00007740280070650615
10,8,uniform,0.0010854761399999996,0.0003167940042312985
10,8,uniform,0.0009532578599999994,0.0002963583296092193
10,8,uniform,0.0009765352999999994,0.0003015997728834431
10,8,uniform,0.0009105399599999996,0.00011428631407303334
10,8,uniform,0.0008400907800000001,0.00010893418077500849
10,8,uniform,0.0009352446199999998,0.0004158280629065604
10,8,uniform,0.000944438420000001,0.00010888158181376067
10,8,uniform,0.0010416731000000008,0.00023128044954018727
10,8,uniform,0.0008435278000000007,0.0000693816800066447
10,8,uniform,0.0011313504800000002,0.00029359821245302436
10,8,uniform,0.0005274574200000001,0.00011275367360440589
10,8,uniform,0.0009778622000000002,0.00011231206826714772
10,8,uniform,0.0009217788600000004,0.00020028230576821644
10,8,uniform,0.0009524167799999997,0.00022068611625526726
10,8,uniform,0.0008465431200000001,0.00013730184180863868
10,8,uniform,0.0009802132000000002,0.00017521334040030562
10,8,uniform,0.0008555522199999995,0.0001210968328717422
10,8,uniform,0.0008751309400000006,0.0001319077013883825
10,8,intrel,0.0008557391399999986,0.00009741485649393189
10,8,intrel,0.0009798925800000012,0.00024141837403582187
10,8,intrel,0.0008756321799999998,0.00012798063068939595
10,8,intrel,0.0010800312399999999,0.00026483871746171606
10,8,intrel,0.0009794477799999995,0.00016137711987956112
10,8,intrel,0.0009095532799999999,0.00012712660359290133
10,8,intrel,0.0009061736799999998,0.00009427077485838333
10,8,intrel,0.0009634751000000006,0.00012764657091834123
10,8,intrel,0.00085259936,0.00014029659838376543
10,8,intrel,0.0009950466999999997,0.00017198731592584887
10,8,intrel,0.0008899678400000006,0.00015037029759290156
10,8,intrel,0.0008472583999999999,0.00011483094358984144
10,8,intrel,0.0009090971399999994,0.00018092781422523798
10,8,intrel,0.0010057740400000008,0.0002167145177297646
10,8,intrel,0.0013423172200000004,0.0006569286535617515
10,8,intrel,0.0009617728799999999,0.00013049998945270294
10,8,intrel,0.0009337214400000002,0.00014920427316076886
10,8,intrel,0.0008798182400000003,0.00027817797447709223
10,8,intrel,0.0008150356399999996,0.00016400157470504158
10,8,intrel,0.0009562478600000001,0.00014559816191757975
10,8,intrel,0.0007783099799999989,0.00013394257549429324
10,8,intrel,0.0008370123000000007,0.0001173359465108626
10,8,intrel,0.0008799765600000006,0.0001043184798873676
10,8,intrel,0.0009189631800000004,0.0001295858544423992
10,8,intrel,0.000854235760000001,0.00016244466733113233
10,8,intrel,0.0010583405800000003,0.00021244281609296908
10,8,intrel,0.0008991480399999998,0.00012603764806314377
10,8,intrel,0.0009208865599999998,0.0001431533490909506
10,8,intrel,0.0009906974799999998,0.00017170902194196634
10,8,intrel,0.0009735096000000008,0.00017528773332704526
10,8,intrel,0.0008946882600000004,0.00008400262450767696
10,8,intrel,0.0009601934800000005,0.00007825838781909863
10,8,intrel,0.0008806172,0.00013949841971231552
10,8,intrel,0.0009018604799999996,0.00010756919976198273
10,8,intrel,0.0010134936599999994,0.00016936815943844547
10,8,intrel,0.0009610228799999999,0.00018092344824827006
10,8,intrel,0.0009952524399999998,0.00025324174518528503
10,8,intrel,0.0010027349999999998,0.00019238804817982953
10,8,intrel,0.0010240702999999994,0.0003098203599736108
10,8,intrel,0.0009539136399999992,0.00007959756100395148
10,8,intrel,0.000909971639999999,0.00010704540332053294
10,8,intrel,0.0009305504800000006,0.00010937376534866328
10,8,intrel,0.0009290590999999999,0.00025482851605422807
10,8,intrel,0.0009662356800000003,0.0001466105763101694
10,8,intrel,0.0009193160600000007,0.00016892208730947208
10,8,intrel,0.0007614328999999998,0.00013846363227553048
10,8,intrel,0.0008117520600000001,0.00020480323712678737
10,8,intrel,0.0008961269599999999,0.00015614341314089717
10,8,intrel,0.0007712543999999997,0.00023203917196602336
10,8,intrel,0.0009494410000000005,0.00010381070261485034
10,8,intrel,0.0007968214999999994,0.00010213930440139095
10,8,intrel,0.0009368487799999997,0.00009863336422462064
10,8,intrel,0.0014214027199999997,0.00020866137673169585
10,8,intrel,0.0005692387199999997,0.00018190738512477542
10,8,intrel,0.0008944577800000002,0.00012683310599318214
10,8,intrel,0.0010614549800000007,0.00031032161056285165
10,8,intrel,0.0008899389599999998,0.00007658950025485797
10,8,intrel,0.0008834148399999997,0.0001323575275600984
10,8,intrel,0.0009104599800000008,0.00013684790281898935
10,8,intrel,0.0009196108199999995,0.000085076867011479
10,8,intrel,0.0009041949000000004,0.00007026782278745295
10,8,intrel,0.0009581019199999998,0.00012216623417858873
10,8,intrel,0.0008963030000000004,0.00014956411093411113
10,8,intrel,0.0009639767799999998,0.00012250517805364615
10,8,intrel,0.0009131391799999996,0.00014792872733643655
10,8,intrel,0.0009020627199999992,0.0001401812883501615
10,8,intrel,0.0011479303600000002,0.0003064266243362349
10,8,intrel,0.0009351848000000004,0.00016448869503457619
10,8,intrel,0.0010099280199999997,0.00022128136682252403
10,8,intrel,0.0008411560399999999,0.00010695849777803226
10,8,intrel,0.0010238772999999997,0.0002298328034251808
10,8,intrel,0.0008863741599999999,0.000091068508205148
10,8,intrel,0.0008622772000000001,0.00009394225899869439
10,8,intrel,0.0009331395799999996,0.00009262063307570536
10,8,intrel,0.0009089916200000001,0.00013258782905866166
10,8,intrel,0.0009920738000000003,0.00021737143001988312
10,8,intrel,0.0008873666800000011,0.00019216372367980615
10,8,intrel,0.0011756782399999996,0.0005306951883366341
10,8,intrel,0.0009441667200000003,0.00013229288768402402
10,8,intrel,0.0005829547600000009,0.00011932433224135152
10,8,intrel,0.00139951644,0.0004782061730675959
10,8,intrel,0.00084218904,0.00021496864835247217
10,8,intrel,0.0008486149199999997,0.00015523613613420615
10,8,intrel,0.00092057206,0.00013979191502312758
10,8,intrel,0.0010128945400000005,0.00020773555822431244
10,8,intrel,0.0008637829000000003,0.00011489371808086141
10,8,intrel,0.0008347173000000001,0.00014195740270474724
10,8,intrel,0.0009457946200000011,0.00015440804569840275
10,8,intrel,0.0009471247800000003,0.0001683049105755187
10,8,intrel,0.0009574019400000001,0.0001408061810205788
10,8,intrel,0.0009229952800000006,0.00010959515102660542
10,8,intrel,0.0008378026400000006,0.00012815809526123934
10,8,intrel,0.0009216591399999995,0.00007968059165338408
10,8,intrel,0.0009637562000000006,0.00012138607520066802
10,8,intrel,0.0009121646400000009,0.00014609726119860477
10,8,intrel,0.0009639618000000002,0.00010168438640163875
10,8,intrel,0.0008652456999999993,0.00008097392069501278
10,8,intrel,0.0008735167800000002,0.00013915147340638065
10,8,intrel,0.0010383906400000006,0.0002925208944143801
10,8,intrel,0.0009392216399999997,0.00007382843708829282
11,8,uniform,0.0010589576600000005,0.0002593163334283267
11,8,uniform,0.0009474059400000002,0.00009190860660756672
11,8,uniform,0.00097275774,0.00009713327648619942
11,8,uniform,0.0009298857200000007,0.00009676657799450525
11,8,uniform,0.0009849763200000014,0.0003153263519619882
11,8,uniform,0.0009917292200000009,0.00018881188197850975
11,8,uniform,0.0011047909800000002,0.00022004373959154893
11,8,uniform,0.0009714696399999997,0.00007152543692701214
11,8,uniform,0.0008393521799999994,0.00013957530638189554
11,8,uniform,0.0010846274800000004,0.00030961673947992177
11,8,intrel,0.0010813146199999996,0.00022725032039388245
11,8,intrel,0.0007750665599999996,0.00011733169298550355
11,8,intrel,0.00094027798,0.00010570005334782638
11,8,intrel,0.0009604008000000001,0.00016462610799505652
11,8,intrel,0.0008752646800000003,0.00034160238157483617
11,8,intrel,0.0009232585800000012,0.00012780064554592657
11,8,intrel,0.0008716472199999997,0.0001808111227968752
11,8,intrel,0.00102183108,0.00009295782291723011
11,8,intrel,0.0009112821400000005,0.0001327183037233791
11,8,intrel,0.0011467882000000004,0.0004920277799014108
12,8,uniform,0.0010459200400000004,0.0001225751683756633
12,8,uniform,0.0010939067599999997,0.0001920099605067983
12,8,uniform,0.0010666791399999995,0.00022986956350651936
12,8,uniform,0.0009464013400000005,0.0001279780947065204
12,8,uniform,0.0011431444999999995,0.00009214974010308804
12,8,uniform,0.0011716034800000005,0.00021662912622329134
12,8,uniform,0.0011320288800000004,0.00017624642042019838
12,8,uniform,0.0010690447199999998,0.00015357986908243472
12,8,uniform,0.0009978404799999988,0.00014891545723892392
12,8,uniform,0.0009188058399999998,0.00013314136824944128
12,8,intrel,0.0011351134400000003,0.00030433648424635747
12,8,intrel,0.0011196860799999996,0.00022568674077027905
12,8,intrel,0.0009415798200000002,0.00009475946064764899
12,8,intrel,0.0009772477,0.00017961148282445648
12,8,intrel,0.0009531448599999998,0.0000866103484453343
12,8,intrel,0.0010168251800000004,0.0002308372129950985
12,8,intrel,0.0009218978400000001,0.0001233183656660453
12,8,intrel,0.001026844759999999,0.00011373943527027032
12,8,intrel,0.0009533859399999997,0.00014355991299032226
12,8,intrel,0.0009932316600000002,0.000448124771806246
13,8,uniform,0.0009757684200000005,0.00026875558893142633
13,8,uniform,0.0007020638200000006,0.00010057939596469158
13,8,uniform,0.0011064280999999996,0.00005373367841586876
13,8,uniform,0.0010550286200000005,0.00011939236754015917
13,8,uniform,0.0010994396,0.0002770982924115357
13,8,uniform,0.0010575698800000003,0.00015817901823570376
13,8,uniform,0.0010335422800000003,0.0001728157148506595
13,8,uniform,0.0010165540799999988,0.00012783606577679437
13,8,uniform,0.0009892738799999999,0.0001447886160399591
13,8,uniform,0.0010280451599999998,0.00016456067433965582
13,8,intrel,0.0010124785,0.00011088631185382822
13,8,intrel,0.0010251971600000007,0.00010880882835102221
13,8,intrel,0.0009946371200000002,0.00010188841344311699
13,8,intrel,0.0008963172000000005,0.00008800346951872599
13,8,intrel,0.0010511322000000003,0.0001788415815986937
13,8,intrel,0.0009844630800000006,0.00007126711591291209
13,8,intrel,0.0010285194200000004,0.00014870210254793907
13,8,intrel,0.0009821235599999998,0.0002162287418865082
13,8,intrel,0.0010754168000000005,0.00016668412618949522
13,8,intrel,0.0010840332200000003,0.00014100722173314388
14,8,uniform,0.0012950510199999997,0.000276165721343001
14,8,uniform,0.0011377513200000007,0.0001785453986827067
14,8,uniform,0.0011054577200000006,0.00014376589791281454
14,8,uniform,0.001052466100000001,0.0001357280824442753
14,8,uniform,0.0010539751200000004,0.00014151303230056233
14,8,uniform,0.0009274476000000001,0.00017245956280502396
14,8,uniform,0.0011470585399999996,0.00023724301484017522
14,8,uniform,0.00108323038,0.0001413944465789863
14,8,uniform,0.0011154380399999997,0.00012983380245704717
14,8,uniform,0.0011772375799999997,0.00011776221484278301
14,8,intrel,0.0006843280000000008,0.00012528182285041282
14,8,intrel,0.0011098772799999993,0.00045563143468841375
14,8,intrel,0.0010320034400000005,0.00009303914600042765
14,8,intrel,0.0012343006999999996,0.00024899751583234276
14,8,intrel,0.001073527259999999,0.0001855065393349906
14,8,intrel,0.0010012515799999997,0.0007215565690273277
14,8,intrel,0.0010040827799999992,0.00008648450677439933
14,8,intrel,0.0010046129199999996,0.00019347758699506592
14,8,intrel,0.0009587005999999994,0.00013214597302209233
14,8,intrel,0.0011852762800000003,0.00012400243743375012
15,8,uniform,0.0012115316200000004,0.00020131783516287536
15,8,uniform,0.0012171616000000004,0.0001441599996144717
15,8,uniform,0.0015064350200000003,0.00016157058225999352
15,8,uniform,0.0010496579200000005,0.0001097493860599888
15,8,uniform,0.00105583178,0.00011494019981755727
15,8,uniform,0.0012201940600000015,0.00016795146988857632
15,8,uniform,0.00117281704,0.00008030779570433305
15,8,uniform,0.00124840254,0.0001101439156162922
15,8,uniform,0.0013438899000000003,0.00012739341143093357
15,8,uniform,0.0011459203000000002,0.0002714786229863126
15,8,intrel,0.0009526035000000006,0.00013804266954343418
15,8,intrel,0.0012218221800000006,0.00013066925452947555
15,8,intrel,0.0011024559199999998,0.00014041807695117702
15,8,intrel,0.0011398448199999999,0.00007543695793096232
15,8,intrel,0.0011474379800000003,0.00006346112202539617
15,8,intrel,0.00106604816,0.00009979338741531036
15,8,intrel,0.0010941371599999996,0.00019580562498448982
15,8,intrel,0.001173379940000001,0.00010453732660761261
15,8,intrel,0.0011206995400000006,0.00016132990908229012
15,8,intrel,0.00102121482,0.00010464700229719386
16,8,uniform,0.0010674743400000005,0.00014538712627437892
16,8,uniform,0.0020473378600000007,0.0004985760305547523
16,8,uniform,0.0010586219600000003,0.00025302408451010716
16,8,uniform,0.0020615825600000014,0.00011840623314955446
16,8,uniform,0.0011694142799999999,0.00005018837599860921
16,8,uniform,0.00125665884,0.00024625169452556283
16,8,uniform,0.0014583797399999993,0.00023764515665936788
16,8,uniform,0.0012303441200000001,0.00017168205190632666
16,8,uniform,0.0013891621000000007,0.00012268979924563137
16,8,uniform,0.001337931199999999,0.0001664932867108394
16,8,intrel,0.0013735860399999996,0.00020589932209493926
16,8,intrel,0.0010917213800000001,0.00009822247795693207
16,8,intrel,0.0012285217799999995,0.00017419053843433757
16,8,intrel,0.00120210816,0.00010895785999366925
16,8,intrel,0.0012589771000000006,0.00009427975661361362
16,8,intrel,0.0012620468599999998,0.00011659853534762399
16,8,intrel,0.00105681182,0.00012511627572266973
16,8,intrel,0.0011005643999999998,0.000058980784687237145
16,8,intrel,0.0012424621799999994,0.00021204326468040013
16,8,intrel,0.0011198403400000004,0.0002077301150681389
17,8,uniform,0.0013082981799999998,0.00008957186861856922
17,8,uniform,0.0014291563800000004,0.0002079532397460758
17,8,uniform,0.00215445964,0.00007589429693988876
17,8,uniform,0.00134915068,0.0001545815640366313
17,8,uniform,0.0012636076000000006,0.00013594560798941286
17,8,uniform,0.0012852321000000006,0.00011235755504420314
17,8,uniform,0.0012626117000000014,0.00008782825620088832
17,8,uniform,0.00126950546,0.00006535927514217948
17,8,uniform,0.0013934109600000008,0.00012701823772898825
17,8,uniform,0.00187025714,0.00036591330784522353
17,8,intrel,0.0010783017800000002,0.00020569523271362202
17,8,intrel,0.0011027607799999994,0.00019680027347341537
17,8,intrel,0.0011222598599999994,0.00016447947316472171
17,8,intrel,0.0010036951999999998,0.00012382810311112745
17,8,intrel,0.00165837548,0.0004542092913270146
17,8,intrel,0.0009435317400000008,0.00012631824273041492
17,8,intrel,0.001186190660000001,0.00019485018853698859
17,8,intrel,0.00130633378,0.0002118888689239662
17,8,intrel,0.001191921280000001,0.0001619791316792246
17,8,intrel,0.0013056492400000002,0.0002079833398521516
18,8,uniform,0.002080094699999999,0.00012681454186751076
18,8,uniform,0.0016953118600000004,0.000138663253601586
18,8,uniform,0.00154670508,0.00031392498892111507
18,8,uniform,0.0016588059600000002,0.00017460112568954298
18,8,uniform,0.0014908131600000001,0.00014278628037097188
18,8,uniform,0.0015836174999999998,0.00010657400489597195
18,8,uniform,0.0016988476399999997,0.00022745836477720992
18,8,uniform,0.0014729727600000008,0.00013667344406695177
18,8,uniform,0.0015926147600000007,0.00020195148984526512
18,8,uniform,0.0016110140400000003,0.0002018901307638226
18,8,intrel,0.0013904522599999997,0.00016950523488015861
18,8,intrel,0.0013032888200000007,0.0001338511873223395
18,8,intrel,0.0011028663400000002,0.00012460970616841123
18,8,intrel,0.0012323905000000007,0.00017819672761445416
18,8,intrel,0.0013150377400000005,0.0003560313692206847
18,8,intrel,0.0011950782999999988,0.00008428620020073144
18,8,intrel,0.00113722982,0.0000361402658976876
18,8,intrel,0.0011081808600000003,0.00009521719572780261
18,8,intrel,0.0014874330800000014,0.00025077413593468706
18,8,intrel,0.0014300164,0.0006030504591440275
19,8,uniform,0.0018418414400000003,0.0006943865230549355
19,8,uniform,0.0020244741600000003,0.00015988841688572135
19,8,uniform,0.0012108831800000006,0.0001431446367598948
19,8,uniform,0.001863609180000001,0.00019665076052628605
19,8,uniform,0.0015708605399999999,0.0001184005202109911
19,8,uniform,0.0023273736399999994,0.00015618558591353935
19,8,uniform,0.00170974146,0.00015793395220791215
19,8,uniform,0.0018823255199999999,0.00014116583967443709
19,8,uniform,0.0022358177,0.00016320607143376878
19,8,uniform,0.0016016938800000006,0.0002496358575913681
19,8,intrel,0.0016597831199999997,0.00018708687921569134
19,8,intrel,0.0012511323200000003,0.00010841972282446278
19,8,intrel,0.0011351895599999997,0.00015737233250140672
19,8,intrel,0.0013512426799999996,0.00016121099086149326
19,8,intrel,0.00118313824,0.0000670659008048551
19,8,intrel,0.0011735064200000002,0.00008469734750903746
19,8,intrel,0.0013898976199999997,0.0003123181198380197
19,8,intrel,0.0013112734,0.00016713057055754008
19,8,intrel,0.00119989476,0.0001282966095635855
20,8,uniform,0.0025479803800000007,0.000099823310403321
20,8,uniform,0.0025537727800000005,0.0002028940554039636
20,8,uniform,0.0024268262000000005,0.00011252776816536342
20,8,uniform,0.0027810932600000004,0.0001559274730439693
20,8,uniform,0.0017778987000000002,0.0001661558465427029
20,8,uniform,0.006508056400000001,0.00020626615056593497
20,8,uniform,0.001580554640000001,0.00025339762937611187
20,8,uniform,0.0035464105400000003,0.00014299402654905242
20,8,uniform,0.0021872007999999997,0.00016624954084133758
20,8,uniform,0.0016542844199999996,0.00016246525285888052
20,8,intrel,0.0013436929999999995,0.000175385354812513
20,8,intrel,0.0014221703599999998,0.00015897912700533283
20,8,intrel,0.0014056080999999998,0.00028511563840963436
20,8,intrel,0.0012866415799999997,0.000129863153629589
20,8,intrel,0.0012001172999999993,0.0004067683360109563
20,8,intrel,0.0013092807000000001,0.0002294235030379892
20,8,intrel,0.0013486444400000002,0.00015955890033843653
20,8,intrel,0.0013467016999999999,0.00007614419941021265
20,8,intrel,0.0013435319000000005,0.00013110937857732888
20,8,intrel,0.0013121292200000004,0.0001786454967428199
21,8,uniform,0.0021751026999999997,0.0001697796286884855
21,8,uniform,0.0024349459800000004,0.0001049552250827837
21,8,uniform,0.0021949349599999996,0.00012040701732669534
21,8,uniform,0.003810830719999999,0.0003212990724972089
21,8,uniform,0.0022145371,0.0002672213543532777
21,8,uniform,0.0019331152799999998,0.00029158380980677463
21,8,uniform,0.0018151605600000003,0.00014118404732814396
21,8,uniform,0.0021773000600000007,0.0001517113467295706
21,8,uniform,0.0022840996799999994,0.00011022055014525285
21,8,uniform,0.0022571071200000003,0.00023424985475629316
22,8,uniform,0.0019999596199999996,0.00016328690074684846
22,8,uniform,0.0024218670999999995,0.00016503111302246397
22,8,uniform,0.0026328325400000008,0.00021041262825824994
22,8,uniform,0.00391906074,0.0000694928028667557
22,8,uniform,0.003064999639999999,0.00028001816996687894
22,8,uniform,0.007124321059999999,0.0003322510301170217
22,8,uniform,0.0030371694200000015,0.00017091778119656116
22,8,uniform,0.002139180720000001,0.0011541946279193989
22,8,uniform,0.00370762772,0.00018248887138310035
22,8,uniform,0.00203100198,0.00018288847261119432
23,8,uniform,0.00245764448,0.00011316550109640301
23,8,uniform,0.00552919014,0.0006988952995958374
23,8,uniform,0.002543941899999999,0.000187311853581015
23,8,uniform,0.01780902972,0.00017387248743007657
23,8,uniform,0.00821193594,0.00013420745040173182
23,8,uniform,0.0033070716599999995,0.00023866428884560377
23,8,uniform,0.00833664922,0.00029591310253323426
23,8,uniform,0.002451896500000001,0.00011392621953064378
23,8,uniform,0.0031660980600000006,0.00018605369225638426
23,8,uniform,0.003977434859999999,0.0005211634969260927
24,8,uniform,0.00293727706,0.00012372024118995257
24,8,uniform,0.004169769200000001,0.00030106563385837404
24,8,uniform,0.0022351340800000003,0.00011950843842084494
24,8,uniform,0.00225793494,0.00019137443957737807
24,8,uniform,0.021540585180000005,0.00009716380760024696
24,8,uniform,0.0027762035399999997,0.00011540184845087105
24,8,uniform,0.010086631040000002,0.00036269900663687764
24,8,uniform,0.00644786708,0.00010467363372613632
24,8,uniform,0.003083227219999999,0.00015430962244512018
24,8,uniform,0.00292307152,0.0001288839689385163
25,8,uniform,0.0045435634000000015,0.00018328619982933207
25,8,uniform,0.01092259244,0.0011901133234819325
25,8,uniform,0.0036063140800000003,0.00013359726780061366
25,8,uniform,0.015434633819999998,0.00018498695984912612
25,8,uniform,0.00831423398,0.001216526756656635
25,8,uniform,0.00674309148,0.0002501911702947036
25,8,uniform,0.00834631892,0.00015454951785553333
25,8,uniform,0.0037726344199999996,0.0001313306020523524
25,8,uniform,0.0039953585000000015,0.00012403405249030062
25,8,uniform,0.00760778904,0.00017021439625170755
26,8,uniform,0.02287537974,0.00029095821307613146
26,8,uniform,0.004421205900000001,0.00008688292687698272
26,8,uniform,0.011758585180000001,0.00019459129992839387
26,8,uniform,0.009374530239999998,0.0001586360945252791
26,8,uniform,0.0090276608,0.0001714387576700005
26,8,uniform,0.010218027040000003,0.00029440608846551853
26,8,uniform,0.003953281940000001,0.00011498432851789443
26,8,uniform,0.0036598049599999996,0.00022071963938769296
26,8,uniform,0.01300512102,0.0003335213549758093
27,8,uniform,0.00462957386,0.00013108714967786383
27,8,uniform,0.005715005640000001,0.0001249027023422632
27,8,uniform,0.02354222534,0.0028447356293537867
27,8,uniform,0.0878739624,0.0023753222000756683
27,8,uniform,0.028740029440000002,0.0006208734564662913
27,8,uniform,0.22182166722000002,0.003807033715991324
27,8,uniform,0.006783961840000001,0.00012796224690227103
27,8,uniform,0.0050450052,0.000131467129117045
27,8,uniform,0.020946251360000005,0.0002443071179309628
27,8,uniform,0.009302628140000001,0.0008187107342403193
28,8,uniform,0.006745195100000001,0.0002304568781914166
28,8,uniform,0.00839126844,0.000161869214443877
28,8,uniform,0.01006553454,0.0002509559806067151
28,8,uniform,0.03507271658000001,0.0020081227559740037
28,8,uniform,0.023001337380000004,0.0007431876690932635
28,8,uniform,0.013562561480000002,0.001377206572508556
28,8,uniform,0.03793246814,0.0004273263073921126
28,8,uniform,0.007416855640000002,0.00019565134526740302
28,8,uniform,0.0057174433,0.00010993575568000288
28,8,uniform,0.02264642454,0.00012783733612594476
29,8,uniform,0.00522927998,0.00018010773814608846
29,8,uniform,0.035117775,0.0007611338353706336
29,8,uniform,0.016944265220000004,0.000265536951426288
29,8,uniform,0.031059673680000004,0.0002656072771043118
29,8,uniform,0.008023112440000002,0.00046621634277481313
29,8,uniform,0.00523637874,0.0006740437314299092
29,8,uniform,0.013894879700000001,0.00014831458825561724
29,8,uniform,0.030154213080000002,0.00036148286559583643
29,8,uniform,0.031073450720000007,0.0004813858088096627
29,8,uniform,0.01592902354,0.0007045209446660272
30,8,uniform,0.030693394000000002,0.0001933914301815233
30,8,uniform,0.025762490379999996,0.00022624311439199465
30,8,uniform,0.17084812766000004,0.002206577706059422
30,8,uniform,0.12715217804,0.008045182356993483
30,8,uniform,0.01944044508,0.001666885335775093
30,8,uniform,0.02323059876,0.00024875504058222934
30,8,uniform,0.08653251026,0.001573128641405244
30,8,uniform,0.00488791302,0.00012628655592104835
30,8,uniform,0.00840737806,0.00015709723381541633
30,8,uniform,0.0080100746,0.00019012495225932655
31,8,uniform,0.03639561186,0.0007082580407833894
31,8,uniform,0.12155485939999999,0.0041130719867138186
31,8,uniform,0.0103859109,0.00025237923296420403
31,8,uniform,0.014273427020000002,0.00015189517145408745
31,8,uniform,0.01115518546,0.00018681726263232077
31,8,uniform,0.04276092226,0.0008329716281539122
31,8,uniform,0.024698018380000002,0.0013529987448121837
31,8,uniform,0.0303337319,0.00037000061385031714
31,8,uniform,0.01742332316,0.00018035407852533454
31,8,uniform,0.05163811406,0.0018016337983238185
32,8,uniform,0.28627378742,0.006906198502506213
32,8,uniform,0.32409832286,0.0032573569024037297
32,8,uniform,0.035698956520000005,0.002953829760907469
32,8,uniform,0.010956797960000002,0.0002712302065123121
32,8,uniform,0.1014677431,0.0014671347927399762
32,8,uniform,0.04280358548,0.0016926358776116063
32,8,uniform,0.11617652134000003,0.001266866838285278
32,8,uniform,0.028072185180000004,0.00046725089379218924
32,8,uniform,0.07588479692000002,0.0006254213151605527
32,8,uniform,0.07241381144,0.0030671530875206947
33,8,uniform,0.044434608960000004,0.0034687372413871047
33,8,uniform,0.19376279100000002,0.0035577050996580834
33,8,uniform,0.014716195380000002,0.0002651701796104196
33,8,uniform,0.02457645544,0.00015384545696408742
33,8,uniform,0.016883069620000003,0.0011986351701460565
33,8,uniform,0.11146343083999999,0.005003630284240781
33,8,uniform,0.14741997272,0.003788758906340121
33,8,uniform,0.09203872132,0.0009158702498691252
33,8,uniform,0.05113324500000001,0.0002464601224712527
33,8,uniform,0.023891856880000003,0.00021790926967443227
34,8,uniform,0.08522926306,0.0034279003777606823
34,8,uniform,0.56265881962,0.006914014181590266
34,8,uniform,0.06888914317999999,0.002208317326451041
34,8,uniform,0.0660391599,0.0015466646657264912
34,8,uniform,0.13861187962000002,0.001940453667176848
34,8,uniform,0.05548715608000001,0.004213850640438829
34,8,uniform,0.02933919462,0.0004701474454664905
34,8,uniform,0.20115360914000005,0.004827315826883191
34,8,uniform,0.09080148621999999,0.002750412986493685
34,8,uniform,0.24135868736000005,0.005574618172107477
35,8,uniform,0.03200953542,0.0007276940198872056
35,8,uniform,0.05583398574,0.00022186780076693377
35,8,uniform,0.7442339409200001,0.00697099456312135
35,8,uniform,0.12408062216,0.0010729733917540852
35,8,uniform,0.50913597808,0.007188757597215381
35,8,uniform,0.11044993232,0.0005537251548181636
35,8,uniform,0.007971108099999999,0.000679628113959956
35,8,uniform,0.15613202434,0.0020597537830193287
35,8,uniform,0.10669120575999999,0.005246960194887874
35,8,uniform,0.03594178086,0.0009470208097327644
36,8,uniform,0.7927133000600001,0.005355574507254457
36,8,uniform,0.50822488882,0.006183400722897306
36,8,uniform,0.0231646141,0.0010194749428625884
36,8,uniform,0.07432888441999999,0.0012734396909231322
36,8,uniform,0.13318265708000002,0.005281365263704582
36,8,uniform,0.08927380412000001,0.004318560418840441
36,8,uniform,0.16770788348000001,0.003152647159909273
36,8,uniform,0.09059615516,0.00105098227435436
36,8,uniform,0.03855193968000001,0.0005248128342184474
36,8,uniform,0.38117740574000003,0.006662074729870193
37,8,uniform,0.18071314596000004,0.005487946549966968
37,8,uniform,0.10062323946,0.001743550183643391
37,8,uniform,0.16786950414000001,0.0035296676607431484
37,8,uniform,0.29792677776,0.0032032739629300434
37,8,uniform,0.09047520304000002,0.001389963307154325
37,8,uniform,0.32395762024,0.007393763863839299
37,8,uniform,1.8995907604400002,0.013736937537531472
37,8,uniform,1.12761431806,0.01527425117083334
37,8,uniform,0.058489892620000004,0.0017472926756502934
37,8,uniform,0.09147611858,0.003268791875273934
38,8,uniform,0.9790217628200002,0.011931132000809785
38,8,uniform,0.55403357982,0.008135121850948227
38,8,uniform,0.1834720429,0.005272228435486443
38,8,uniform,0.14536284694,0.0012849265711413873
38,8,uniform,0.025996792360000003,0.0018812213524233674
38,8,uniform,0.62523356476,0.006518036074399817
38,8,uniform,1.5011039443,0.015553974571493845
38,8,uniform,0.33622419786,0.0038701486980199065
38,8,uniform,0.09083308547999999,0.0033402077005522373
38,8,uniform,0.14512797054,0.0061916705148676665
39,8,uniform,0.24059722272000003,0.004738946832893063
1,8,uniform,0.0007288049000000001,0.000123180181514046
1,8,uniform,0.0008267788999999999,0.00016034033917043113
1,8,uniform,0.0007488231399999992,0.00007630213961001802
1,8,uniform,0.0007342149199999998,0.00013876507231432554
1,8,uniform,0.0008649469599999998,0.00028297806806733673
1,8,uniform,0.0014815424000000003,0.0004606879703333073
1,8,uniform,0.0008437369199999996,0.00026054572020502576
1,8,uniform,0.000785301200000001,0.00013062609325586097
1,8,uniform,0.00129493182,0.00038339461807735087
1,8,uniform,0.0007799905399999993,0.00023541482724180498
1,8,intrel,0.00141615026,0.0005016466189104305
1,8,intrel,0.00028900846800000024,0.000526321624425902
1,8,intrel,0.0009228647400000006,0.000219508952518621
1,8,intrel,0.0009422228999999999,0.00023372786467364137
1,8,intrel,0.0006073215999999996,0.000086331329996126
1,8,intrel,0.0007843309800000007,0.00018186415578181793
1,8,intrel,0.0008076635399999999,0.00009521313641982399
1,8,intrel,0.0008737563599999999,0.0002776045646947791
1,8,intrel,0.0007701760400000006,0.00009424323686810514
1,8,intrel,0.0008313316599999994,0.00015572233287650176
2,8,uniform,0.0011467027799999994,0.0003063182756183328
2,8,uniform,0.0008111336040000007,0.0012766300751072444
2,8,uniform,0.001072055920000001,0.0006952081427346937
2,8,uniform,0.0008703605399999999,0.0002090789013534259
2,8,uniform,0.00080687914,0.00020313930115738586
2,8,uniform,0.000505928399999999,0.00030316619384835783
2,8,uniform,0.0008234455800000005,0.0002521265515499883
2,8,uniform,0.0008918741999999997,0.0003431985176065499
2,8,uniform,0.0009100749600000003,0.00020247766340776127
2,8,uniform,0.0008403568400000002,0.0002365155494052019
2,8,uniform,0.0005537657000000011,0.0002022412658464033
2,8,uniform,0.0010549964600000006,0.0006591921457333547
2,8,uniform,0.00072205118,0.00034598576260881034
2,8,uniform,0.0008120373199999992,0.00021630768388943356
2,8,uniform,0.0008263192199999996,0.00026649475704277725
2,8,uniform,0.0007550560000000003,0.00014921753411565125
2,8,uniform,0.0007053883199999994,0.00012177659152252716
2,8,uniform,0.0006950771000000004,0.00009090029388101866
2,8,uniform,0.0006890228599999999,0.00009597880983934829
2,8,uniform,0.0007741874000000004,0.00013899610668684218
2,8,uniform,0.0007962717800000004,0.00018251771276201598
2,8,uniform,0.0007216294799999995,0.00012746741702952092
2,8,uniform,0.0007538153400000007,0.0001716118525298362
2,8,uniform,0.0013119608399999997,0.0004945166127784115
2,8,uniform,0.0011412376999999998,0.0004049872515430579
2,8,uniform,0.0005984666600000004,0.00013512232476521247
2,8,uniform,0.0009384717800000004,0.0003214434518847755
2,8,uniform,0.0009318488599999997,0.00033940777381000957
2,8,uniform,0.0013402116400000003,0.00043768786046709913
2,8,uniform,0.0007949969800000008,0.0001859862643166306
2,8,uniform,0.0009189493800000009,0.00039131639720188917
2,8,uniform,0.0005801150000000003,0.00018549053355887348
2,8,uniform,0.0004332118200000007,0.0002052796689304076
2,8,uniform,0.0008148644,0.00025224981046053887
2,8,uniform,0.0007775096000000002,0.00013299994098950232
2,8,uniform,0.0008216753199999987,0.00015730245218883974
2,8,uniform,0.0008238678599999996,0.00011636459301141005
2,8,uniform,0.0007283211999999998,0.00019406371987769035
2,8,uniform,0.0008232540799999992,0.00017479520871147721
2,8,uniform,0.0007806189799999998,0.00012450726176970123
2,8,uniform,0.00077312106,0.00018032758917271765
2,8,uniform,0.0008062851200000001,0.00011795430596016602
2,8,uniform,0.0008292421999999999,0.00012251400729807726
2,8,uniform,0.0008065179400000008,0.00010124756407473054
2,8,uniform,0.0008123924199999998,0.00021101244914206691
2,8,uniform,0.0008437489800000002,0.00014491146055317907
2,8,uniform,0.0008776739199999999,0.0001511590664374232
2,8,uniform,0.0008193152400000007,0.00011679289737175323
2,8,uniform,0.0008632619399999998,0.00024915406549442447
2,8,uniform,0.0007569099000000001,0.00013592000325698126
2,8,uniform,0.0013007472999999993,0.00036851369725937974
2,8,uniform,0.0007265474400000004,0.0004401918918030205
2,8,uniform,0.0007293571999999999,0.00009137002985546673
2,8,uniform,0.00100397762,0.000619785672526748
2,8,uniform,0.0007319377400000004,0.00016116606830171584
2,8,uniform,0.0008762551199999998,0.00017948601022660976
2,8,uniform,0.00092488274,0.00016789043619803556
2,8,uniform,0.0007832738399999999,0.00011303216043945684
2,8,uniform,0.0008103220799999998,0.00020979742715507475
2,8,uniform,0.0007676332199999993,0.00007379284226242181
2,8,uniform,0.0007316949200000002,0.00010143178823864296
2,8,uniform,0.00106432026,0.0003614387239494099
2,8,uniform,0.00084377184,0.00013988355422501328
2,8,uniform,0.0012297363600000004,0.00033820008990945974
2,8,uniform,0.000703488799999999,0.00007093003318020113
2,8,uniform,0.000757829,0.00010522765391917335
2,8,uniform,0.0007747871000000006,0.00011499331605619517
2,8,uniform,0.0008124898799999993,0.00016140285905219342
2,8,uniform,0.00081249288,0.0001232209948932766
2,8,uniform,0.0008297745199999996,0.0001303730263821641
2,8,uniform,0.0007811885799999999,0.0000942034360581161
2,8,uniform,0.0007968289599999999,0.0002075801191968484
2,8,uniform,0.0009034380599999992,0.0003670056054782937
2,8,uniform,0.0008073201599999999,0.00023450112238499452
2,8,uniform,0.0007624861199999999,0.00017939697241146517
2,8,uniform,0.0007407504399999997,0.00010163208084480244
2,8,uniform,0.00079711186,0.00008763562367388693
2,8,uniform,0.0009385516600000006,0.0004115451650424018
2,8,uniform,0.0008462474599999993,0.00011324634200891432
2,8,uniform,0.0007171054799999998,0.00011739113609714228
2,8,uniform,0.0008592545600000006,0.00014137751569059514
2,8,uniform,0.0007935068800000004,0.00011689237930340495
2,8,uniform,0.0008734259799999999,0.0002536619015636758
2,8,uniform,0.0008016150400000004,0.00013004646299842224
2,8,uniform,0.0008798397799999998,0.00021716933126387803
2,8,uniform,0.0008072737200000001,0.00018094970294289575
2,8,uniform,0.0008460027600000001,0.0001437791751319053
2,8,uniform,0.0007048206799999994,0.00009496875718747364
2,8,uniform,0.0007224314200000005,0.00012004825280786987
2,8,uniform,0.0007175454600000003,0.00021959396451352346
2,8,uniform,0.0008003347200000007,0.00009479271348585352
2,8,uniform,0.0009680879599999997,0.00022951694438063216
2,8,uniform,0.0006933721599999997,0.00013936747114832
2,8,uniform,0.0007780038600000001,0.0001124474208085223
2,8,uniform,0.0008695109799999989,0.0002633935670530784
2,8,uniform,0.0008871557400000009,0.00017482840093229827
2,8,uniform,0.0007423356800000005,0.00021227420688921304
2,8,uniform,0.0007737738200000001,0.00014777645340340547
2,8,uniform,0.0008973274799999997,0.00017683709834009507
2,8,uniform,0.0007755584199999995,0.00017261842848587559
2,8,intrel,0.0007987531800000001,0.0001208384649696537
2,8,intrel,0.0007949711600000007,0.00010348957012831989
2,8,intrel,0.0008249113000000002,0.00013712211744042034
2,8,intrel,0.0007816333800000005,0.00013892477580415
2,8,intrel,0.0008322572400000002,0.00015374030192795906
2,8,intrel,0.0007574085200000004,0.00012824300942893102
2,8,intrel,0.0008698308400000004,0.00019059766013207564
2,8,intrel,0.0009491956000000004,0.0003211581422664091
2,8,intrel,0.0008991536000000003,0.000228316140932699
2,8,intrel,0.0008464573800000003,0.00012863230537746816
2,8,intrel,0.0009143566600000004,0.00017298714692167157
2,8,intrel,0.0009254875600000004,0.00016175086289204832
2,8,intrel,0.0010374368999999997,0.00040300829216939057
2,8,intrel,0.00045974224000000003,0.00008740008327538619
2,8,intrel,0.0007937025400000001,0.00013885018554766945
2,8,intrel,0.00085320142,0.00011978502220598735
2,8,intrel,0.0008255323800000006,0.0001684559596935256
2,8,intrel,0.0007050182400000002,0.00013550449690483826
2,8,intrel,0.0007791889200000001,0.00008176366974593437
2,8,intrel,0.0007942924200000005,0.00013270774056198332
2,8,intrel,0.0008068642000000006,0.0001364496616705223
2,8,intrel,0.0008177863600000001,0.00014242042584580337
2,8,intrel,0.0010612303399999993,0.0005252651958191637
2,8,intrel,0.0006300958000000009,0.00016531491723589594
2,8,intrel,0.0007693615799999996,0.0002146438100839259
2,8,intrel,0.0008069583600000006,0.000117938982129461
2,8,intrel,0.0007976389,0.00008221823039968417
2,8,intrel,0.0007173363800000003,0.00023005481330915707
2,8,intrel,0.0007524685600000001,0.00013254717745219785
2,8,intrel,0.00076527,0.00017831268774265931
2,8,intrel,0.0007840338400000003,0.00017420370742055605
2,8,intrel,0.00075725972,0.00007657741818607132
2,8,intrel,0.0007533454400000005,0.0001434900991179841
2,8,intrel,0.0008311411799999998,0.00017863636271798385
2,8,intrel,0.0006789010999999999,0.00010375592127467017
2,8,intrel,0.00076201756,0.00007673216145644394
2,8,intrel,0.00081940246,0.00014325696404030223
2,8,intrel,0.0008066084199999997,0.00010476855364452963
2,8,intrel,0.0007938012599999998,0.00012723781229458139
2,8,intrel,0.0007659378199999995,0.00009939598552613233
2,8,intrel,0.0007961254000000004,0.00017950903946090785
2,8,intrel,0.0008192742599999997,0.00008050896817739565
2,8,intrel,0.000783708080000001,0.00007092252679344324
2,8,intrel,0.0008426145200000002,0.00014443353337489028
2,8,intrel,0.0008913408199999999,0.0002261849435502825
2,8,intrel,0.00088516506,0.00020852514207124606
2,8,intrel,0.0007186278399999994,0.00017530378351865536
2,8,intrel,0.0009591459200000001,0.0003422502522286061
2,8,intrel,0.00086587204,0.0002230352080594003
2,8,intrel,0.0007337065400000006,0.00009764900007453005
2,8,intrel,0.0008330990999999993,0.00016972425862364068
2,8,intrel,0.0007930936800000004,0.0001297756197179064
2,8,intrel,0.0007841723999999998,0.0001195908398280014
2,8,intrel,0.00110404604,0.00029216960588521564
2,8,intrel,0.0008734844199999994,0.00021157675335991476
2,8,intrel,0.0007761056399999994,0.00012103783140475819
2,8,intrel,0.0007571153400000006,0.000122286972153619
2,8,intrel,0.0008689518200000002,0.00020567417468251415
2,8,intrel,0.00096172902,0.0003322936019637519
2,8,intrel,0.0011936645600000007,0.0004987596809064241
2,8,intrel,0.00075214122,0.00015259476278168922
2,8,intrel,0.0009642457000000003,0.000352184988228898
2,8,intrel,0.000798988539999999,0.00013345603357414922
2,8,intrel,0.0007716982600000004,0.00011312780315991687
2,8,intrel,0.0009496037799999992,0.0002440758985234807
2,8,intrel,0.0008488203599999996,0.00010882270228301529
2,8,intrel,0.0007771504999999992,0.00012100966724839237
2,8,intrel,0.0008166205799999996,0.00010426285943198246
2,8,intrel,0.0007912115999999997,0.00023771782037683065
2,8,intrel,0.0008709196399999993,0.00017792151863373168
2,8,intrel,0.0007960088800000005,0.00006454094946311225
2,8,intrel,0.0009174497399999998,0.00022631537347115615
2,8,intrel,0.0008586446,0.00012838409592572848
2,8,intrel,0.0008329005000000002,0.00020715616261318958
2,8,intrel,0.0007028407800000012,0.0003627835569188145
2,8,intrel,0.0006588801800000002,0.00011943797037811907
2,8,intrel,0.0007306960799999998,0.00015478124352061813
2,8,intrel,0.0008457555999999998,0.00020063104639359504
2,8,intrel,0.0008290909000000003,0.00017304999694439625
2,8,intrel,0.0008551422799999995,0.00011488543328009675
2,8,intrel,0.00082545814,0.000049745132813952584
2,8,intrel,0.0007380329999999997,0.00014935101979137008
2,8,intrel,0.0007687104000000005,0.0000827450372076108
2,8,intrel,0.0008976861599999999,0.0002526909263912912
2,8,intrel,0.0005982833799999995,0.00011055413102387652
2,8,intrel,0.0007979393999999999,0.00010612986124916335
2,8,intrel,0.0007454704600000006,0.00021611895248283464
2,8,intrel,0.0008849712599999995,0.00022853273484618733
2,8,intrel,0.0008385953000000001,0.00015308193665866223
2,8,intrel,0.0008848056800000002,0.00021388245927926028
2,8,intrel,0.0006370391200000002,0.00014049479178251102
2,8,intrel,0.0007171487799999996,0.00011090730291158575
2,8,intrel,0.0007623157799999993,0.00011018593510975477
2,8,intrel,0.00081184122,0.00013971892166361876
2,8,intrel,0.00078394338,0.00009127103086692464
2,8,intrel,0.0007527617399999993,0.00009464774126934509
2,8,intrel,0.0007934433599999999,0.00009383137730560426
2,8,intrel,0.00078268564,0.00011655208452118454
2,8,intrel,0.0008083283199999992,0.00010366145101140002
3,8,uniform,0.0007594064399999998,0.0001403780327428999
3,8,uniform,0.0008136388399999998,0.00012962004777558302
3,8,uniform,0.0008116876400000004,0.00011710744590659767
3,8,uniform,0.000835475460000001,0.00016904940357215104
3,8,uniform,0.0008165972000000004,0.00014203727248718909
3,8,uniform,0.0007831596000000002,0.00015277193718019313
3,8,uniform,0.0008076532400000006,0.00016887399794156195
3,8,uniform,0.0009597536799999995,0.0003521905687099433
3,8,uniform,0.00076568734,0.0001314545929613044
3,8,uniform,0.0007573282799999998,0.00011832918549392439
3,8,uniform,0.00076608194,0.0001399690026942076
3,8,uniform,0.00110108744,0.0002766852880677291
3,8,uniform,0.00069025402,0.00014722495359143433
3,8,uniform,0.0008204281600000002,0.0001331079712526221
3,8,uniform,0.0008538569000000003,0.00012863730146578798
3,8,uniform,0.0008311352399999998,0.000193944973693743
3,8,uniform,0.0006119708399999998,0.00011873242215184717
3,8,uniform,0.00080960432,0.00007351770930425165
3,8,uniform,0.0007876599799999998,0.0001234078946486452
3,8,uniform,0.0008705344799999997,0.0001235786681338382
3,8,uniform,0.0008253127600000004,0.00015254598196012177
3,8,uniform,0.000775510259999999,0.00011537809687520609
3,8,uniform,0.0012148073000000001,0.00027813744815446517
3,8,uniform,0.0007417322,0.00012914040107697588
3,8,uniform,0.0010768476200000003,0.0004502025898950136
3,8,uniform,0.0007684977400000004,0.00009376679350838684
3,8,uniform,0.0007176463799999996,0.00006121549002853221
3,8,uniform,0.0007618962600000001,0.00017099321821408917
3,8,uniform,0.0007953878000000004,0.00015335132541400925
3,8,uniform,0.0007906017999999998,0.00011528756113398452
3,8,uniform,0.0007914511800000005,0.000122785756493939
3,8,uniform,0.0008835902199999995,0.0001565248389937237
3,8,uniform,0.0007422974000000002,0.00007903913271770305
3,8,uniform,0.0007225557200000004,0.00009371867033983502
3,8,uniform,0.0007547962799999997,0.00011674817520558228
3,8,uniform,0.0008578376199999998,0.00023666684328387777
3,8,uniform,0.0008429780800000002,0.00018215606618623612
3,8,uniform,0.0007664053999999994,0.000509470215543733
3,8,uniform,0.0006659183800000003,0.00011652621820975173
3,8,uniform,0.0008213268400000002,0.00011026714242319775
3,8,uniform,0.00078630152,0.00006370330360873507
3,8,uniform,0.0007714000800000005,0.0001444158249088375
3,8,uniform,0.0008450631599999996,0.00009076097285979013
3,8,uniform,0.0008175697199999995,0.0001440970358005327
3,8,uniform,0.0008237670800000008,0.00015665689470602097
3,8,uniform,0.0007530414199999999,0.00012370159652472825
3,8,uniform,0.0009969079799999993,0.0005013118839809207
3,8,uniform,0.0008013894199999998,0.00010101634089069173
3,8,uniform,0.0009179518199999997,0.0002645248971919279
3,8,uniform,0.0009923483,0.0002663945760066991
3,8,uniform,0.0008473267600000002,0.00018826338057814407
3,8,uniform,0.0007991257400000002,0.0001958848482820682
3,8,uniform,0.00075951804,0.00009717479420691131
3,8,uniform,0.0008339962399999997,0.00014351282443337407
3,8,uniform,0.0007048400800000007,0.00009976144353718137
3,8,uniform,0.0007620248800000001,0.00011049934033005704
3,8,uniform,0.0006942044000000003,0.00007968423487247095
3,8,uniform,0.0009527222799999997,0.00044509960753657277
3,8,uniform,0.00080374828,0.00010813483978379347
3,8,uniform,0.0007358463800000002,0.0000916124513641265
3,8,uniform,0.0008264308800000003,0.0001779459337595739
3,8,uniform,0.0008176694399999997,0.000176913498988159
3,8,uniform,0.0007215176399999998,0.00011253551859178607
3,8,uniform,0.00083529156,0.00018639070964285398
3,8,uniform,0.0008981764599999998,0.00014677990698533036
3,8,uniform,0.0008301613599999997,0.0002108032277276608
3,8,uniform,0.0008598792000000004,0.00019305627046836774
3,8,uniform,0.0009276970000000008,0.00026783334461812883
3,8,uniform,0.0008702020399999998,0.0001313979543997715
3,8,uniform,0.0007468827600000009,0.00018288891232442464
3,8,uniform,0.00085193894,0.00013736610925131582
3,8,uniform,0.0008512233200000004,0.00013547577216531698
3,8,uniform,0.0007549680599999997,0.00017120024519391193
3,8,uniform,0.0008380260799999998,0.00010131680514554327
3,8,uniform,0.0009763813599999989,0.00039195409621991026
3,8,uniform,0.0007863997800000005,0.00009889936266708478
3,8,uniform,0.0007888997199999995,0.0001175263711634306
3,8,uniform,0.0006198413599999996,0.00016623031986056112
3,8,uniform,0.0008236395399999994,0.00013543701974230596
3,8,uniform,0.000840024960000001,0.00014559779176683202
3,8,uniform,0.0008279053999999996,0.00013714237644097383
3,8,uniform,0.0009161407999999994,0.00022514757202236646
3,8,uniform,0.0008092883200000002,0.00014042151255970562
3,8,uniform,0.0008314367599999994,0.0002179475810317701
3,8,uniform,0.0007153311599999999,0.0001498818159026564
3,8,uniform,0.0007980964,0.00009560910899444212
3,8,uniform,0.0007946445200000003,0.0001601651923154133
3,8,uniform,0.0007081715800000002,0.000141303488884544
3,8,uniform,0.0007738949999999997,0.00009820922885101544
3,8,uniform,0.0008563508199999995,0.00011921398324488242
3,8,uniform,0.0008791954,0.00025664042383537314
3,8,uniform,0.0008149960799999989,0.00017202833470100198
3,8,uniform,0.00075081158,0.0001243404046039206
3,8,uniform,0.0008026851600000006,0.00010312982998062845
3,8,uniform,0.0007086251999999996,0.00010438891087280827
3,8,uniform,0.0008455573399999992,0.00021823335484231853
3,8,uniform,0.0008652624999999998,0.0002290733098477914
3,8,uniform,0.0008187152999999993,0.00005410732330193387
3,8,uniform,0.00115732516,0.0005727614112195603
3,8,uniform,0.00010437950800000072,0.00012824374241067894
3,8,intrel,0.0008149689399999996,0.0002004468813240666
3,8,intrel,0.0008172839400000002,0.00009142650910029686
3,8,intrel,0.0007984067200000001,0.00018829436934170092
3,8,intrel,0.0008014150799999994,0.0000817052714160273
3,8,intrel,0.0008852546600000002,0.0001706351260144158
3,8,intrel,0.0007903153000000005,0.00006822013566462623
3,8,intrel,0.0008967090399999999,0.0001904329582561217
3,8,intrel,0.0016589926000000004,0.0005726260202745865
3,8,intrel,0.0006517539200000003,0.00009220143414623346
3,8,intrel,0.0008542296800000003,0.00014936781692441868
3,8,intrel,0.0008412090200000001,0.00016948953057211398
3,8,intrel,0.0009920058599999996,0.000290469610619386
3,8,intrel,0.0009177938999999993,0.0002908983317586329
3,8,intrel,0.0008390123000000003,0.00013187215081771015
3,8,intrel,0.0009077209600000006,0.00034492362751510327
3,8,intrel,0.0007903192599999994,0.00008101325632409389
3,8,intrel,0.0007911312000000002,0.00010759156581199937
3,8,intrel,0.0007085809400000006,0.00008375835314688185
3,8,intrel,0.0007149187199999992,0.00013247395815631094
3,8,intrel,0.0007513123600000002,0.00016270142968230697
3,8,intrel,0.0008058432399999999,0.0001587247779027165
3,8,intrel,0.0009029536400000007,0.00013519107157221755
3,8,intrel,0.0008254060000000004,0.0003266243827988217
3,8,intrel,0.0008243442399999988,0.00029126958662753944
3,8,intrel,0.0008277237799999995,0.00018251855600425338
3,8,intrel,0.0009357831799999999,0.00027949658324814803
3,8,intrel,0.0007283678999999999,0.00009367738379074095
3,8,intrel,0.0008453505200000001,0.00016472394545248524
3,8,intrel,0.0008119810399999999,0.00010104638724511081
3,8,intrel,0.0007737823000000007,0.00015338385470663684
3,8,intrel,0.0007309913799999998,0.0001653659024543586
3,8,intrel,0.0007200276600000004,0.00009905702860047625
3,8,intrel,0.0009040543800000001,0.0002911820773400117
3,8,intrel,0.0007313367799999998,0.00008205857485289932
3,8,intrel,0.0008357187000000002,0.00018022662067889233
3,8,intrel,0.0009084781999999996,0.00015766834405802574
3,8,intrel,0.0009385663800000006,0.00017577740699093144
3,8,intrel,0.0006548888000000001,0.0002119616968969473
3,8,intrel,0.0006449036999999993,0.0002369348276206163
3,8,intrel,0.0008139277200000003,0.0001282405940986187
3,8,intrel,0.0008582197400000009,0.00016285100192319632
3,8,intrel,0.0008641062199999999,0.00007360342565253937
3,8,intrel,0.0008254960000000009,0.00012937122390345462
3,8,intrel,0.0007548939800000006,0.0001099726404763678
3,8,intrel,0.0008541013599999998,0.00018128505372368674
3,8,intrel,0.0007745650600000001,0.00011219916285234335
3,8,intrel,0.0008192686599999995,0.00014726873191836908
3,8,intrel,0.0007561890999999989,0.00014973659819344243
3,8,intrel,0.00082737594,0.0001896570789915608
3,8,intrel,0.0005798096199999998,0.00016302492362471594
3,8,intrel,0.000823500919999999,0.0002447937839681256
3,8,intrel,0.0007731757400000003,0.0001245173916003079
3,8,intrel,0.0009151333000000002,0.00042099917743973486
3,8,intrel,0.0008979345200000004,0.000174332351919481
3,8,intrel,0.0008522937000000001,0.00016409787226178297
3,8,intrel,0.0009296637399999995,0.00021978485342322087
3,8,intrel,0.0008059013599999996,0.00013106353325179526
3,8,intrel,0.0008600681600000003,0.0002853039161490974
3,8,intrel,0.0007187966,0.00007730615685017874
3,8,intrel,0.0008671204200000005,0.00015030694462661687
3,8,intrel,0.0015981656000000001,0.0005757784761844516
3,8,intrel,0.0011552188800000001,0.000424311848597546
3,8,intrel,0.0008188347600000003,0.00013927415624447745
3,8,intrel,0.0007337419400000004,0.00015687699845140534
3,8,intrel,0.0008680238000000002,0.00008154926875896697
3,8,intrel,0.0008261645999999999,0.0000982374441533822
3,8,intrel,0.0007661914199999995,0.0001251981545169275
3,8,intrel,0.00081580562,0.00007277882732132106
3,8,intrel,0.0007821935200000008,0.00013006274843666815
3,8,intrel,0.0005725879199999998,0.00022052650059054376
3,8,intrel,0.0008301873800000001,0.00015170673803907182
3,8,intrel,0.0007928665800000003,0.0001127740244180075
3,8,intrel,0.0008302830999999996,0.000133433928814601
3,8,intrel,0.0008655713000000006,0.0001275091046842887
3,8,intrel,0.0005397191600000006,0.00020267412669811719
3,8,intrel,0.0008074387799999995,0.00021494068151427782
3,8,intrel,0.0008451758399999997,0.00014263847558776
3,8,intrel,0.0009032152399999999,0.00019647005856988884
3,8,intrel,0.00081518526,0.0002638761544833737
3,8,intrel,0.0008891799399999999,0.00019196026287414565
3,8,intrel,0.0006989847599999998,0.00015671295427163782
3,8,intrel,0.0007200220400000003,0.00011131199613099512
3,8,intrel,0.0008074199800000001,0.00013156305492534326
3,8,intrel,0.0009764588200000002,0.00026031258390124827
3,8,intrel,0.0009089467399999993,0.0004383331093160391
3,8,intrel,0.0008377055800000007,0.00014720191624813253
3,8,intrel,0.00087234972,0.0002805012561809068
3,8,intrel,0.0008588283599999998,0.0002519092490443731
3,8,intrel,0.0008701373400000002,0.00014302970674191358
3,8,intrel,0.0008428258199999998,0.00016717006477107876
3,8,intrel,0.0008204172199999995,0.00008529646020563287
3,8,intrel,0.0006629837399999998,0.00013578894233253638
3,8,intrel,0.0008657306799999997,0.00024065553625453033
3,8,intrel,0.000782066599999999,0.00011052771174506422
3,8,intrel,0.0008433119400000008,0.0001271951513525575
3,8,intrel,0.0008215450199999998,0.0001505317919479692
3,8,intrel,0.0007935468600000003,0.00013288983611899492
3,8,intrel,0.0008724259400000002,0.00018805573035388557
3,8,intrel,0.0008015467600000001,0.00010208012766232006
3,8,intrel,0.0012827576800000004,0.0004053985456932885
4,8,uniform,0.0008553215200000002,0.00025680764866629484
4,8,uniform,0.0009109086000000007,0.00016568611666136128
4,8,uniform,0.0008767832999999996,0.00014334904351519836
4,8,uniform,0.0008378875800000003,0.00009705850300611944
4,8,uniform,0.0008662685200000002,0.00015146147874551397
4,8,uniform,0.0007804070999999997,0.00015271316401196217
4,8,uniform,0.0008203723199999997,0.00009322411989608694
4,8,uniform,0.0008482184400000002,0.00008842103197869706
4,8,uniform,0.0008368992200000005,0.00018882779983975405
4,8,uniform,0.0008796109799999998,0.00020060264774449015
4,8,uniform,0.0009296973400000005,0.00017440600291771308
4,8,uniform,0.0008970309600000009,0.00022927253475452884
4,8,uniform,0.0007246439799999998,0.00011525817918163844
4,8,uniform,0.0007964973199999995,0.00012025263984092457
4,8,uniform,0.0007221099600000005,0.00010625610690130818
4,8,uniform,0.0008856717400000004,0.00010755643155437577
4,8,uniform,0.0008032757999999994,0.000172257386092924
4,8,uniform,0.0007992194400000008,0.00017379252277756053
4,8,uniform,0.0007317587200000006,0.00013250111896567342
4,8,uniform,0.0007816706399999994,0.00013657896169375593
4,8,uniform,0.0008585174800000005,0.00021018280792694624
4,8,uniform,0.0021536606,0.0009493721776806211
4,8,uniform,0.00038086763999999973,0.00011338897410830265
4,8,uniform,0.0012797019800000003,0.00045132861900271744
4,8,uniform,0.0008207556399999997,0.0001293366980342394
4,8,uniform,0.0009551851400000004,0.00017638715106835622
4,8,uniform,0.0008762930799999997,0.00013670446020639643
4,8,uniform,0.0008162735400000009,0.00013564040038949396
4,8,uniform,0.0008143837200000007,0.00019135430963021337
4,8,uniform,0.0008256409200000008,0.0001648895263235695
4,8,uniform,0.0006176191600000003,0.00010270407715941307
4,8,uniform,0.0008459722400000005,0.00015644024659022725
4,8,uniform,0.0007585422400000002,0.00008537903982756999
4,8,uniform,0.0008840339799999998,0.0002338080242844305
4,8,uniform,0.0008314585000000005,0.00008718166524556003
4,8,uniform,0.0008434165800000002,0.00014120490228305342
4,8,uniform,0.0007733381999999999,0.00018698148899931247
4,8,uniform,0.0007711262000000007,0.00011914847420088936
4,8,uniform,0.0008700097799999997,0.00021293170192330596
4,8,uniform,0.0007803188999999992,0.00011125804351546406
4,8,uniform,0.0008255213200000003,0.00013753808547049397
4,8,uniform,0.0007882743600000002,0.00008150236959534091
4,8,uniform,0.0008197642199999997,0.0001284496862389663
4,8,uniform,0.0007660857200000005,0.000157852891678754
4,8,uniform,0.0011418381599999992,0.0005077781863871491
4,8,uniform,0.0007829574000000001,0.00006788643756393632
4,8,uniform,0.0007868275199999997,0.00016288385905167727
4,8,uniform,0.0007985699799999992,0.0001858905427242662
4,8,uniform,0.0009309719000000005,0.0002700469232119978
4,8,uniform,0.0008099907599999998,0.00012019624506896111
4,8,uniform,0.0008640007600000001,0.00015277589026428367
4,8,uniform,0.0008973157000000005,0.0002435359586322589
4,8,uniform,0.0006724671399999996,0.0001431074275739887
4,8,uniform,0.0008176134399999997,0.00023372229273651044
4,8,uniform,0.0007235621799999995,0.00010403420595596864
4,8,uniform,0.0008118228999999999,0.00011597993341972756
4,8,uniform,0.00097030152,0.0002495235955996725
4,8,uniform,0.0008209607200000005,0.00009245410311164005
4,8,uniform,0.00091799342,0.00017406947553957365
4,8,uniform,0.0008940168400000004,0.00022140950499570787
4,8,uniform,0.0011780057999999996,0.00047313347165297865
4,8,uniform,0.0006099377199999991,0.00010557534656459025
4,8,uniform,0.00086668562,0.00010955186352900512
4,8,uniform,0.0007950049400000001,0.00012198397648889976
4,8,uniform,0.0007726608199999995,0.00010899661196268643
4,8,uniform,0.0008548637400000002,0.00013184000852552736
4,8,uniform,0.0008152318600000003,0.00011643599525485622
4,8,uniform,0.0007873889000000004,0.00013147835270171113
4,8,uniform,0.0008711778799999998,0.00018582356974243666
4,8,uniform,0.0008630234799999996,0.00011106536648423653
4,8,uniform,0.0008665656400000004,0.00015855142358199686
4,8,uniform,0.0008401225599999997,0.00014145389880809624
4,8,uniform,0.0008419885200000004,0.0002293175540957221
4,8,uniform,0.0010730036400000008,0.0002778864420757356
4,8,uniform,0.00085843174,0.00009715421145123402
4,8,uniform,0.0007570030200000008,0.00018761769331835417
4,8,uniform,0.0008341731200000006,0.00011274370986647353
4,8,uniform,0.0007619161200000002,0.00017333090298812196
4,8,uniform,0.0007965075000000009,0.00015486928602390971
4,8,uniform,0.0008881630400000004,0.00015080778637634507
4,8,uniform,0.0008805512999999996,0.00015223464196737003
4,8,uniform,0.0007593749000000004,0.0001389796503706768
4,8,uniform,0.001184694879999999,0.00025713449773394635
4,8,uniform,0.0008534260800000008,0.00037744559070649865
4,8,uniform,0.0005311409399999992,0.00012009578359866665
4,8,uniform,0.0009298526599999992,0.00010608263784851881
4,8,uniform,0.0007418348999999998,0.00019811946448053904
4,8,uniform,0.0007509106600000002,0.00017185245173358585
4,8,uniform,0.0008147311399999997,0.00011354489236054023
4,8,uniform,0.0008439386400000001,0.0001430857445961065
4,8,uniform,0.0008268590800000003,0.0001459924045737007
4,8,uniform,0.00081489826,0.0004547528168672759
4,8,uniform,0.0007836024599999991,0.0001093588752327756
4,8,uniform,0.0008140822000000005,0.00011856254786417358
4,8,uniform,0.0008475204999999996,0.00011494891377424053
4,8,uniform,0.0008082438799999998,0.00014907321366004468
4,8,uniform,0.0007714868400000002,0.00008128376302504153
4,8,uniform,0.0008956325199999997,0.00015539175546344503
4,8,uniform,0.0007748713799999997,0.00020295102069998737
4,8,uniform,0.0008161885400000008,0.00016898873141800514
4,8,intrel,0.0007729965399999999,0.00010599262393524272
4,8,intrel,0.0008852869600000002,0.00015011088702526252
4,8,intrel,0.0010168294399999988,0.00027652836084626525
4,8,intrel,0.00085837126,0.0001376928945145278
4,8,intrel,0.0008271540599999995,0.00011743624133101145
4,8,intrel,0.0009222967399999995,0.0003172102585649533
4,8,intrel,0.0011530654799999996,0.00029443943571601727
4,8,intrel,0.0008395178000000002,0.00020994725620564282
4,8,intrel,0.0007465714800000006,0.0001800795789798376
4,8,intrel,0.000793820719999999,0.0001358037280475434
4,8,intrel,0.0010549488200000008,0.0002936629193152698
4,8,intrel,0.0008701670599999996,0.00019417100927092312
4,8,intrel,0.0007969644399999998,0.00009488771121559064
4,8,intrel,0.0006481605799999995,0.00012186238349949413
4,8,intrel,0.0007104291600000001,0.00016616606956843574
4,8,intrel,0.0008099065999999999,0.00011842042907656504
4,8,intrel,0.0008861277600000003,0.0002014635983518831
4,8,intrel,0.0008386448000000001,0.0001724884100049752
4,8,intrel,0.0009665690400000006,0.0002914130485845555
4,8,intrel,0.0008220541999999992,0.00010663879085252656
4,8,intrel,0.0008505406800000002,0.0001223261877524823
4,8,intrel,0.00073144492,0.00013095378597878637
4,8,intrel,0.0005426167000000008,0.00007809783999175509
4,8,intrel,0.0008867561399999999,0.0003080163395429425
4,8,intrel,0.0009837460400000002,0.0002997200855327072
4,8,intrel,0.0008009247200000012,0.00012520824828993229
4,8,intrel,0.0007788581600000002,0.00010630613320139788
4,8,intrel,0.0008357586200000003,0.00010055788766366259
4,8,intrel,0.0008267067999999996,0.00016630886721332025
4,8,intrel,0.0008999289799999997,0.00027314072863521803
4,8,intrel,0.0007939014999999996,0.00005077644447926186
4,8,intrel,0.0007587057800000003,0.00005575941946095045
4,8,intrel,0.0008227416,0.00008540351102469058
4,8,intrel,0.0007378077800000006,0.0000920187428205073
4,8,intrel,0.0008358409999999997,0.00015608908594734534
4,8,intrel,0.0010864553000000008,0.0004129683073231462
4,8,intrel,0.0007505078400000005,0.00006414705118675028
4,8,intrel,0.0007368429999999998,0.00010002507675689247
4,8,intrel,0.0006855963999999999,0.00013940560458879222
4,8,intrel,0.0007013476400000003,0.0001375296925354263
4,8,intrel,0.000818370320000001,0.00012062764274231115
4,8,intrel,0.0007880518800000007,0.00009841652520588197
4,8,intrel,0.0007760938400000001,0.0001961506297342824
4,8,intrel,0.0012946662599999995,0.0003637654157176939
4,8,intrel,0.0008167355200000002,0.0001955995221514556
4,8,intrel,0.00068637132,0.0004202179397318598
4,8,intrel,0.0007437998999999997,0.00014645422121377494
4,8,intrel,0.0007793423000000008,0.00016351101385672946
4,8,intrel,0.0007687423000000002,0.0002094520186721373
4,8,intrel,0.0008532558200000002,0.0001680305553939851
4,8,intrel,0.0007690666599999994,0.000129248929713557
4,8,intrel,0.0007356966800000002,0.00012441633184040682
4,8,intrel,0.0016289902000000002,0.0006328096732938919
4,8,intrel,0.0008217316199999999,0.0001298275889419845
4,8,intrel,0.0008306320599999996,0.00012387671776322175
4,8,intrel,0.0008410414000000002,0.0000827204733757678
4,8,intrel,0.0008331758799999995,0.0002125471052052018
4,8,intrel,0.0009643844599999997,0.00036343952097977897
4,8,intrel,0.0008275289999999999,0.00013542269847243316
4,8,intrel,0.0007803644399999992,0.00010331504261029307
4,8,intrel,0.0007084420399999997,0.00015308015930804946
4,8,intrel,0.0008053291399999996,0.0002243399076060204
4,8,intrel,0.0008108059000000005,0.00009684308528955489
4,8,intrel,0.00086148866,0.00016941809148772875
4,8,intrel,0.0007995670600000001,0.0001228426408792069
4,8,intrel,0.0009137686999999997,0.00019348750544216886
4,8,intrel,0.0007797865199999996,0.00007250974545657827
4,8,intrel,0.0008314945399999999,0.00019330245004597793
4,8,intrel,0.0008649195599999996,0.00020201212227036723
4,8,intrel,0.0010078758400000002,0.00034344926131825573
4,8,intrel,0.0007701511799999994,0.00012395064302683821
4,8,intrel,0.0007748110199999995,0.00006299766711059847
4,8,intrel,0.0009631165799999992,0.00036492053133792794
4,8,intrel,0.0007400969199999996,0.00008465831103651641
4,8,intrel,0.0007646191999999998,0.00013566095377799597
4,8,intrel,0.0007620689799999995,0.00014490523580081192
4,8,intrel,0.0008051265000000001,0.00009831638484312885
4,8,intrel,0.0008527940600000006,0.00015213739638760755
4,8,intrel,0.0008476558200000005,0.00013110488808706648
4,8,intrel,0.0008089501799999997,0.0001428123078294258
4,8,intrel,0.0008230045599999999,0.00011483975146887659
4,8,intrel,0.0008980461800000006,0.00014222990390479307
4,8,intrel,0.00087899528,0.00016349850042329648
4,8,intrel,0.0005976744000000006,0.00017189799157187513
4,8,intrel,0.000784652,0.00008947678807880852
4,8,intrel,0.0007562461399999999,0.00022109557039255929
4,8,intrel,0.0008191596800000003,0.00012208181091514914
4,8,intrel,0.0008101294800000009,0.000204645380169616
4,8,intrel,0.00070283552,0.00004460810895341795
4,8,intrel,0.0007450029799999993,0.000132198260604459
4,8,intrel,0.0008159502199999996,0.00016720696361366056
4,8,intrel,0.0008867952,0.00015721264306102533
4,8,intrel,0.00084042636,0.00022374903146258403
4,8,intrel,0.0008359429600000008,0.00012590186240476705
4,8,intrel,0.0008349363599999994,0.0001397460473068121
4,8,intrel,0.0008311329200000001,0.00012720144661459014
4,8,intrel,0.0008124412599999995,0.00015867218750342558
4,8,intrel,0.0010681987399999994,0.00024190710707569822
4,8,intrel,0.0007578962800000003,0.00008872702651641403
4,8,intrel,0.0008937491600000003,0.00012541609885537025
5,8,uniform,0.0008826288000000008,0.00026025631123063615
5,8,uniform,0.0008271946400000004,0.00020764432666043792
5,8,uniform,0.0007618663000000005,0.00006980708349157692
5,8,uniform,0.0007176482600000002,0.00010198566337045176
5,8,uniform,0.00138411612,0.00046360883848367026
5,8,uniform,0.0008605470799999997,0.00013792299896282713
5,8,uniform,0.0015351278800000007,0.0006234718064924294
5,8,uniform,0.0007166018000000007,0.0001387598231227853
5,8,uniform,0.0008046104999999996,0.00009823437472494035
5,8,uniform,0.0008187309399999999,0.00010429682179268721
5,8,uniform,0.0007943557799999999,0.00014101317894453855
5,8,uniform,0.0008159862800000004,0.0001245914458369167
5,8,uniform,0.00090389754,0.0001912621692635239
5,8,uniform,0.0010866365799999998,0.0004279299393692202
5,8,uniform,0.0005903333599999994,0.00016526071488462643
5,8,uniform,0.00079953604,0.0001290400708576388
5,8,uniform,0.0008633851200000005,0.0000955907417023799
5,8,uniform,0.0008103660399999999,0.00009517378345975557
5,8,uniform,0.0008600490999999997,0.00017919704398110665
5,8,uniform,0.0008486057599999999,0.00014385598747470408
5,8,uniform,0.0007893187600000008,0.00007183674618103042
5,8,uniform,0.0008447582599999998,0.000052691164884109696
5,8,uniform,0.0009064547600000003,0.0002682664633591219
5,8,uniform,0.0008214037200000001,0.00014639215450748877
5,8,uniform,0.0007974827199999999,0.00008565761473421703
5,8,uniform,0.0008695784400000004,0.00011381369971317162
5,8,uniform,0.0007642071600000002,0.00014257663712781895
5,8,uniform,0.00085795696,0.00016526752549154958
5,8,uniform,0.0007790920999999996,0.00021034314155802663
5,8,uniform,0.00085184964,0.0002047627818571475
5,8,uniform,0.0008267116799999995,0.00016510533796821957
5,8,uniform,0.0008061558800000002,0.00010378958448043922
5,8,uniform,0.0009771617,0.00020904752034196016
5,8,uniform,0.0007248614399999988,0.00009536931220820809
5,8,uniform,0.00079077374,0.00014803989317901966
5,8,uniform,0.0005097682999999995,0.00012757299111994233
5,8,uniform,0.0008110211400000008,0.00008774657355032282
5,8,uniform,0.0009123288000000001,0.00021871601454857189
5,8,uniform,0.0008099459199999998,0.00008349358297125453
5,8,uniform,0.0007816189000000005,0.00013631727909635418
5,8,uniform,0.0009159864600000008,0.0001445691646446242
5,8,uniform,0.0008564958999999999,0.000168992807273104
5,8,uniform,0.0008755229200000008,0.00021826217123004974
5,8,uniform,0.0008820664199999998,0.00014778070144947888
5,8,uniform,0.00136675062,0.00038514811366076367
5,8,uniform,0.000915265299999999,0.00016252155437920647
5,8,uniform,0.0007843782999999996,0.00016719720863170336
5,8,uniform,0.0007701645800000003,0.0001251459353384413
5,8,uniform,0.00083701862,0.0001167642636568798
5,8,uniform,0.0008442261599999997,0.00015663135001142017
5,8,uniform,0.0008236448799999998,0.00010838554934245918
5,8,uniform,0.0007523394400000001,0.00011518524522336478
5,8,uniform,0.0009104205600000005,0.00015173932512700856
5,8,uniform,0.000852061479999999,0.00013303226879203244
5,8,uniform,0.0008615367200000004,0.00019053207438996837
5,8,uniform,0.0009211304799999996,0.00011347040763437447
5,8,uniform,0.0008235105600000004,0.00022154386268038306
5,8,uniform,0.0008185022600000001,0.00010286633146893977
5,8,uniform,0.0007554596799999993,0.00015403256357233904
5,8,uniform,0.0008037176799999995,0.0001018102454239694
5,8,uniform,0.0007891643399999999,0.00023590738700894647
5,8,uniform,0.0013780955400000002,0.0012457446750528867
5,8,uniform,0.00089157852,0.00033626169880450094
5,8,uniform,0.0007228631400000003,0.0001133448483801634
5,8,uniform,0.0009244462800000001,0.00042515351194296073
5,8,uniform,0.00157089012,0.0006760586980693976
5,8,uniform,0.0007801310400000004,0.0001512677196832747
5,8,uniform,0.0011352864399999997,0.0005548711006483197
5,8,uniform,0.00039607182000000167,0.00029432936582718573
5,8,uniform,0.00086671722,0.00016811494821239293
5,8,uniform,0.0008741409000000003,0.00017072866840825405
5,8,uniform,0.0008680836200000005,0.00019944268834362744
5,8,uniform,0.0007877181800000004,0.00013944357165630354
5,8,uniform,0.001047203040000001,0.00030900237463814267
5,8,uniform,0.001186723820000001,0.00027527668210529567
5,8,uniform,0.00075393442,0.00020574354854483823
5,8,uniform,0.0008105639399999998,0.00009548089301035868
5,8,uniform,0.0007587876400000001,0.00011094455888020027
5,8,uniform,0.0007825138400000001,0.00010445483950200159
5,8,uniform,0.0009660862,0.00028155939303420335
5,8,uniform,0.0008530961999999997,0.00008361998674931464
5,8,uniform,0.0008500100599999998,0.00014874559223755176
5,8,uniform,0.00083795976,0.00013298011711868806
5,8,uniform,0.0008541696599999995,0.00009243543771159053
5,8,uniform,0.0008125311400000001,0.00013585906951874805
5,8,uniform,0.0008331497799999993,0.00009700195653473532
5,8,uniform,0.0007685034200000005,0.0001987028858334585
5,8,uniform,0.0008513484599999997,0.00009449528059755742
5,8,uniform,0.0008896080600000007,0.00010015976800958223
5,8,uniform,0.0007996671999999996,0.00013204419051215808
5,8,uniform,0.0007818153800000005,0.00010192811665967781
5,8,uniform,0.0008557232799999998,0.00013422660736766515
5,8,uniform,0.0008355637400000009,0.0001844312670540618
5,8,uniform,0.0008744926200000001,0.0001151007586462111
5,8,uniform,0.0008604812999999997,0.0001501851783510019
5,8,uniform,0.0012183659399999992,0.0003995384111790893
5,8,uniform,0.0012625923999999996,0.001190003129854409
5,8,uniform,0.0007930258800000006,0.00012147396640871933
5,8,uniform,0.0006773969399999994,0.0001544288886303697
5,8,uniform,0.0008496854600000004,0.00012865471871507687
5,8,intrel,0.0008550755600000003,0.00006272338469856713
5,8,intrel,0.0007968018400000002,0.00011114699081071778
5,8,intrel,0.0008496459400000004,0.00011189942254959736
5,8,intrel,0.0009340793600000001,0.0001384037480080171
5,8,intrel,0.00084522534,0.0001600854914221705
5,8,intrel,0.0005867498000000004,0.00008708781204074677
5,8,intrel,0.0008105145799999991,0.00011268791684554693
5,8,intrel,0.0008297051799999995,0.00006786806057867801
5,8,intrel,0.0008625878199999996,0.00012156774335511681
5,8,intrel,0.0008095889599999996,0.00011498264038154253
5,8,intrel,0.0010878267400000004,0.0002625835197519914
5,8,intrel,0.0009308854199999996,0.00018560348488948754
5,8,intrel,0.0009249011200000004,0.00017548655931957363
5,8,intrel,0.0009261383199999998,0.00020701926743566649
5,8,intrel,0.0008735223599999995,0.00016873381383719283
5,8,intrel,0.0008473024800000004,0.00013329370497801714
5,8,intrel,0.0009196115000000005,0.0002865008234185568
5,8,intrel,0.0007724770199999993,0.0001185835667077113
5,8,intrel,0.0008825502800000002,0.00012204237559784991
5,8,intrel,0.0008677260800000003,0.0001381428815451596
5,8,intrel,0.0008653838200000004,0.0001304380457213308
5,8,intrel,0.0008712207999999998,0.0001776006750807052
5,8,intrel,0.0009278179199999992,0.0001420863437680686
5,8,intrel,0.0008113547399999996,0.00016685320994484944
5,8,intrel,0.0008478275600000001,0.00018460824731573856
5,8,intrel,0.0007641215600000005,0.00011326680935364759
5,8,intrel,0.0006940021399999998,0.00009707424130066636
5,8,intrel,0.0006851277000000007,0.00016629986473048556
5,8,intrel,0.0009669092599999997,0.0004196955098348749
5,8,intrel,0.000778045999999999,0.0005688188010539035
5,8,intrel,0.0008542026600000004,0.00015766316113072627
5,8,intrel,0.00078095968,0.00004990105138738728
5,8,intrel,0.000874441619999999,0.0001568690528125998
5,8,intrel,0.0009551842800000005,0.0002299186202091949
5,8,intrel,0.000956025219999999,0.0003090312738386233
5,8,intrel,0.0012795408599999994,0.0004860877338485764
5,8,intrel,0.0006714758399999998,0.0001552695548904478
5,8,intrel,0.0009147112800000003,0.00014141705564275718
5,8,intrel,0.0008594086600000004,0.00010102358941845657
5,8,intrel,0.0009102122200000008,0.00015188056041640088
5,8,intrel,0.0009600930200000006,0.00028070607841673104
5,8,intrel,0.00078941932,0.0001242102682604963
5,8,intrel,0.0008598923000000001,0.0001864571855605344
5,8,intrel,0.0009443277399999991,0.00022568117068665698
5,8,intrel,0.0008430157399999996,0.00012584061720644896
5,8,intrel,0.0008262255200000006,0.00017614201179023446
5,8,intrel,0.0007711460599999998,0.00016627551397889126
5,8,intrel,0.0007793938600000009,0.00011913888583870875
5,8,intrel,0.0007929542000000005,0.0001516572295820047
5,8,intrel,0.0008451986600000012,0.00013420000254512327
5,8,intrel,0.0008095234199999998,0.00009596547524350158
5,8,intrel,0.0008327056600000001,0.0001432911575881235
5,8,intrel,0.0008554136600000005,0.0000856431159368795
5,8,intrel,0.0007576728800000002,0.00005544171794526415
5,8,intrel,0.0008017867599999992,0.00011409956623152534
5,8,intrel,0.0009011274400000005,0.00014959284040280064
5,8,intrel,0.001216396079999999,0.00039682469453149096
5,8,intrel,0.0008077569999999999,0.00011129870477258738
5,8,intrel,0.0011891037599999995,0.0007026080049615861
5,8,intrel,0.0008241824000000005,0.00013543334748088366
5,8,intrel,0.0007818174800000004,0.0001337527613272588
5,8,intrel,0.0008851161400000001,0.000114637768807085
5,8,intrel,0.0008954055399999994,0.00014279608322472368
5,8,intrel,0.0008254736600000005,0.00013601475016862451
5,8,intrel,0.0009848516800000004,0.00020820622995324723
5,8,intrel,0.0008446108599999998,0.00018672122208445168
5,8,intrel,0.0009177748799999998,0.0003493355134137445
5,8,intrel,0.0007872759999999989,0.00009512654931248162
5,8,intrel,0.0008797150200000001,0.00021449730537776508
5,8,intrel,0.0008633696199999996,0.00010714415082541833
5,8,intrel,0.0007812759200000006,0.00008598428776468413
5,8,intrel,0.0007173458200000002,0.00017705315539050224
5,8,intrel,0.0008797302400000001,0.0001246275645729218
5,8,intrel,0.0008467148000000004,0.00022536730230993034
5,8,intrel,0.0008711309199999999,0.00023086565486292874
5,8,intrel,0.0008029380800000007,0.0001301746519994068
5,8,intrel,0.00085429652,0.000186507327875222
5,8,intrel,0.0008573751200000002,0.000202292578196477
5,8,intrel,0.0008652583800000003,0.00014146909341890434
5,8,intrel,0.0008178776600000003,0.00012515660495643937
5,8,intrel,0.0008766194000000007,0.00008117856039079665
5,8,intrel,0.0008606364399999997,0.00021195916777543635
5,8,intrel,0.0008323076399999995,0.00012868070491850055
5,8,intrel,0.0011359081599999984,0.0002706507844229657
5,8,intrel,0.0008256853400000006,0.00010028958659939616
5,8,intrel,0.0007711655600000009,0.00012136008261203518
5,8,intrel,0.0008141546400000001,0.00013676378747659945
5,8,intrel,0.0007319777800000007,0.00009256081561876564
5,8,intrel,0.0009304673600000005,0.00021550510121984994
5,8,intrel,0.0007935267199999996,0.00010517695384044716
5,8,intrel,0.0017826758799999998,0.0008921048665135296
5,8,intrel,0.00048355882,0.00021195782432489828
5,8,intrel,0.0008460371200000001,0.00012848388533201783
5,8,intrel,0.0008359586200000002,0.00023680849519071073
5,8,intrel,0.0008824495199999994,0.00008689367364524687
5,8,intrel,0.0008970306200000002,0.00017166990572869788
5,8,intrel,0.0006772101399999999,0.00013705268410039341
5,8,intrel,0.0006790029800000002,0.00022774526886572697
5,8,intrel,0.0008595959599999997,0.00019586865793601478
5,8,intrel,0.0008012022399999999,0.00014533005587130137
6,8,uniform,0.0008815054599999997,0.00012561593068450088
6,8,uniform,0.00082716136,0.00014633648838147724
6,8,uniform,0.0008145622200000007,0.00015511782881567443
6,8,uniform,0.0008593904999999999,0.00013109134167785453
6,8,uniform,0.0008899456799999993,0.00009712566893577734
6,8,uniform,0.000944416180000001,0.00015039703301746195
6,8,uniform,0.0009516232599999994,0.00014424587423751315
6,8,uniform,0.0008679213999999994,0.0002030839166223603
6,8,uniform,0.0007365927199999994,0.00014994467996716507
6,8,uniform,0.0008925941399999998,0.00012773697972352758
6,8,uniform,0.00082217448,0.0001176310152396986
6,8,uniform,0.0009717771000000002,0.0004437479385029924
6,8,uniform,0.0009076345400000005,0.00009437304304043133
6,8,uniform,0.0008481912799999998,0.00012997422027874093
6,8,uniform,0.0007214439999999999,0.00011386423298184747
6,8,uniform,0.0008774456400000002,0.00008554016808857822
6,8,uniform,0.0013317779400000005,0.0005000175930439182
6,8,uniform,0.0014095355600000008,0.0006315636880361228
6,8,uniform,0.0007945385999999996,0.00009574354078178504
6,8,uniform,0.0008760696000000006,0.0001709288425828453
6,8,uniform,0.0011305073199999998,0.00038455445826914784
6,8,uniform,0.0011251543199999993,0.0003032277981625365
6,8,uniform,0.0007086434199999999,0.0001124988951108706
6,8,uniform,0.0007950193200000002,0.00022280832108551152
6,8,uniform,0.0008393576600000004,0.00015257940425307157
6,8,uniform,0.0008657620600000004,0.0001730872080803971
6,8,uniform,0.0008713693999999998,0.0001988201501529572
6,8,uniform,0.0013145858000000003,0.00045113747993739863
6,8,uniform,0.00082819016,0.00010402161348964396
6,8,uniform,0.0008616405799999994,0.00009224669072992382
6,8,uniform,0.0008828598600000004,0.00013350019486777284
6,8,uniform,0.0008545393599999996,0.00010786088339878677
6,8,uniform,0.0009414896400000005,0.0003880935495112829
6,8,uniform,0.0008554840599999999,0.0001465888879024904
6,8,uniform,0.0008250234399999991,0.00011961160341780299
6,8,uniform,0.0008570647599999996,0.00014425686974267656
6,8,uniform,0.0009659150200000005,0.00029980413738211375
6,8,uniform,0.0007985965600000005,0.0001431912950327483
6,8,uniform,0.0010239574199999997,0.00024159062183897874
6,8,uniform,0.0008858409400000005,0.00010873872889147333
6,8,uniform,0.0008518602999999996,0.00016608652154922817
6,8,uniform,0.00086149412,0.00012139040867200153
6,8,uniform,0.0008085070000000006,0.0001413520383237461
6,8,uniform,0.0008165256999999998,0.00012171001569034678
6,8,uniform,0.00086406786,0.00011123627201197557
6,8,uniform,0.0010327103999999998,0.00022708550950113247
6,8,uniform,0.0008733628199999989,0.00013153212367347976
6,8,uniform,0.0008603319000000005,0.0001300095686153737
6,8,uniform,0.0007856259599999997,0.00015101097008734903
6,8,uniform,0.0009165828,0.00023036991603701208
6,8,uniform,0.0008352867000000003,0.00015107274738162846
6,8,uniform,0.0008548316400000002,0.00011061991811323032
6,8,uniform,0.0014077812199999999,0.0007112484039062272
6,8,uniform,0.0006257186600000001,0.00013337986824671529
6,8,uniform,0.0009305780200000002,0.0003272366706264918
6,8,uniform,0.0008041563999999998,0.00004603912317209739
6,8,uniform,0.00080198886,0.00009515940019333642
6,8,uniform,0.0008059062200000005,0.00007385752677539221
6,8,uniform,0.0005831254599999988,0.00018522830073677547
6,8,uniform,0.0008867685800000001,0.00014095740262493015
6,8,uniform,0.0008774823600000003,0.00009336879136824402
6,8,uniform,0.0007838210600000009,0.00010048402186356679
6,8,uniform,0.0008497523600000005,0.0001618565486438532
6,8,uniform,0.00086480328,0.0001680396251859133
6,8,uniform,0.0009162438199999997,0.00022967118477162089
6,8,uniform,0.0008850760999999999,0.00008013529750123288
6,8,uniform,0.00079634028,0.0001330462265246766
6,8,uniform,0.0009772171800000006,0.0002677526322149689
6,8,uniform,0.0008618822399999998,0.00018799905635522634
6,8,uniform,0.0009033075200000001,0.00019811183739665273
6,8,uniform,0.0008775591799999999,0.0002054059084674646
6,8,uniform,0.0008312948000000003,0.00032584864184070694
6,8,uniform,0.0009650274599999995,0.0002877131247500422
6,8,uniform,0.0009216977999999996,0.0001682598574840252
6,8,uniform,0.0008109729999999999,0.000127623873999647
6,8,uniform,0.0008706160399999998,0.00010546911839122491
6,8,uniform,0.0008555580200000003,0.00014007431838963994
6,8,uniform,0.0007505204000000009,0.00015137290242712246
6,8,uniform,0.00129799288,0.0005116827585648596
6,8,uniform,0.0007531551199999997,0.00023561184369598706
6,8,uniform,0.0008194016200000001,0.0001339723539698894
6,8,uniform,0.0008776799600000001,0.00009836997851879856
6,8,uniform,0.0009014141599999993,0.0002089959211532076
6,8,uniform,0.0007722252199999997,0.0001729043304061847
6,8,uniform,0.0008739087199999999,0.0002592701672648736
6,8,uniform,0.0007059650600000005,0.00008287991504453219
6,8,uniform,0.0008153584999999998,0.00015871032131965738
6,8,uniform,0.0008319340999999994,0.00011532698249417224
6,8,uniform,0.0008499283400000002,0.00011769923933578422
6,8,uniform,0.0006615550999999996,0.00013470199697030805
6,8,uniform,0.0008568987399999991,0.00006888822194411912
6,8,uniform,0.0007962025800000005,0.0001504731854801527
6,8,uniform,0.0008381803400000004,0.00014231147489226267
6,8,uniform,0.0008099227599999998,0.00009707054390842662
6,8,uniform,0.0009634593799999997,0.00035362876312126777
6,8,uniform,0.0007309835400000004,0.0000919251202956938
6,8,uniform,0.0008865347800000002,0.0002406487388418601
6,8,uniform,0.0009512567599999997,0.00019993168268933495
6,8,uniform,0.0008016260799999994,0.00009852544047233018
6,8,uniform,0.0008840200199999998,0.00023704710934066803
6,8,intrel,0.0008418131200000007,0.00008581395064362597
6,8,intrel,0.0007744257000000005,0.00006255530876272615
6,8,intrel,0.0008477733600000005,0.0001296754114420995
6,8,intrel,0.0008660115600000009,0.00011532079504408569
6,8,intrel,0.0009141417000000004,0.00015499993177149035
6,8,intrel,0.0008606648,0.00013134523697023298
6,8,intrel,0.0008052805799999996,0.00013815023502517513
6,8,intrel,0.0008544888200000003,0.00006416576785422442
6,8,intrel,0.0007218539000000011,0.00012640983447892372
6,8,intrel,0.0008653971000000003,0.00022123023806756923
6,8,intrel,0.00084427718,0.00008297422271933486
6,8,intrel,0.0008873738999999997,0.0002449269936909773
6,8,intrel,0.00093574824,0.00016275677881823818
6,8,intrel,0.0012845507400000007,0.0003205681864179428
6,8,intrel,0.0007691083199999993,0.00035485974811780676
6,8,intrel,0.0008321928000000001,0.00012505408255524228
6,8,intrel,0.0009906310600000003,0.0004730281516079144
6,8,intrel,0.0012316594799999998,0.000808403343077479
6,8,intrel,0.0008519592600000003,0.00015005131758868368
6,8,intrel,0.0011850440000000008,0.00037510000759265666
6,8,intrel,0.0008613560800000006,0.00014392331470091988
6,8,intrel,0.0008434835799999996,0.00013747614959132214
6,8,intrel,0.0008604113599999993,0.00018671066550622593
6,8,intrel,0.0008359887199999999,0.00013063670681686507
6,8,intrel,0.0008218181200000003,0.00009702013717986586
6,8,intrel,0.0009098955800000003,0.00011344530082060594
6,8,intrel,0.0008575659199999998,0.00014498240763949412
6,8,intrel,0.0008822905600000003,0.00009256282953786343
6,8,intrel,0.0007709230600000004,0.00010179406762915458
6,8,intrel,0.0008065637400000002,0.00010456850035481786
6,8,intrel,0.0009511992799999993,0.00016884737003331342
6,8,intrel,0.0008245116200000003,0.00011195130658366115
6,8,intrel,0.0008394985600000002,0.0001536622560524289
6,8,intrel,0.0008535195400000003,0.00013372217312227784
6,8,intrel,0.0008900415199999985,0.00023466255993776357
6,8,intrel,0.00078719082,0.00005910151847729648
6,8,intrel,0.000911908620000001,0.00021906509185731896
6,8,intrel,0.0008171936799999998,0.00009834723325736103
6,8,intrel,0.0007578750599999997,0.00011632362162996447
6,8,intrel,0.0013670000000000006,0.0005820683683085118
6,8,intrel,0.0007754021399999993,0.0000713670849189052
6,8,intrel,0.0008302247399999999,0.00010078041692186255
6,8,intrel,0.0008813981399999997,0.00014134854615299969
6,8,intrel,0.0007747069400000003,0.00008894797854201703
6,8,intrel,0.0008599937799999999,0.0001628718478376311
6,8,intrel,0.00006827559199999874,0.00006583320511816088
6,8,intrel,0.0008560753600000004,0.00013648329199449853
6,8,intrel,0.0008172169999999992,0.0001819729660948143
6,8,intrel,0.000912777500000001,0.00032923913871208847
6,8,intrel,0.0007618509799999999,0.00016014848170303983
6,8,intrel,0.0006429906800000005,0.00006384175677894706
6,8,intrel,0.0008419398999999994,0.00016387954591403074
6,8,intrel,0.0008014481,0.00009319194959961821
6,8,intrel,0.0009479803800000006,0.00019055501956816108
6,8,intrel,0.00086810496,0.00012789115397416836
6,8,intrel,0.0008352413799999996,0.0001234448798369359
6,8,intrel,0.0009128830200000009,0.00013468234842773988
6,8,intrel,0.0007629044999999999,0.00018150311903806073
6,8,intrel,0.0008807608000000001,0.00011636096406422367
6,8,intrel,0.0008303802600000005,0.00010758610566451203
6,8,intrel,0.0008639092400000001,0.00012703537815292066
6,8,intrel,0.0008847257799999998,0.00015281643552856336
6,8,intrel,0.0008645793000000002,0.00016376261590719254
6,8,intrel,0.0009041901399999995,0.00028329228680451805
6,8,intrel,0.0008106645999999999,0.00014000015716245152
6,8,intrel,0.0009154702000000001,0.0002602883415462552
6,8,intrel,0.000886569899999999,0.00014272847114854136
6,8,intrel,0.0008065942999999998,0.00014827691217688318
6,8,intrel,0.0008083249000000004,0.00011197612772278245
6,8,intrel,0.0008692626,0.0001405412274990668
6,8,intrel,0.0004452879199999992,0.00010088600317542131
6,8,intrel,0.0008298319799999997,0.00021319747282692847
6,8,intrel,0.0008120330600000003,0.00011705823853113068
6,8,intrel,0.0008664676399999999,0.0000908278732414597
6,8,intrel,0.00083141386,0.00008225427441247183
6,8,intrel,0.0012361378600000013,0.00034286490220973185
6,8,intrel,0.0007711147999999999,0.00019859449094563407
6,8,intrel,0.0008223622399999997,0.00012986499146181682
6,8,intrel,0.0007914719200000005,0.00009385573540895383
6,8,intrel,0.00086566466,0.0001643576733436359
6,8,intrel,0.0020101227400000005,0.001143773653457949
6,8,intrel,0.0008004308599999996,0.0001688182647535509
6,8,intrel,0.00073155654,0.00015117898178884236
6,8,intrel,0.0008787849800000003,0.00012868367454256887
6,8,intrel,0.0008039427000000002,0.00010036582067400563
6,8,intrel,0.0008605005000000002,0.00024117415857519977
6,8,intrel,0.0008393404199999996,0.0001671407828547206
6,8,intrel,0.0008818668000000002,0.0001394575215374838
6,8,intrel,0.0007770702399999997,0.00016574059628159232
6,8,intrel,0.0009222653800000008,0.00021402012195679174
6,8,intrel,0.0008350309,0.000125013553219241
6,8,intrel,0.0008909942600000004,0.000296955839251937
6,8,intrel,0.0008918942200000002,0.0001563339584871652
6,8,intrel,0.0008672098999999995,0.00024629831784207004
6,8,intrel,0.0009735449999999991,0.00027637278325752534
6,8,intrel,0.0008676353599999994,0.0003227776487523572
6,8,intrel,0.0008746562600000001,0.00011462176458252212
6,8,intrel,0.0008654660400000001,0.00013960225460169973
6,8,intrel,0.0007805184999999994,0.0001595790113303334
7,8,uniform,0.0009200955800000002,0.00011602531513658758
7,8,uniform,0.001382029379999999,0.00046617044627523917
7,8,uniform,0.0008980774200000004,0.00013339247130246063
7,8,uniform,0.0007113956400000008,0.00008938576832384693
7,8,uniform,0.0008634666400000001,0.00011887653197914589
7,8,uniform,0.0008611756400000011,0.00023592852321733181
7,8,uniform,0.00085383686,0.00013584704249138276
7,8,uniform,0.0009053455000000002,0.00020945476995945134
7,8,uniform,0.0008860032000000004,0.00019757720712909499
7,8,uniform,0.0008755942400000001,0.00012888158019502501
7,8,uniform,0.0009185924599999999,0.00019149284649270265
7,8,uniform,0.0008527866999999993,0.00012711515457883063
7,8,uniform,0.0004997425999999997,0.00008586519195065146
7,8,uniform,0.0008698379799999999,0.0002009375030341801
7,8,uniform,0.0009142145200000003,0.00009449839776425369
7,8,uniform,0.0009639023199999999,0.00013030951909187433
7,8,uniform,0.0008944894000000002,0.0002465112868628264
7,8,uniform,0.0008670871399999995,0.00012331149352310996
7,8,uniform,0.0008955586199999995,0.00015054956171090114
7,8,uniform,0.0010809964200000008,0.00031220689363427995
7,8,uniform,0.0009391141600000001,0.0001782509524468866
7,8,uniform,0.0008898255199999991,0.0001415448680442197
7,8,uniform,0.0009783217799999996,0.00018531598498960276
7,8,uniform,0.0008124684799999995,0.00007948540226432918
7,8,uniform,0.0008762407399999993,0.00011459730543739288
7,8,uniform,0.0008730062200000003,0.00021234658405250282
7,8,uniform,0.0008993943400000002,0.00013377192284232643
7,8,uniform,0.0009212907000000008,0.00029343883359448
7,8,uniform,0.000802503240000001,0.00016484726758322554
7,8,uniform,0.0009932843199999995,0.0002225606153312447
7,8,uniform,0.0008135815600000002,0.0001011660199847536
7,8,uniform,0.0008743176399999995,0.0001446003148143184
7,8,uniform,0.0007326047400000009,0.00013087005388845324
7,8,uniform,0.0007332125599999989,0.00010053048955797765
7,8,uniform,0.00087205028,0.00012962040989305827
7,8,uniform,0.0008589829799999993,0.00010469685495626577
7,8,uniform,0.00087994934,0.00009443622898496105
7,8,uniform,0.0010122717399999996,0.00014605942224481415
7,8,uniform,0.0009228294199999999,0.0004654619173488249
7,8,uniform,0.0008854361400000005,0.0001046172806238158
7,8,uniform,0.0008990428800000006,0.0002455355683431629
7,8,uniform,0.0008733658799999992,0.00017009643935880743
7,8,uniform,0.0008172431599999998,0.0001329655602609605
7,8,uniform,0.0007379217,0.00020968788329400967
7,8,uniform,0.0007846662799999998,0.0001324170059934818
7,8,uniform,0.0008496479399999989,0.0002201491748041162
7,8,uniform,0.0008823583799999998,0.00025638749741767835
7,8,uniform,0.0008476519000000006,0.0001424229369319501
7,8,uniform,0.0007721890200000003,0.000151060660037836
7,8,uniform,0.0008905446400000012,0.00017763054653549873
7,8,uniform,0.0008213416200000007,0.00015067025393826822
7,8,uniform,0.0008639247000000004,0.00008581986237469216
7,8,uniform,0.0008794726600000004,0.0001403635170195589
7,8,uniform,0.0008011710800000002,0.00011215644049377346
7,8,uniform,0.0008284078799999988,0.00009448625256523952
7,8,uniform,0.0008710610600000003,0.00012134313067079197
7,8,uniform,0.0008961093999999999,0.00021465162592962898
7,8,uniform,0.0008846066000000001,0.00017300506376420195
7,8,uniform,0.0007601442599999995,0.0001178659398631437
7,8,uniform,0.0008932476000000003,0.00013533542211610552
7,8,uniform,0.0007784118400000007,0.000128245657696686
7,8,uniform,0.0009101118400000006,0.00014605314924673446
7,8,uniform,0.0013937567799999994,0.0009392489946238017
7,8,uniform,0.0008821856000000002,0.00017303482798121568
7,8,uniform,0.00087009438,0.00014721271680006302
7,8,uniform,0.0009063895400000004,0.00012984617525894936
7,8,uniform,0.0008068609400000008,0.0001095669627650902
7,8,uniform,0.0009187301600000001,0.0001601021941299092
7,8,uniform,0.0008676072200000008,0.00022484760477880714
7,8,uniform,0.0008705676600000003,0.0002068374920452178
7,8,uniform,0.00083434196,0.00013291535632210946
7,8,uniform,0.0008009099600000006,0.00005900276037506869
7,8,uniform,0.0008495603000000012,0.00016649247698990283
7,8,uniform,0.00141054798,0.0003932555651708216
7,8,uniform,0.0008154883599999997,0.0001074297375950129
7,8,uniform,0.0010422029400000002,0.0004075053694222937
7,8,uniform,0.0011745978000000004,0.0006534857002605847
7,8,uniform,0.0008395979400000007,0.00011380741013860029
7,8,uniform,0.0007922868600000003,0.00011963383489464846
7,8,uniform,0.0009475653600000009,0.0002960432470767292
7,8,uniform,0.0008395304400000001,0.00012319317819068645
7,8,uniform,0.0009130645600000003,0.00011038611125142104
7,8,uniform,0.0009413570200000009,0.00018726519487151545
7,8,uniform,0.0008451103000000012,0.00011897533037959317
7,8,uniform,0.0010108916800000002,0.0002477358517009824
7,8,uniform,0.0009087551799999994,0.00010621583413325074
7,8,uniform,0.0008959739399999996,0.0001461136077290545
7,8,uniform,0.0009813353599999997,0.0003396105465379753
7,8,uniform,0.0008392653799999993,0.00010132829964147899
7,8,uniform,0.0008175271000000004,0.00013368771690311213
7,8,uniform,0.0009188629199999996,0.00010924250026513389
7,8,uniform,0.0008219779600000008,0.0001042200636036822
7,8,uniform,0.0008414868999999999,0.00021821708104874222
7,8,uniform,0.0007283155999999991,0.00011875876167536718
7,8,uniform,0.00085258362,0.00011235659530560128
7,8,uniform,0.0008262781599999996,0.0001593133687457242
7,8,uniform,0.0008351149999999998,0.00012026753613506852
7,8,uniform,0.0009385297800000013,0.00011661811374648826
7,8,uniform,0.0008634696000000009,0.00019777258878935796
7,8,uniform,0.0017736096199999993,0.0005808551443302365
7,8,intrel,0.0003752851799999999,0.00019867661647231895
7,8,intrel,0.0008435149200000004,0.00013628357561516925
7,8,intrel,0.0008428433399999995,0.00015118895604805267
7,8,intrel,0.0008189752000000002,0.00013907995669881564
7,8,intrel,0.0006641191000000005,0.00016014431520198003
7,8,intrel,0.0009011028400000003,0.00011931532744832067
7,8,intrel,0.0008093278400000004,0.00010165257350018793
7,8,intrel,0.0007462486399999992,0.00012847749274678424
7,8,intrel,0.0008172495999999995,0.00020250689563581676
7,8,intrel,0.0008880247400000002,0.00017430764481803744
7,8,intrel,0.0008956582600000007,0.0001320431490015038
7,8,intrel,0.0008853686199999997,0.00018224375162417922
7,8,intrel,0.0008836736399999996,0.00024400176698895717
7,8,intrel,0.0008201204000000001,0.0001288974111332126
7,8,intrel,0.0009529427200000001,0.00025402004443752954
7,8,intrel,0.0008521086799999997,0.00015780384464225765
7,8,intrel,0.0008287446800000004,0.0001261504265468633
7,8,intrel,0.0008738099799999999,0.0001503633246004121
7,8,intrel,0.0008594297400000001,0.00017996437189424154
7,8,intrel,0.000908622139999999,0.00014521834674956796
7,8,intrel,0.0008785111200000006,0.00016397799746581857
7,8,intrel,0.00097957308,0.00020756426899091608
7,8,intrel,0.00085478668,0.00010118006771104233
7,8,intrel,0.0013583303999999997,0.0004976182959036084
7,8,intrel,0.0008055725200000003,0.00012454775906543738
7,8,intrel,0.0008016001199999993,0.00020481610921726834
7,8,intrel,0.0009048424800000007,0.00016722422655371705
7,8,intrel,0.0009034531800000004,0.00016317151130461886
7,8,intrel,0.0008080594399999995,0.00006979746868985378
7,8,intrel,0.0008964300400000003,0.00010752119487307294
7,8,intrel,0.0008885549600000002,0.00022947798425615177
7,8,intrel,0.0008707405200000008,0.00006383361774209914
7,8,intrel,0.0007729017199999996,0.00017461848870622046
7,8,intrel,0.0009249354799999995,0.0002269934382248135
7,8,intrel,0.0015243249799999998,0.00046362621010274355
7,8,intrel,0.0007917532999999997,0.00011604558631661378
7,8,intrel,0.0009132207599999997,0.00011588546288584559
7,8,intrel,0.00085465336,0.00011906364754011011
7,8,intrel,0.0008486342999999995,0.00019445783597196593
7,8,intrel,0.0007302178,0.00016855411880804206
7,8,intrel,0.0008221998000000005,0.000051529046704531424
7,8,intrel,0.00095200696,0.00015057714361604375
7,8,intrel,0.0008840898400000003,0.00018674968676484223
7,8,intrel,0.0008956568799999996,0.00018516007305092048
7,8,intrel,0.0009572852400000001,0.00024759593389005587
7,8,intrel,0.0009431389800000003,0.00013751293745761607
7,8,intrel,0.0009736857000000011,0.00017471127357967866
7,8,intrel,0.0008344624200000008,0.0001521745358191632
7,8,intrel,0.0008447796600000001,0.00016081925493464184
7,8,intrel,0.0008810012200000002,0.0001258186940910081
7,8,intrel,0.0008876860399999997,0.000166524315468409
7,8,intrel,0.0008589541799999999,0.00014668275768610296
7,8,intrel,0.0008582615400000006,0.00023380792900526995
7,8,intrel,0.0008364589800000002,0.000142876011824122
7,8,intrel,0.0007231908999999997,0.00017371006714858727
7,8,intrel,0.0008637230800000003,0.00019376510633811812
7,8,intrel,0.0008666061599999997,0.00015611692358485677
7,8,intrel,0.00071694928,0.00014571092741086147
7,8,intrel,0.0008340911800000002,0.00016101552799131587
7,8,intrel,0.0009043769999999996,0.00016291335534558108
7,8,intrel,0.0008487944400000002,0.00019439657755529314
7,8,intrel,0.0005615436000000023,0.0003029019704077543
7,8,intrel,0.0008095639399999996,0.0001337088839056287
7,8,intrel,0.0009328184000000001,0.00014663402212371373
7,8,intrel,0.0009267519999999998,0.00013128032705461497
7,8,intrel,0.0007520178799999991,0.00017987954761141943
7,8,intrel,0.0008749668000000004,0.0001696899471097213
7,8,intrel,0.0008414459799999996,0.0001619216877720352
7,8,intrel,0.0008875784599999995,0.0000985751227643161
7,8,intrel,0.0008285311600000006,0.0001963648131764786
7,8,intrel,0.0007488433400000014,0.00026664294937714833
7,8,intrel,0.0008198380600000002,0.00025072553427711434
7,8,intrel,0.0009148636799999998,0.00016463663328571663
7,8,intrel,0.0008435566600000003,0.00010657652106293293
7,8,intrel,0.0008840118399999998,0.00007805598355091049
7,8,intrel,0.0008130116,0.00013260313901261911
7,8,intrel,0.00091324102,0.00019996011528569056
7,8,intrel,0.0009209964199999995,0.00016687441838100892
7,8,intrel,0.00083416808,0.00011871575690610282
7,8,intrel,0.0008476642,0.00013730144335908815
7,8,intrel,0.0008899561799999995,0.00014749176839644684
7,8,intrel,0.0008434773600000002,0.00018658749255438678
7,8,intrel,0.0007892887399999993,0.0001070196657689085
7,8,intrel,0.0008785479600000002,0.00017420895021209444
7,8,intrel,0.0013049056800000006,0.000468923841664389
7,8,intrel,0.0008743781600000009,0.00013575972826729993
7,8,intrel,0.0008837265600000008,0.00014186194303700104
7,8,intrel,0.0008304031199999997,0.00007845015604693779
7,8,intrel,0.0010251583599999998,0.00022311222658127807
7,8,intrel,0.0010302342999999998,0.0001800835312949398
7,8,intrel,0.0008535998600000007,0.00012082144859847244
7,8,intrel,0.0009270991000000003,0.00017176977422834192
7,8,intrel,0.0008248312200000005,0.00005757505350882831
7,8,intrel,0.0009097923400000005,0.00011620447811322364
7,8,intrel,0.0009054169000000006,0.00017601918147696924
7,8,intrel,0.0009077681799999994,0.00022014266112806133
7,8,intrel,0.00062380732,0.0001747184939191549
7,8,intrel,0.0008613975199999998,0.00009316728754050728
7,8,intrel,0.0008703216999999992,0.00015154770395254716
7,8,intrel,0.0008617193999999993,0.0001098813497912887
8,8,uniform,0.0008883552800000001,0.0001531969184612115
8,8,uniform,0.0011308535400000003,0.00019734514152238176
8,8,uniform,0.00101111856,0.00018804076587284054
8,8,uniform,0.0008151587999999998,0.00012481685473173166
8,8,uniform,0.0008583086600000006,0.00007268176034872093
8,8,uniform,0.00100469576,0.00021644342997623601
8,8,uniform,0.0009349446799999994,0.00012523133546188294
8,8,uniform,0.0008578258600000002,0.00015923211488854186
8,8,uniform,0.0008519997600000001,0.00012189672567769999
8,8,uniform,0.0008834026399999996,0.00015469435657220623
8,8,uniform,0.00093476876,0.00017390356057248764
8,8,uniform,0.0009066590199999995,0.00013879571178138035
8,8,uniform,0.0008564397800000005,0.00009377630906346586
8,8,uniform,0.0008303675000000003,0.000137966507013518
8,8,uniform,0.0008688154399999995,0.00011417767051398452
8,8,uniform,0.00075088916,0.00015256539257457223
8,8,uniform,0.0009486376800000001,0.00017896585929354737
8,8,uniform,0.0008888894400000005,0.00011061467440368537
8,8,uniform,0.0008788154199999988,0.00006887842604352496
8,8,uniform,0.0008390079199999997,0.0002819064818788118
8,8,uniform,0.0008622191800000005,0.00006851798258819036
8,8,uniform,0.0008883701400000003,0.00009914443981882638
8,8,uniform,0.0014215911400000006,0.0003547404899004968
8,8,uniform,0.0005255040600000007,0.00013366974957192902
8,8,uniform,0.0008962514800000003,0.00016827396250641727
8,8,uniform,0.0009088771400000013,0.00010688733168200994
8,8,uniform,0.0015534897800000007,0.0005353792257345254
8,8,uniform,0.0009411820600000002,0.0001681344619914536
8,8,uniform,0.0008548951400000001,0.00009657943610204452
8,8,uniform,0.0009097124999999998,0.00011509005579327869
8,8,uniform,0.0009187057400000011,0.00011392391714044174
8,8,uniform,0.0011876768599999997,0.00042023021679503245
8,8,uniform,0.0008327969799999998,0.00011347506082566732
8,8,uniform,0.0008083061000000011,0.00011931197644760281
8,8,uniform,0.00082131906,0.00017455321661519478
8,8,uniform,0.00087867416,0.00010512212555330315
8,8,uniform,0.0008870299200000005,0.00019998589460203873
8,8,uniform,0.0009293854199999996,0.00017664033599266058
8,8,uniform,0.0008730159400000001,0.00012457389367029426
8,8,uniform,0.0009638444800000008,0.00017517719872634999
8,8,uniform,0.0009071597799999997,0.0001302958372663703
8,8,uniform,0.0012103414600000007,0.00031348653264720426
8,8,uniform,0.0008773377199999998,0.0001327786775157986
8,8,uniform,0.0008654555200000004,0.0001769879367193645
8,8,uniform,0.000714321540000001,0.00018985769701837806
8,8,uniform,0.0015219319999999997,0.0006957474772229104
8,8,uniform,0.0009295679599999999,0.00020567867086047922
8,8,uniform,0.000863571139999999,0.00006592105080919818
8,8,uniform,0.0009476795399999995,0.00019925544447046403
8,8,uniform,0.0008912521800000005,0.00009225059393033737
8,8,uniform,0.0008486132800000002,0.0001428631515090967
8,8,uniform,0.0008819483800000003,0.0001116621765595276
8,8,uniform,0.00092672964,0.00025264859747667963
8,8,uniform,0.0009122476599999999,0.0001748574222859553
8,8,uniform,0.0008410037599999997,0.00007311402929366948
8,8,uniform,0.0008753004999999994,0.00015459924956196344
8,8,uniform,0.0009765745399999998,0.00020791602680369142
8,8,uniform,0.00056979018,0.00015007895174685003
8,8,uniform,0.0008534699199999999,0.00010175413330447293
8,8,uniform,0.0008419010599999999,0.00008326942332433116
8,8,uniform,0.0009057142400000001,0.00019163793099615984
8,8,uniform,0.0008546609200000005,0.00012406298027699936
8,8,uniform,0.0009491491999999994,0.00014223407914971253
8,8,uniform,0.0008758354000000001,0.0001674954349361333
8,8,uniform,0.0010109594599999998,0.00034121106802911116
8,8,uniform,0.0008122655999999997,0.0001501025072240079
8,8,uniform,0.0008077045800000002,0.00008066279515916182
8,8,uniform,0.0009798815,0.0002356669754779683
8,8,uniform,0.0009239081800000003,0.00011901881128763727
8,8,uniform,0.0007974968199999995,0.0001050493014094917
8,8,uniform,0.0008533897799999999,0.00009756241528836802
8,8,uniform,0.0009146563600000004,0.0001232598415680378
8,8,uniform,0.0008960077799999997,0.0001238023341846456
8,8,uniform,0.0010071755400000001,0.0002526389242402857
8,8,uniform,0.0009004060999999997,0.00015326044389719963
8,8,uniform,0.0009296107999999996,0.00013312151080577137
8,8,uniform,0.0007802726200000002,0.0001825834998620571
8,8,uniform,0.0009401040600000007,0.00014449869855857604
8,8,uniform,0.0008762623800000008,0.0001477455186567618
8,8,uniform,0.0009838062200000005,0.0001427738043379184
8,8,uniform,0.0009662278,0.0002628614508324364
8,8,uniform,0.0010258762600000005,0.00020277790953443514
8,8,uniform,0.00091866818,0.0000708230434436577
8,8,uniform,0.0008861180599999997,0.00011357092915765602
8,8,uniform,0.0011654153800000004,0.0007000977764952549
8,8,uniform,0.0008509249400000006,0.0001642427371078145
8,8,uniform,0.0010202866200000001,0.00011349795211099135
8,8,uniform,0.0012504618999999995,0.000409463488621174
8,8,uniform,0.0006924046,0.00007172395042692818
8,8,uniform,0.0008700742400000003,0.00013947033942937278
8,8,uniform,0.0009101890399999997,0.0001464006529917131
8,8,uniform,0.0011389406200000005,0.0003751456595147041
8,8,uniform,0.00095368662,0.00020094626436496226
8,8,uniform,0.001034275839999999,0.0002092533656802203
8,8,uniform,0.0009434716200000002,0.00014508105728718224
8,8,uniform,0.0008450134799999999,0.00012202442128707041
8,8,uniform,0.000792843519999999,0.00010042902997645208
8,8,uniform,0.0008935563399999999,0.0001930869359956229
8,8,uniform,0.0009063059800000002,0.00015977890611564192
8,8,uniform,0.0008484489799999998,0.00015846883224715765
8,8,intrel,0.0009248714799999993,0.00013265359990156486
8,8,intrel,0.0009038360800000006,0.00016171531899895366
8,8,intrel,0.0008874317200000002,0.00017005955763189427
8,8,intrel,0.0009056727399999992,0.0002509503653703479
8,8,intrel,0.0008476550400000005,0.00010527106313618289
8,8,intrel,0.0008444442400000005,0.0001291426192245526
8,8,intrel,0.0013766933799999998,0.0005537493223871851
8,8,intrel,0.0008620626800000003,0.00010214023660112274
8,8,intrel,0.0009620039200000001,0.00015376387601011998
8,8,intrel,0.0008965176599999996,0.00011446407343674843
8,8,intrel,0.0009327174400000006,0.0002486076148083786
8,8,intrel,0.0008999176400000003,0.0001355731665872712
8,8,intrel,0.00097169436,0.00017262617815270987
8,8,intrel,0.0008552670000000007,0.00020386304453071756
8,8,intrel,0.0009562281399999997,0.00009706440370124259
8,8,intrel,0.0009272865399999998,0.00027117630869184236
8,8,intrel,0.0008910830000000003,0.00007327535375220727
8,8,intrel,0.0008619242000000004,0.00009286888033069946
8,8,intrel,0.0007690028400000005,0.0001677727337130997
8,8,intrel,0.00091661602,0.00012060308449234072
8,8,intrel,0.0008734048200000003,0.00013374952934845546
8,8,intrel,0.0008031441400000002,0.00009858904607285515
8,8,intrel,0.0008973500799999993,0.00013109531580109523
8,8,intrel,0.0008457355,0.00013993382225259993
8,8,intrel,0.0009009854400000002,0.00012087674133453282
8,8,intrel,0.0009424087399999999,0.00020472969289729863
8,8,intrel,0.0008577277600000001,0.00010852196389000911
8,8,intrel,0.0011604937600000003,0.0005357767269572902
8,8,intrel,0.0007744494799999995,0.0001167204883923317
8,8,intrel,0.0007697083800000006,0.0001450987244213784
8,8,intrel,0.0008263870800000007,0.00008558206717167902
8,8,intrel,0.0007892382199999996,0.00010470799977100338
8,8,intrel,0.0009406667600000008,0.0000926037862496873
8,8,intrel,0.0008785938800000006,0.00013059651772777953
8,8,intrel,0.0009310717199999998,0.00015049356627355647
8,8,intrel,0.0008296473799999999,0.00008463406202266054
8,8,intrel,0.0008331581999999997,0.00011181796369476796
8,8,intrel,0.0007220885200000003,0.00013100271811022343
8,8,intrel,0.0009095793399999993,0.00025973971439716777
8,8,intrel,0.0008770337799999999,0.0001276468444343394
8,8,intrel,0.00092117226,0.00021570085136183914
8,8,intrel,0.0009158643599999992,0.00008037652866049337
8,8,intrel,0.0009942007600000006,0.00014044401549723957
8,8,intrel,0.0008539341799999997,0.000152107055515369
8,8,intrel,0.0008760324800000001,0.00014724673010551602
8,8,intrel,0.0010265461799999994,0.0002997831238814154
8,8,intrel,0.0005836365000000004,0.00020490265292542645
8,8,intrel,0.0009778278799999999,0.0003133224310096905
8,8,intrel,0.0010894767200000006,0.00044690863513624843
8,8,intrel,0.0006840973400000004,0.0001711673178891864
8,8,intrel,0.0008251573800000004,0.00012830656345626113
8,8,intrel,0.00081770366,0.00007748928539553777
8,8,intrel,0.0008885702600000004,0.00010550949540649574
8,8,intrel,0.0009200418999999998,0.00011033313601895756
8,8,intrel,0.0008200222600000005,0.00008938450809993124
8,8,intrel,0.0008974987799999993,0.0001220439039335162
8,8,intrel,0.0007979335599999986,0.00014259986273080504
8,8,intrel,0.00089735756,0.00009651668111005476
8,8,intrel,0.00086397582,0.00017776020640067653
8,8,intrel,0.0008310261600000002,0.00010791802571216313
8,8,intrel,0.0008507846999999999,0.0001482195477759259
8,8,intrel,0.0008758845000000001,0.00015298871041576165
8,8,intrel,0.0011936806400000002,0.00028883688051541785
8,8,intrel,0.0008644836000000008,0.0000988292705139638
8,8,intrel,0.0007742733599999999,0.00010181513464886576
8,8,intrel,0.0008740212600000005,0.0001221990347308667
8,8,intrel,0.0008575396599999997,0.00010773600525610946
8,8,intrel,0.0014706224200000005,0.0004400718549713849
8,8,intrel,0.00083314546,0.00014068742614683886
8,8,intrel,0.0009321171200000003,0.00011700419461597666
8,8,intrel,0.0009664169800000004,0.0001941175635962507
8,8,intrel,0.0006593257599999999,0.00015567450023476706
8,8,intrel,0.0008538365800000007,0.00015555257174791073
8,8,intrel,0.0008234907999999999,0.00009212921082431517
8,8,intrel,0.0009276357199999998,0.00011006650509194678
8,8,intrel,0.0008857313200000005,0.00008499526986845276
8,8,intrel,0.0008937495600000001,0.000191110146148352
8,8,intrel,0.0009011610000000005,0.00019005186863111292
8,8,intrel,0.0008581022000000001,0.00010987522605012774
8,8,intrel,0.0016369667600000001,0.0004914909868795946
8,8,intrel,0.0010866920400000003,0.0002900711481191582
8,8,intrel,0.0009818115,0.00017784348157488876
8,8,intrel,0.0009113674400000004,0.0001678209907068308
8,8,intrel,0.0009579419799999996,0.0001069406423971833
8,8,intrel,0.0008609956800000006,0.000133480444272893
8,8,intrel,0.0008923746799999995,0.0001016074532048052
8,8,intrel,0.0009288521200000004,0.0001749527310910642
8,8,intrel,0.0009317061799999999,0.00029910621239450877
8,8,intrel,0.00079488384,0.00008997635878934477
8,8,intrel,0.0009292413800000004,0.000103938680598012
8,8,intrel,0.0010937350199999995,0.00024633464111687125
8,8,intrel,0.0007428488799999997,0.00008788481327788609
8,8,intrel,0.0009098185799999998,0.000203967462651413
8,8,intrel,0.0008242915000000004,0.0001019800740711962
8,8,intrel,0.00083923458,0.00009027624713739006
8,8,intrel,0.0009249594399999992,0.0002552348342889348
8,8,intrel,0.000979269459999999,0.0002081619582841955
8,8,intrel,0.0008377636799999997,0.00008683010951590723
8,8,intrel,0.0007489308999999995,0.00013133997736413357
8,8,intrel,0.0008659454000000007,0.00013031410778580762
9,8,uniform,0.0008648240400000003,0.0002620303268975009
9,8,uniform,0.0008651220399999996,0.0001639979852081185
9,8,uniform,0.0009242103799999999,0.0001213161759539922
9,8,uniform,0.0008142298999999998,0.0001183235722314028
9,8,uniform,0.0009444791000000006,0.00009588438839097378
9,8,uniform,0.00114113518,0.00021758539300056686
9,8,uniform,0.0009597388200000004,0.0003082747252742808
9,8,uniform,0.0009448993000000007,0.0004953603465691079
9,8,uniform,0.0008134040199999996,0.0001337106453455038
9,8,uniform,0.0008501241800000003,0.0000945527938241677
9,8,uniform,0.0006734471200000001,0.00015335700289788597
9,8,uniform,0.0009767660200000006,0.00017681124382123187
9,8,uniform,0.000935725520000001,0.0001928004692617907
9,8,uniform,0.0009062612799999998,0.00014629163071561323
9,8,uniform,0.0008746005599999995,0.00016544350918076071
9,8,uniform,0.0008505755999999998,0.00014114499882587257
9,8,uniform,0.0008970691200000002,0.0001925806181214622
9,8,uniform,0.0009845415799999992,0.0002377538313031874
9,8,uniform,0.0008616814599999998,0.00017951474352279688
9,8,uniform,0.0016111585799999998,0.0016685078319828303
9,8,uniform,0.0009035063200000006,0.00009556315893574143
9,8,uniform,0.0008430604800000001,0.00009293342644160809
9,8,uniform,0.0008859474400000001,0.00020582696230248042
9,8,uniform,0.0006894951600000014,0.00010926387944813029
9,8,uniform,0.0008155955799999996,0.00011383109334858083
9,8,uniform,0.0008705611599999996,0.00012317377879799652
9,8,uniform,0.0009228231199999999,0.00012477535876125552
9,8,uniform,0.0006538264599999998,0.00009951488801899607
9,8,uniform,0.0008372603199999995,0.00011784952204065627
9,8,uniform,0.0009458811200000004,0.00011925750244766808
9,8,uniform,0.0008200879000000005,0.00018315958074725743
9,8,uniform,0.0009076447999999997,0.0001264486927282279
9,8,uniform,0.0009145286400000001,0.00013094332924356582
9,8,uniform,0.0008782631999999999,0.00013741172861004262
9,8,uniform,0.0008929753600000007,0.00010878361448898859
9,8,uniform,0.0008284523600000007,0.00007422432371160041
9,8,uniform,0.0008866406000000006,0.000118376273821892
9,8,uniform,0.0008867002600000007,0.00018750285278410503
9,8,uniform,0.0009501927599999998,0.00013153012842454675
9,8,uniform,0.0009370621,0.0001199424392996722
9,8,uniform,0.0017561589199999994,0.000552501843031818
9,8,uniform,0.0009483424000000006,0.00021316435587697219
9,8,uniform,0.0011818993800000008,0.00032396609152509227
9,8,uniform,0.000949313320000001,0.0002395799898641139
9,8,uniform,0.0008505195399999997,0.0001019002160569621
9,8,uniform,0.0008470706799999998,0.00008432131627062699
9,8,uniform,0.0008920420000000007,0.00015349814949666338
9,8,uniform,0.0008808423999999993,0.0001262285919789526
9,8,uniform,0.0010254566799999993,0.0002887972924416979
9,8,uniform,0.0008875212000000006,0.0001352272071152022
9,8,uniform,0.0008619443400000003,0.00010098044716263975
9,8,uniform,0.0010407576800000001,0.0002564481893019199
9,8,uniform,0.0009280372600000001,0.00012077651243442256
9,8,uniform,0.0013970422199999998,0.0005808195817914544
9,8,uniform,0.0008500388600000003,0.00016807154949832127
9,8,uniform,0.0008722683999999994,0.0001528818877085982
9,8,uniform,0.0008890238800000003,0.00015028911089367422
9,8,uniform,0.0009662468200000004,0.00017152420748765078
9,8,uniform,0.0007284194800000001,0.0001303985481466978
9,8,uniform,0.0007657431599999992,0.0001223042659212852
9,8,uniform,0.0008726826600000001,0.00014178863577722533
9,8,uniform,0.0009793946,0.00014257968857433925
9,8,uniform,0.0009167404400000006,0.00014155319232794902
9,8,uniform,0.0009909338599999999,0.0001372149365745419
9,8,uniform,0.0009041313999999995,0.00022880189327210556
9,8,uniform,0.0008860289000000001,0.0001066714324716583
9,8,uniform,0.00085064022,0.0001012404703789174
9,8,uniform,0.0011725611600000004,0.0004499019476991749
9,8,uniform,0.0013341836000000005,0.000439105126669242
9,8,uniform,0.0007626650999999994,0.00009723772770986465
9,8,uniform,0.0008244296000000005,0.00009391021839495891
9,8,uniform,0.0006450820799999994,0.00009218616682736204
9,8,uniform,0.0009705044000000003,0.00013619330823681788
9,8,uniform,0.0009291424200000006,0.00015749487488257445
9,8,uniform,0.0008943329400000005,0.00005577224270678421
9,8,uniform,0.0009976550399999995,0.00025909130222609005
9,8,uniform,0.0009316945600000004,0.0002239895942642575
9,8,uniform,0.0009228154200000002,0.0001305032389697666
9,8,uniform,0.0009082862199999997,0.000128106778989508
9,8,uniform,0.0009519653399999997,0.00019285583380422333
9,8,uniform,0.0008767685000000004,0.00010489131362531621
9,8,uniform,0.0008634243199999996,0.00010259115376250633
9,8,uniform,0.0008146136799999992,0.00012057668297629796
9,8,uniform,0.0012703774200000014,0.0003930066277292564
9,8,uniform,0.0009412176399999989,0.00011214497013444502
9,8,uniform,0.0007685741599999997,0.0001261630967546462
9,8,uniform,0.0009037323999999999,0.00014041056164868797
9,8,uniform,0.0009114084199999997,0.0001732045771713644
9,8,uniform,0.0008964254200000004,0.00009945130261640613
9,8,uniform,0.0007548987000000002,0.00010296123983022822
9,8,uniform,0.0008780003600000006,0.00009210453916459396
9,8,uniform,0.00093262774,0.0001443139013641598
9,8,uniform,0.0008845266399999996,0.00015885444937622058
9,8,uniform,0.0009391580400000003,0.0001463967205781756
9,8,uniform,0.0008827997400000006,0.00014664627153198728
9,8,uniform,0.0008584385599999997,0.00015338546497428558
9,8,uniform,0.0009260300200000001,0.00013910082817666233
9,8,uniform,0.00090892702,0.00011083214208402423
9,8,uniform,0.0009675164799999997,0.00013158807017591762
9,8,uniform,0.0009737001400000004,0.00010492447995947693
9,8,intrel,0.0008366948200000011,0.00015904442283281185
9,8,intrel,0.0015462132199999996,0.0005245778248962578
9,8,intrel,0.0007960174000000006,0.00018861893038610937
9,8,intrel,0.00091334776,0.00010367928641563633
9,8,intrel,0.0011458055,0.0003570501227324938
9,8,intrel,0.0009001670400000002,0.00014284988464445238
9,8,intrel,0.000859428080000001,0.0001222280223620772
9,8,intrel,0.0008821521800000002,0.00012147103520634053
9,8,intrel,0.0009075602000000002,0.00018366974437421344
9,8,intrel,0.0009362809199999987,0.0001702252783657912
9,8,intrel,0.0009502848599999995,0.0001957487988600866
9,8,intrel,0.0009268924199999997,0.0001782234360172334
9,8,intrel,0.0009721682799999999,0.00019440656574486135
9,8,intrel,0.0009301430400000003,0.00012605620416398922
9,8,intrel,0.0008560728999999996,0.00012178584005854982
9,8,intrel,0.0009550928200000002,0.0001035117221274426
9,8,intrel,0.001152821799999999,0.0003558023788958634
9,8,intrel,0.0007065738800000009,0.00009195300545320837
9,8,intrel,0.000864662519999999,0.00012964566742681548
9,8,intrel,0.0013006648400000005,0.00034767697110258343
9,8,intrel,0.0009415259199999998,0.0001784123845567093
9,8,intrel,0.0008949346399999998,0.00012899783299454639
9,8,intrel,0.0009064281399999999,0.0001223145167836227
9,8,intrel,0.0009019190600000002,0.00014263851678051213
9,8,intrel,0.0008534632599999998,0.00012090640985604427
9,8,intrel,0.0008923201600000007,0.00007946194302543682
9,8,intrel,0.0009811688799999997,0.00011096185327304555
9,8,intrel,0.0008495848599999998,0.0001338526318682021
9,8,intrel,0.0008687909199999996,0.00010830903137478628
9,8,intrel,0.0010766280199999998,0.00040351192059445056
9,8,intrel,0.0006228746799999999,0.000287501580370613
9,8,intrel,0.0008897618799999998,0.00011698017991100505
9,8,intrel,0.0006119492200000003,0.00013754346632331664
9,8,intrel,0.0009329830600000002,0.0001394767591432748
9,8,intrel,0.0008368765999999996,0.00015009475406644522
9,8,intrel,0.0009170780199999996,0.00026022326473722516
9,8,intrel,0.0009097738999999992,0.00013644138739318714
9,8,intrel,0.0008577292999999998,0.00011811466577492496
9,8,intrel,0.0009006164600000001,0.0001489073163708442
9,8,intrel,0.0009106272799999998,0.00011864164852679492
9,8,intrel,0.00085037164,0.00012086491620928624
9,8,intrel,0.0013468965400000006,0.0005114125637452062
9,8,intrel,0.00093116954,0.00007303807960691913
9,8,intrel,0.0009456767200000009,0.00021975337119196453
9,8,intrel,0.0008548718400000005,0.00012989394504252743
9,8,intrel,0.0008449375200000003,0.00008113592574987302
9,8,intrel,0.0010459129199999998,0.0002685194235478858
9,8,intrel,0.0008480084000000003,0.00009328412740326667
9,8,intrel,0.0008174901999999998,0.00017875884772834797
9,8,intrel,0.0008077691199999999,0.00011919338491716364
9,8,intrel,0.0007611742600000002,0.00015548926028707648
9,8,intrel,0.0009117485199999998,0.00015384324654805115
9,8,intrel,0.0009303028599999995,0.00010551816413411174
9,8,intrel,0.0009425423600000003,0.0001223080046632726
9,8,intrel,0.0008790460999999999,0.00020434433429029645
9,8,intrel,0.0009195799999999997,0.00009021665065730504
9,8,intrel,0.0009190892600000004,0.00022650284814201447
9,8,intrel,0.0009144811200000006,0.00010354230455572789
9,8,intrel,0.0010493604399999996,0.00031416758290858426
9,8,intrel,0.0008311676800000008,0.00007622223337466722
9,8,intrel,0.0008993241200000001,0.00009446536998645467
9,8,intrel,0.0009012232600000003,0.0001747870178360256
9,8,intrel,0.0012419889200000003,0.0003809429454063955
9,8,intrel,0.0006664091800000002,0.00011254513179663616
9,8,intrel,0.0008283058800000007,0.00010467447770646971
9,8,intrel,0.000833601360000001,0.00011415622750209957
9,8,intrel,0.0010508700800000003,0.00037982278038236315
9,8,intrel,0.0010328577400000004,0.00023849072875397066
9,8,intrel,0.0009403247400000005,0.0001358120207504557
9,8,intrel,0.0008750442999999996,0.00008965493455688868
9,8,intrel,0.0009145376000000005,0.00017143979489332882
9,8,intrel,0.0009311152199999999,0.00010814081313135716
9,8,intrel,0.00104211264,0.00029950112643203127
9,8,intrel,0.0009675542000000013,0.00016019534656093419
9,8,intrel,0.0008159990199999995,0.0001135628953165015
9,8,intrel,0.0009630705799999999,0.0001627031051267239
9,8,intrel,0.0008516358800000004,0.00008124996748689948
9,8,intrel,0.0008994670199999999,0.00011032283499620555
9,8,intrel,0.0009332277599999994,0.00008472297797469123
9,8,intrel,0.0008128321999999997,0.0001364353954409273
9,8,intrel,0.0011001070999999995,0.0003944761931013498
9,8,intrel,0.0007972958999999998,0.0001388056802936713
9,8,intrel,0.0009372848600000001,0.00022047739032404214
9,8,intrel,0.0009115096599999998,0.0001248631747486914
9,8,intrel,0.0009621349800000001,0.0002481493033127883
9,8,intrel,0.0008893988199999998,0.0001629025773578252
9,8,intrel,0.0008301964200000012,0.00012062929233302603
9,8,intrel,0.0010076090600000004,0.000202643556778892
9,8,intrel,0.0009591058200000005,0.0000967285680809392
9,8,intrel,0.0009517952599999997,0.00010740247525370272
9,8,intrel,0.0008635857800000001,0.00010627602716176815
9,8,intrel,0.001968328539999999,0.0008095153214520746
9,8,intrel,0.0006718827400000007,0.00020193251279232433
9,8,intrel,0.0009249539799999994,0.00036422601109508003
9,8,intrel,0.0009525666800000001,0.00009381435522165867
9,8,intrel,0.0009619904999999998,0.00012794416125312897
9,8,intrel,0.0009276144400000004,0.00009650286361001588
9,8,intrel,0.0009431698800000003,0.00013999167072349528
9,8,intrel,0.0009296223999999999,0.00017323205912048227
10,8,uniform,0.0010012464999999992,0.00017571711860955513
10,8,uniform,0.0010076198600000006,0.00020921658109478066
10,8,uniform,0.0008662733000000001,0.0000863654016985068
10,8,uniform,0.0009837895200000008,0.0001450062084355165
10,8,uniform,0.0009130011199999998,0.00012872426062198906
10,8,uniform,0.0011448667399999999,0.00043196474817158926
10,8,uniform,0.00099467438,0.0002507930688894509
10,8,uniform,0.0008851447599999999,0.00011043842786161181
10,8,uniform,0.0009489754000000013,0.00019619349003269996
10,8,uniform,0.0008951179399999997,0.00010371055628880467
10,8,uniform,0.0009625975799999997,0.00014262086627621413
10,8,uniform,0.0008785567600000006,0.00015016746026960117
10,8,uniform,0.0008178997799999997,0.0002906988299297058
10,8,uniform,0.0012436652200000014,0.0006252493803142427
10,8,uniform,0.0009494926999999995,0.00018589788448204574
10,8,uniform,0.0009340667400000006,0.00016218388358773509
10,8,uniform,0.0009791898600000006,0.00012297392165139015
10,8,uniform,0.0010483082800000004,0.00022518599369202927
10,8,uniform,0.0010277067199999993,0.00023246818107670387
10,8,uniform,0.0008355915200000001,0.00012077973821134073
10,8,uniform,0.0008740987199999997,0.00010453934817777156
10,8,uniform,0.0009760912000000004,0.0001946689106739669
10,8,uniform,0.0009113370200000002,0.00018235967234390884
10,8,uniform,0.0009104186000000001,0.00015210068165235515
10,8,uniform,0.0008655817800000002,0.00010354530333337193
10,8,uniform,0.0006831939000000002,0.00009902188016797102
10,8,uniform,0.0008973400199999996,0.0001322875681907495
10,8,uniform,0.0010070121599999998,0.00007338216374758776
10,8,uniform,0.0009602241000000004,0.00010548053066319335
10,8,uniform,0.001041170919999999,0.00025900144301273264
10,8,uniform,0.0008840250000000012,0.00008242856045145997
10,8,uniform,0.0009747751800000006,0.00015959026875237589
10,8,uniform,0.0009140021200000001,0.00011407517560709205
10,8,uniform,0.0009290166800000005,0.00013918023745588946
10,8,uniform,0.0008822371399999998,0.0001028945348900191
10,8,uniform,0.0009898728000000004,0.00021529811889328923
10,8,uniform,0.0008784058600000014,0.00011600499636098048
10,8,uniform,0.00098686564,0.00020835956192028038
10,8,uniform,0.0008855307400000006,0.00009499537413556287
10,8,uniform,0.0009809826600000002,0.00008168500946392937
10,8,uniform,0.0009227376400000002,0.00010475609185897812
10,8,uniform,0.0008602795999999996,0.00008286833451231202
10,8,uniform,0.0008380026200000007,0.00012589015326726534
10,8,uniform,0.0008093501999999999,0.0001181284969869676
10,8,uniform,0.0008795087200000002,0.00018028739424932384
10,8,uniform,0.0008301529600000003,0.00015985842118227268
10,8,uniform,0.0009159404000000003,0.0001166818298024827
10,8,uniform,0.0009315053800000004,0.00012027910123006044
10,8,uniform,0.0009020741399999998,0.00014938625435832812
10,8,uniform,0.00098147082,0.00012745684439234938
10,8,uniform,0.0008818166199999995,0.00007582929541549966
10,8,uniform,0.0008798682800000002,0.00010994331423606944
10,8,uniform,0.0008563154400000012,0.0001181153278500392
10,8,uniform,0.0011408836199999993,0.00009815062485814568
10,8,uniform,0.0019552507,0.00023161318307732628
10,8,uniform,0.0010525859799999997,0.0004212601368626175
10,8,uniform,0.0008256431800000002,0.0002206537096241529
10,8,uniform,0.00091066466,0.00017506698891770294
10,8,uniform,0.0009320471999999993,0.00011816877807088749
10,8,uniform,0.0009316888199999991,0.00015266466107565453
10,8,uniform,0.00099937084,0.00018990562368798416
10,8,uniform,0.0009250407799999997,0.00011759516955480032
10,8,uniform,0.0010229243599999994,0.00027443671393188884
10,8,uniform,0.0008831399000000003,0.00009991351722120046
10,8,uniform,0.0008991560800000002,0.00011841006076925134
10,8,uniform,0.0009086299800000001,0.00009829382483463658
10,8,uniform,0.0010141555600000005,0.00019434076817764667
10,8,uniform,0.0008195663200000005,0.00009497220634299048
10,8,uniform,0.0009337394399999994,0.00015872859424382943
10,8,uniform,0.0009451584799999996,0.00010088759733507608
10,8,uniform,0.0009459260599999998,0.00010798936282291887
10,8,uniform,0.0009164616,0.00013944589621131838
10,8,uniform,0.0008839519199999995,0.00016779108935207365
10,8,uniform,0.0008291197799999994,0.00028364487295914773
10,8,uniform,0.0009041696400000002,0.0001319871639609532
10,8,uniform,0.0013327745800000008,0.0004076693515584659
10,8,uniform,0.0010888524999999995,0.00046516192039653114
10,8,uniform,0.0008398352999999997,0.00011661133076811663
10,8,uniform,0.0009216603200000008,0.00009839706856880107
10,8,uniform,0.00112586234,0.00021292618819508522
10,8,uniform,0.0008796230799999998,0.00008950867522921396
10,8,uniform,0.0008842124800000001,0.0001352673062142348
10,8,uniform,0.0009462243599999996,0.00012364396071377245
10,8,uniform,0.0009215339800000006,0.00010799828642575766
10,8,uniform,0.0010091561399999996,0.00019908509625182896
10,8,uniform,0.0009372588999999997,0.00009058748396801607
10,8,uniform,0.0012089048199999998,0.0005772817797273799
10,8,uniform,0.0009165295400000002,0.00010289157429471296
10,8,uniform,0.0008988225599999994,0.00010057904961085198
10,8,uniform,0.0008817330800000005,0.0001325356673484958
10,8,uniform,0.00090100026,0.0000812300773212183
10,8,uniform,0.0009408823400000006,0.00013254282647192443
10,8,uniform,0.0009177277600000002,0.00013624320563430348
10,8,uniform,0.0010022553799999992,0.00012902887801526357
10,8,uniform,0.0009343351599999996,0.0001673319396928685
10,8,uniform,0.0009500908000000006,0.00012430307944518327
10,8,uniform,0.0009223946400000006,0.00007067134598532683
10,8,uniform,0.0008612910600000004,0.00008969364192603377
10,8,uniform,0.0009409004200000001,0.0001640580212465835
10,8,uniform,0.0009280514199999995,0.00024219855253051743
10,8,intrel,0.0009842670399999994,0.00029130196525913325
10,8,intrel,0.0009446131999999996,0.00011639601052078868
10,8,intrel,0.0008819682200000012,0.0001329011539672332
10,8,intrel,0.0010665630400000002,0.00027728549703599727
10,8,intrel,0.0009383021000000009,0.0002773866444193615
10,8,intrel,0.0009450556399999996,0.0001292639964252743
10,8,intrel,0.0009474900400000012,0.00018906411438054553
10,8,intrel,0.0008719774600000002,0.00023479226606598454
10,8,intrel,0.0008919978799999999,0.00014092768485590202
10,8,intrel,0.00101556784,0.0001444948054635722
10,8,intrel,0.0009118341000000001,0.0001270270885310601
10,8,intrel,0.0008947489200000011,0.0001043517456697406
10,8,intrel,0.0009023322,0.00010614661800233358
10,8,intrel,0.0009416813999999999,0.00015483139350761885
10,8,intrel,0.0009746252199999992,0.00011893225448356917
10,8,intrel,0.0010778921000000005,0.00022796602138681402
10,8,intrel,0.0008813921400000005,0.0005544352055003561
10,8,intrel,0.0007145196200000007,0.00019556013318979695
10,8,intrel,0.0008792089400000005,0.0000958130911399318
10,8,intrel,0.0009234718400000001,0.00019804320117366094
10,8,intrel,0.0009534302200000001,0.00010304513832755259
10,8,intrel,0.0009854965600000001,0.00015876588495255105
10,8,intrel,0.0009510904200000006,0.00017795865712000517
10,8,intrel,0.0008664316999999998,0.00011995877127005851
10,8,intrel,0.0009685482200000002,0.00009429657529541808
10,8,intrel,0.0009363746600000002,0.00017256812637087866
10,8,intrel,0.0009614541400000013,0.00016488217591456705
10,8,intrel,0.0009131432999999994,0.00029172687064634806
10,8,intrel,0.0009972494800000002,0.00014160422374334588
10,8,intrel,0.00081838982,0.00011025319552763797
10,8,intrel,0.0009256740400000005,0.00012505948792425857
10,8,intrel,0.0009054952399999997,0.00006999724864315103
10,8,intrel,0.0010016652000000004,0.0002185389315471934
10,8,intrel,0.0009217840400000005,0.00016063714695562943
10,8,intrel,0.00100760304,0.00032257671397111116
10,8,intrel,0.0009970611599999994,0.0001987188465928965
10,8,intrel,0.0008440971400000002,0.00011679375097823806
10,8,intrel,0.0009792120199999996,0.00014109967522617957
10,8,intrel,0.00141477282,0.000334087225388221
10,8,intrel,0.0010552192999999995,0.0002961432048536465
10,8,intrel,0.00089349398,0.00016752080273503016
10,8,intrel,0.0012908512999999992,0.0004437802040217281
10,8,intrel,0.0009293170000000007,0.00012833396111140824
10,8,intrel,0.000931776239999999,0.0001678778065996548
10,8,intrel,0.0009330851000000004,0.00006391069658176679
10,8,intrel,0.0009224241,0.00015094873809523695
10,8,intrel,0.0009694074200000005,0.00011439527323689755
10,8,intrel,0.0017659036400000001,0.0005615091980289965
10,8,intrel,0.0008776172199999996,0.000098216453187222
10,8,intrel,0.0009192946399999999,0.00005623888943792466
10,8,intrel,0.0009050739999999993,0.00024830032225879665
10,8,intrel,0.0009171106599999993,0.0001970532422350196
10,8,intrel,0.0009007617000000003,0.00008596410555187161
10,8,intrel,0.0009128117400000002,0.00013557846079111858
10,8,intrel,0.0008694956399999997,0.00011528720812171655
10,8,intrel,0.0008606831799999996,0.00015677058645425517
10,8,intrel,0.0009316832599999998,0.0000883367756036207
10,8,intrel,0.0008594275199999991,0.0000858570478686002
10,8,intrel,0.00113663046,0.0002878667836939897
10,8,intrel,0.001017778019999999,0.00019981532590024778
10,8,intrel,0.0008814750599999999,0.00010795932632457267
10,8,intrel,0.0009726086000000002,0.0001522422998608906
10,8,intrel,0.0008903780599999999,0.00011295303357020167
10,8,intrel,0.0010317669000000007,0.000273136390469426
10,8,intrel,0.0009086491399999987,0.00013361173056933783
10,8,intrel,0.0006848207200000004,0.000147310173187394
10,8,intrel,0.0012309650199999998,0.00031533062951349613
10,8,intrel,0.0009439780599999994,0.00012584492816796394
10,8,intrel,0.0009352010999999999,0.00014906864514418268
10,8,intrel,0.0009531404400000001,0.00023043135479475116
10,8,intrel,0.0007845909999999992,0.00021041860451070704
10,8,intrel,0.0008595325399999999,0.0001474938101157318
10,8,intrel,0.0010147925799999999,0.00010597218329249324
10,8,intrel,0.0008644528399999995,0.00007504907077846552
10,8,intrel,0.0009365763000000006,0.00014186268105573864
10,8,intrel,0.0009110736600000003,0.00014909097397469186
10,8,intrel,0.0009324244000000001,0.00013343852988149013
10,8,intrel,0.0016164613999999993,0.00038864432887958963
10,8,intrel,0.00043747265999999964,0.00010749071511406615
10,8,intrel,0.0009242940399999993,0.0002154182058505681
10,8,intrel,0.0009445114999999992,0.00011938991169534477
10,8,intrel,0.0009257100199999991,0.00009403750271514026
10,8,intrel,0.0008612486200000009,0.000106561360871774
10,8,intrel,0.0009859227999999992,0.0001933366048287574
10,8,intrel,0.00100314524,0.0001864798148124588
10,8,intrel,0.0009259092000000002,0.00012028511152484515
10,8,intrel,0.0008807096400000002,0.00014651598459709285
10,8,intrel,0.0008810989200000004,0.0001424070435970622
10,8,intrel,0.0009302772999999993,0.00010314806690599897
10,8,intrel,0.0009528330400000005,0.00020582994007354173
10,8,intrel,0.0009055974400000004,0.00009070161391562999
10,8,intrel,0.0008726614599999996,0.00016891362856037798
10,8,intrel,0.0009763812199999992,0.00015506970369854825
10,8,intrel,0.0009069915399999996,0.00011214956187738266
10,8,intrel,0.0009063764400000007,0.0001469048319446225
10,8,intrel,0.0010803747999999999,0.00021909354042267993
10,8,intrel,0.0010102284400000004,0.00027550384506348855
10,8,intrel,0.0008722829400000005,0.00011045168035822525
10,8,intrel,0.0009154771999999997,0.00009131853504665238
10,8,intrel,0.0009643951600000007,0.00010675021753113408
11,8,uniform,0.0009428683799999997,0.00008580974758544493
11,8,uniform,0.0012476791400000005,0.0003351220761534188
11,8,uniform,0.0009447752399999998,0.00018920030597112324
11,8,uniform,0.00119737848,0.0004405495007926149
11,8,uniform,0.0009355700199999997,0.0001048247027303202
11,8,uniform,0.0009091854999999999,0.00012149915365251642
11,8,uniform,0.0009722747599999994,0.00014303775456135886
11,8,uniform,0.0009535619800000002,0.00010142794005247713
11,8,uniform,0.0012459402200000005,0.0006738657524356103
11,8,uniform,0.0007914089000000005,0.00011827182546851779
11,8,intrel,0.0009738603200000005,0.00015796366481708518
11,8,intrel,0.0009748905400000004,0.0001971738760058407
11,8,intrel,0.0009721997800000003,0.00018177643424459008
11,8,intrel,0.0010394374000000004,0.0002778520014840835
11,8,intrel,0.0009312955599999999,0.00018758363005159413
11,8,intrel,0.0009362776399999999,0.00007323653606173783
11,8,intrel,0.0009019168400000003,0.00010317659479121764
11,8,intrel,0.0010308409800000003,0.0002454786028798076
11,8,intrel,0.0009441828199999991,0.00009552941943139829
11,8,intrel,0.0009499048399999998,0.00017770662424284825
12,8,uniform,0.00097956164,0.00020410450230528703
12,8,uniform,0.0011431756800000005,0.00015715773705406795
12,8,uniform,0.0010751448199999999,0.00023152709871846294
12,8,uniform,0.00100462728,0.00009073793008004496
12,8,uniform,0.0011376255800000002,0.00012062170942804801
12,8,uniform,0.0011798692,0.00011804941430703212
12,8,uniform,0.0006422512600000008,0.00008441318367470806
12,8,uniform,0.0009790628999999998,0.00010249612908918391
12,8,uniform,0.0010012696200000005,0.0001284451908578129
12,8,uniform,0.0009545600600000004,0.00014919813053077368
12,8,intrel,0.0010216469599999996,0.00012843790406785854
12,8,intrel,0.000993122220000001,0.0001064735379151918
12,8,intrel,0.0009431774200000003,0.00018104006287268133
12,8,intrel,0.0008553456800000005,0.0001028073163471355
12,8,intrel,0.0008877945199999998,0.00019218095159363052
12,8,intrel,0.0009777591799999994,0.00020862641156619866
12,8,intrel,0.0009691519999999992,0.00019374073316861157
12,8,intrel,0.00110676568,0.0001878506188354045
12,8,intrel,0.0016179441000000003,0.0011456207391619816
12,8,intrel,0.0002558169600000006,0.00008004843293497037
13,8,uniform,0.0013981877599999997,0.0003537164913241645
13,8,uniform,0.0011107132000000007,0.00017954532957473448
13,8,uniform,0.00112783592,0.00020655982032288423
13,8,uniform,0.0011109714399999996,0.0001427290580151
13,8,uniform,0.00109869074,0.00012251101444160487
13,8,uniform,0.0010274934200000005,0.0001230638521023402
13,8,uniform,0.0010679299799999994,0.00007137585705856324
13,8,uniform,0.0015802071800000005,0.00039705825468396667
13,8,uniform,0.001038235299999999,0.00006181692127034841
13,8,uniform,0.0010884363400000007,0.0002633851285574247
13,8,intrel,0.0011854489599999998,0.00032278945220859086
13,8,intrel,0.0010668857400000001,0.0002379741875815761
13,8,intrel,0.0010438287200000003,0.00011584424900744968
13,8,intrel,0.0010835952200000001,0.00017193673506939178
13,8,intrel,0.00100623866,0.00011883011539149304
13,8,intrel,0.0009798501399999994,0.00010603059828412215
13,8,intrel,0.0009167316200000001,0.00015889640334748508
13,8,intrel,0.0009848910599999999,0.00015625589709223782
13,8,intrel,0.0011486938199999999,0.00018198380407473386
13,8,intrel,0.00117512406,0.00012548511300995921
14,8,uniform,0.0011569447999999999,0.00016910291599680412
14,8,uniform,0.0011357872400000006,0.0001240393258611961
14,8,uniform,0.0010513872200000004,0.00008795565558115706
14,8,uniform,0.0010835860399999997,0.00009242838055976093
14,8,uniform,0.0010059377999999993,0.00013549554535149846
14,8,uniform,0.0009277938600000006,0.000050626534488568564
14,8,uniform,0.0010535414800000005,0.00011331777423006308
14,8,uniform,0.0010699426799999994,0.00017181310647134383
14,8,uniform,0.0010666817799999998,0.00015442295318680234
14,8,uniform,0.0017131678,0.000508444495381409
14,8,intrel,0.00102213528,0.00014209339032172553
14,8,intrel,0.0009974618599999999,0.00012916864356340947
14,8,intrel,0.0010327918999999991,0.00018898955355436394
14,8,intrel,0.001259091140000001,0.00016116040731688552
14,8,intrel,0.0011371886800000002,0.00023948196085903607
14,8,intrel,0.0010890190800000004,0.00013223728179387735
14,8,intrel,0.0009998203799999994,0.00012907515236743972
14,8,intrel,0.0009947745199999996,0.00019485679671024512
14,8,intrel,0.0009361185599999998,0.00010433692739411319
14,8,intrel,0.0011180905400000008,0.0001223576019755663
15,8,uniform,0.0011875960999999996,0.00008195306095835867
15,8,uniform,0.0012179577000000007,0.00012173872948171525
15,8,uniform,0.00139144508,0.00010579843007152796
15,8,uniform,0.00111641212,0.0000847845597951393
15,8,uniform,0.0010807420800000003,0.00015144029676337066
15,8,uniform,0.0012500448199999994,0.00020027977852926976
15,8,uniform,0.00102105096,0.00014524432039417803
15,8,uniform,0.0012157511000000013,0.00007735131316281
15,8,uniform,0.0014039502800000003,0.00019270875831437108
15,8,uniform,0.00127407856,0.0002516096443730071
15,8,intrel,0.0010727806999999998,0.00017559591161556116
15,8,intrel,0.0010783747399999996,0.00010462632336744366
15,8,intrel,0.0010176264399999998,0.0001322991139894746
15,8,intrel,0.0011297789600000006,0.00015747399145541474
15,8,intrel,0.00127719294,0.00015521518405691573
15,8,intrel,0.00125833188,0.00028371749046466395
15,8,intrel,0.0014440390000000005,0.0007777594971036569
15,8,intrel,0.0011770495799999997,0.00013600262776807746
15,8,intrel,0.0010193468800000004,0.0001362116430500711
15,8,intrel,0.0016697092800000003,0.0006435147116346553
16,8,uniform,0.0009213686799999999,0.00013789996810123728
16,8,uniform,0.00222203854,0.0003878449951379632
16,8,uniform,0.0011126614199999997,0.00010338676072689382
16,8,uniform,0.00206215618,0.000201441229089253
16,8,uniform,0.0013463611600000006,0.00017936774130620288
16,8,uniform,0.0011935189199999995,0.00011531407374258834
16,8,uniform,0.0014205098400000005,0.00012140600835689957
16,8,uniform,0.0010616553999999996,0.0001706246878935362
16,8,uniform,0.0014630105599999991,0.00013906599493881388
16,8,uniform,0.00129529158,0.00012329000719392384
16,8,intrel,0.0013757720400000006,0.00016129289452700645
16,8,intrel,0.0011638840800000003,0.0001313645589417311
16,8,intrel,0.0011686648799999998,0.0001200923709524835
16,8,intrel,0.0013032019200000008,0.0002053909893435227
16,8,intrel,0.0012982431199999992,0.00015258177243945834
16,8,intrel,0.0014080707600000013,0.0001017159363456222
16,8,intrel,0.0008746794800000001,0.00010635756213646076
16,8,intrel,0.0011192784,0.00014594240779750527
16,8,intrel,0.00108739136,0.00012420641925529552
16,8,intrel,0.0011911377799999998,0.00020924493536257679
17,8,uniform,0.0014204792999999996,0.00022869598980123515
17,8,uniform,0.0012721696200000006,0.00013150963206024958
17,8,uniform,0.0021914860200000002,0.0002245185233762835
17,8,uniform,0.0013540635600000003,0.00010555702410340424
17,8,uniform,0.0013782055600000005,0.00014974450735970256
17,8,uniform,0.0014343657799999992,0.00018394206198075889
17,8,uniform,0.0014835804,0.00031072237962780655
17,8,uniform,0.0014869244000000011,0.0005748428450051853
17,8,uniform,0.0013103701600000006,0.00026988499798749686
17,8,uniform,0.0018093391000000003,0.0005843831226641285
17,8,intrel,0.0011212340599999994,0.0001631923307620661
17,8,intrel,0.0011484395599999997,0.00007484152916373808
17,8,intrel,0.0012024985800000005,0.00014128130264059086
17,8,intrel,0.00113510708,0.0002136562452029739
17,8,intrel,0.0011648997600000005,0.00018482890860495814
17,8,intrel,0.0013041521999999997,0.0001750456996539284
17,8,intrel,0.0012749206199999998,0.0001840109607876963
17,8,intrel,0.0010319705999999999,0.0001197674416303437
17,8,intrel,0.0013002829200000007,0.00021756983061355542
17,8,intrel,0.0013092739000000002,0.00010276482831748529
18,8,uniform,0.00204086206,0.000171218502149998
18,8,uniform,0.0016160551799999996,0.00015237395710349525
18,8,uniform,0.00142185096,0.0002293111786252472
18,8,uniform,0.0016928831399999997,0.00017285777181319403
18,8,uniform,0.0014726545000000005,0.00018749772661143282
18,8,uniform,0.0016087951600000003,0.00010772188582724403
18,8,uniform,0.00144600496,0.0001762650541383628
18,8,uniform,0.0014328731800000002,0.0000675237152746269
18,8,uniform,0.0015466151999999997,0.00006443296805388777
18,8,uniform,0.0015536663200000009,0.00014218849352668763
18,8,intrel,0.0013721174,0.00012741951193723122
18,8,intrel,0.00133683028,0.00009561514229921948
18,8,intrel,0.00112697886,0.00017104336878880227
18,8,intrel,0.00117182262,0.00012327159785724282
18,8,intrel,0.0010606308000000004,0.00007583097330254386
18,8,intrel,0.0011927272399999997,0.0001256772540058683
18,8,intrel,0.0011578988199999998,0.0001433656273257298
18,8,intrel,0.0011254443999999997,0.00021133799365198028
18,8,intrel,0.0013928531200000003,0.00016246724884808847
18,8,intrel,0.0026297793399999996,0.0005238895996571118
19,8,uniform,0.0011196859200000013,0.00015302740216430384
19,8,uniform,0.0019176637000000002,0.00012191307161963123
19,8,uniform,0.0013530666999999994,0.00011724676970655622
19,8,uniform,0.00192220176,0.00009396036058395396
19,8,uniform,0.0015188187600000003,0.0001440895257094236
19,8,uniform,0.00235251266,0.00009168995916335528
19,8,uniform,0.00181837396,0.00032983299832861537
19,8,uniform,0.0018598367600000006,0.00022658693854049839
19,8,uniform,0.00224710808,0.00015182130035834904
19,8,uniform,0.0016173523799999992,0.00025441081104483134
19,8,intrel,0.0016515897600000002,0.00015060872119801024
19,8,intrel,0.0012429176999999992,0.00013292997419844774
19,8,intrel,0.0010530789799999994,0.0001502219907996904
19,8,intrel,0.0013344650199999994,0.00017914955526924064
19,8,intrel,0.0013363052799999992,0.00029299192510755885
19,8,intrel,0.0014354450999999994,0.00041442944047213225
19,8,intrel,0.0013232316799999997,0.00014951576439500356
19,8,intrel,0.0012638055799999999,0.00014288714523022874
19,8,intrel,0.001119632239999999,0.00010383655391281473
20,8,uniform,0.00248018126,0.00010296603351720735
20,8,uniform,0.0025326900999999994,0.00013212268765561963
20,8,uniform,0.00248439852,0.00027288511044688964
20,8,uniform,0.0027677582000000004,0.0002034389737198302
20,8,uniform,0.0016693828200000003,0.00013777145008390606
20,8,uniform,0.006387928240000002,0.00009295209807356572
20,8,uniform,0.0016670460600000006,0.00019282569495563146
20,8,uniform,0.00352152478,0.00015538977366613005
20,8,uniform,0.0019818983000000007,0.00010143005485998709
20,8,uniform,0.00256975778,0.0008005724888076865
20,8,intrel,0.00157560204,0.0002663162348223548
20,8,intrel,0.0013923534400000002,0.00008598574509126497
20,8,intrel,0.0013286837,0.0001744289797081067
20,8,intrel,0.0015087336599999997,0.00014806602976003653
20,8,intrel,0.0014071126000000007,0.00018611336041348558
20,8,intrel,0.0013213433400000006,0.00015633142521081437
20,8,intrel,0.00137625102,0.00014671932166873355
20,8,intrel,0.0013357441199999993,0.00009053695144930231
20,8,intrel,0.0017732531000000003,0.0003772653781408756
20,8,intrel,0.0012337607200000004,0.00009478774198415937
21,8,uniform,0.0021826280800000004,0.00014710796785222447
21,8,uniform,0.002453954119999999,0.00019809693783064323
21,8,uniform,0.0022337369,0.00016000154659617097
21,8,uniform,0.0037348828200000003,0.00012121839576515533
21,8,uniform,0.0022321259400000007,0.0001800612676409215
21,8,uniform,0.0016477568200000004,0.00010340687197070936
21,8,uniform,0.00184511676,0.00014052946009878348
21,8,uniform,0.0022335555600000007,0.00021109269910802483
21,8,uniform,0.0022527219599999997,0.00011187042805500977
21,8,uniform,0.0021984021400000006,0.00023421067177612176
22,8,uniform,0.00197169102,0.0001631596943518494
22,8,uniform,0.00238456132,0.00019759822804716094
22,8,uniform,0.002657958920000001,0.00023213999388099142
22,8,uniform,0.003969722500000001,0.00009358629454032721
22,8,uniform,0.00291877826,0.00011732998910650819
22,8,uniform,0.006838493240000002,0.00010534029779934914
22,8,uniform,0.0030538729799999996,0.00018642150923231892
22,8,uniform,0.00195757914,0.00020203657411372602
22,8,uniform,0.003251045700000001,0.00042367399911068964
22,8,uniform,0.0020785762800000006,0.0001355115340774029
23,8,uniform,0.0026461937399999995,0.00014045801085294744
23,8,uniform,0.005298680580000001,0.00018087453828318547
23,8,uniform,0.00252971494,0.00020133781740892324
23,8,uniform,0.017647958780000004,0.00020289470965286944
23,8,uniform,0.008190328100000002,0.00011839698840651917
23,8,uniform,0.0033023655400000003,0.0001230832860622342
23,8,uniform,0.00805983804,0.00017886986363961751
23,8,uniform,0.0024407443400000007,0.0001678030924986187
23,8,uniform,0.0031856928800000003,0.00016270048603219086
23,8,uniform,0.0037407152199999995,0.00019738549821988224
24,8,uniform,0.0039001268800000002,0.0009413112250154097
24,8,uniform,0.0040532910000000005,0.00011405312970404994
24,8,uniform,0.0023150525199999994,0.0002273905408914364
24,8,uniform,0.0022638546200000006,0.00014433394033394292
24,8,uniform,0.021622579779999998,0.0003491517894568048
24,8,uniform,0.00272538092,0.0002138801226732189
24,8,uniform,0.00994275378,0.00024649379606817706
24,8,uniform,0.00654035716,0.0001373479426035693
24,8,uniform,0.00307354442,0.00009843476935339248
24,8,uniform,0.002908055959999999,0.00009669536978050646
25,8,uniform,0.004455803059999999,0.00015537676044108625
25,8,uniform,0.011699742280000001,0.0014958817934719014
25,8,uniform,0.003928278980000001,0.0007453456552911392
25,8,uniform,0.01538467084,0.000294664220647464
25,8,uniform,0.006852176060000001,0.0005317452132492695
25,8,uniform,0.006974360320000002,0.00019615362408989545
25,8,uniform,0.008378400519999999,0.00023723361144260295
25,8,uniform,0.0037938487200000004,0.00017672945805697222
25,8,uniform,0.004034793640000001,0.0001786955141573385
25,8,uniform,0.007430663879999999,0.00012721371964270734
26,8,uniform,0.022646468300000003,0.00024052599155960944
26,8,uniform,0.0043835767999999995,0.00009422051470908269
26,8,uniform,0.012107079080000001,0.0008974911747892258
26,8,uniform,0.009207844780000002,0.00011776508318404234
26,8,uniform,0.009065769900000001,0.00016305280502643563
26,8,uniform,0.0100582478,0.00012079654467298895
26,8,uniform,0.00402150072,0.00018341111612270878
26,8,uniform,0.0035812274600000005,0.0004076613440493223
26,8,uniform,0.01288299474,0.0003586645486261038
27,8,uniform,0.0045807023199999995,0.00013740460331804343
27,8,uniform,0.005636472940000001,0.00012093126130712969
27,8,uniform,0.021661272380000002,0.0006665636787853227
27,8,uniform,0.09118638352,0.006627740261413239
27,8,uniform,0.028374435560000005,0.00020330825357900382
27,8,uniform,0.22200509468000001,0.0020910318911289884
27,8,uniform,0.006915363820000001,0.00017523354703442701
27,8,uniform,0.00511521938,0.00017063940610395712
27,8,uniform,0.02099247338,0.0004118053900271078
27,8,uniform,0.00909986124,0.0005463829583754625
28,8,uniform,0.006800402520000001,0.00009279098175223978
28,8,uniform,0.008109161560000001,0.00013156485053087387
28,8,uniform,0.009866122440000001,0.0002627827795204415
28,8,uniform,0.032580698500000005,0.00025984688249832766
28,8,uniform,0.02274870158,0.00025769759272829004
28,8,uniform,0.012853761560000001,0.0002194059114044362
28,8,uniform,0.03796510402,0.0005286780517288582
28,8,uniform,0.007387890740000002,0.0002636734029322599
28,8,uniform,0.006090426039999999,0.0006765987390278265
28,8,uniform,0.022503592660000002,0.00038142238557024914
29,8,uniform,0.00515813618,0.0001296436547359296
29,8,uniform,0.03439668918000001,0.0003428828948317153
29,8,uniform,0.01719894786,0.0008282147123652382
29,8,uniform,0.0309140166,0.0002101271347458485
29,8,uniform,0.007981792679999999,0.00015504186638811817
29,8,uniform,0.005318923780000001,0.00020351614853112874
29,8,uniform,0.0158881392,0.0011399575227282667
29,8,uniform,0.030323876500000003,0.0011436196665332988
29,8,uniform,0.03135198936,0.001634998449774936
29,8,uniform,0.015673039160000003,0.0002660790954721717
30,8,uniform,0.03092625516,0.0006344668427128752
30,8,uniform,0.025725337600000002,0.00019631742629323557
30,8,uniform,0.17232444546,0.003749065534718375
30,8,uniform,0.12582238382,0.004768841482904958
30,8,uniform,0.017189561960000002,0.000960308585035248
30,8,uniform,0.023091489180000004,0.00015969993342014905
30,8,uniform,0.08714575100000002,0.003672790449539336
30,8,uniform,0.004878467859999999,0.00008742031084720659
30,8,uniform,0.00833864188,0.0003004221845626402
30,8,uniform,0.00794970452,0.00021110587060527521
31,8,uniform,0.035754023159999995,0.00029016415887449834
31,8,uniform,0.11938694718000002,0.0008041386754054929
31,8,uniform,0.01140826654,0.0016158977585460075
31,8,uniform,0.014185052920000002,0.0007171209269324492
31,8,uniform,0.01121699708,0.0004147377483573742
31,8,uniform,0.04341492234,0.0029233316975497813
31,8,uniform,0.023478285179999996,0.0002009683415487228
31,8,uniform,0.030108782320000006,0.0002549519859155412
31,8,uniform,0.017277202079999998,0.000273184132190258
31,8,uniform,0.05068696644,0.0008200578444256841
32,8,uniform,0.28255619724000003,0.004773041963669899
32,8,uniform,0.32287166458000005,0.003058058925829706
32,8,uniform,0.03438323790000001,0.0008592404446983069
32,8,uniform,0.011788821760000005,0.0016754643037851535
32,8,uniform,0.10275444062000001,0.0034160445492628262
32,8,uniform,0.04183497558,0.0004079924092401719
32,8,uniform,0.11706773588000001,0.0019954893582551625
32,8,uniform,0.027895180920000002,0.0004050203489854146
32,8,uniform,0.0757028974,0.0008279971297388812
32,8,uniform,0.07313286556000001,0.004059023157999512
33,8,uniform,0.042335958400000005,0.0007609000190524748
33,8,uniform,0.19407323102000001,0.0020959957494174706
33,8,uniform,0.01449946322,0.00015023539218842898
33,8,uniform,0.02451799726,0.00024375807327359542
33,8,uniform,0.015712067420000003,0.00026692837201268936
33,8,uniform,0.11382644094000001,0.007764389687356282
33,8,uniform,0.14762244147999998,0.004379897899656692
33,8,uniform,0.09221491454000001,0.0018141002663767589
33,8,uniform,0.05168332232,0.0011748552577773104
33,8,uniform,0.023679557040000004,0.00017731907568714804
34,8,uniform,0.08409258542,0.0038595824754887155
34,8,uniform,0.56353848056,0.00820328775184002
34,8,uniform,0.06797882614,0.0007249926729414055
34,8,uniform,0.06633980036,0.0014413805503272203
34,8,uniform,0.13761062826000003,0.0008773022334355086
34,8,uniform,0.05394068396,0.000440336797876807
34,8,uniform,0.030386065080000003,0.0023743387100417434
34,8,uniform,0.20027443094000003,0.0026004959285328253
34,8,uniform,0.09032641464,0.0020694985347492084
34,8,uniform,0.24152911010000006,0.005293170742828947
35,8,uniform,0.031820545840000006,0.000381403920028345
35,8,uniform,0.057003305420000004,0.0027019832496161535
35,8,uniform,0.7398972352200002,0.006821759293346714
35,8,uniform,0.12844311083999999,0.006097793407350156
35,8,uniform,0.5075205944400001,0.005400907924920575
35,8,uniform,0.11094033481999999,0.0016355227864790604
35,8,uniform,0.007733691720000002,0.000694037639781598
35,8,uniform,0.15621252596000001,0.003905670876544592
35,8,uniform,0.10771276872000002,0.004896387955797178
35,8,uniform,0.03555217888,0.0012509079571364908
36,8,uniform,0.79315768224,0.005380214061894573
36,8,uniform,0.51046597428,0.00847764293562354
36,8,uniform,0.02235411898,0.00018333386864130967
36,8,uniform,0.07572519044,0.0036603834614891808
36,8,uniform,0.1313437285,0.002782799654858045
36,8,uniform,0.0889750796,0.0022030624155983834
36,8,uniform,0.16542741966000002,0.002242563988264286
36,8,uniform,0.09510775903999999,0.004406149380095535
36,8,uniform,0.038131471640000004,0.00016068188596066928
36,8,uniform,0.38104906662000004,0.005942280091800358
37,8,uniform,0.17813300289999998,0.0024519646350081984
37,8,uniform,0.10059595748000001,0.002297331005544431
37,8,uniform,0.16710974436,0.004013336606542594
37,8,uniform,0.30152775280000005,0.006874063887006139
37,8,uniform,0.09087265654,0.0018771626077841942
37,8,uniform,0.32350368706,0.004816804481343355
37,8,uniform,1.89999097282,0.015881633693859955
37,8,uniform,1.12543940598,0.00972542121352528
37,8,uniform,0.057747205280000005,0.0002471409461413775
37,8,uniform,0.08990990578,0.001396577663159739
38,8,uniform,0.9765960206000001,0.01084133763135312
38,8,uniform,0.5555146342799999,0.009082294602972217
38,8,uniform,0.18061505084000004,0.0017174732030220223
38,8,uniform,0.14475530216000004,0.0008774450485278529
38,8,uniform,0.025090914519999997,0.0004800144656138443
38,8,uniform,0.6261838266,0.010439860421214201
38,8,uniform,1.49574009992,0.01618114041309903
38,8,uniform,0.33843182716000003,0.008505753477177457
38,8,uniform,0.09006660502000001,0.001785976840461792
38,8,uniform,0.14216134362000005,0.0025158252154445257
39,8,uniform,0.24006272074000004,0.0031908818298191565
39,8,uniform,0.55229283334,0.012611835949509466
39,8,uniform,0.3025545856400001,0.006313060029064491
39,8,uniform,0.4907420242600001,0.015551435287865454
39,8,uniform,1.9587753006000004,0.017105280021181234
39,8,uniform,0.74964589808,0.009988563791991985
39,8,uniform,0.7820814523600002,0.015821060557373236
39,8,uniform,1.09437409778,0.1110069004053466
40,8,uniform,0.47056986611999996,0.010737655107795114
40,8,uniform,2.430845033,0.26153840000571027
40,8,uniform,1.3895231702,0.04306735631007781
40,8,uniform,0.07474308364000001,0.03329453728205031
40,8,uniform,0.17902387906,0.04104192078035121
40,8,uniform,0.3049904653,0.06958746124840735
40,8,uniform,0.10055533514000001,0.030028272065239073
1,16,uniform,0.02328884502,0.005921057221182061
1,16,uniform,0.01096785652,0.004347587223034896
1,16,uniform,0.012307432759999997,0.005887346612990331
1,16,uniform,0.0103841101,0.0044270622395349585
1,16,uniform,0.009539804592,0.0052833029698070395
1,16,uniform,0.003949639332,0.00643880773545853
1,16,uniform,0.0008299959400000004,0.0002807262308190629
1,16,uniform,0.0009045881199999994,0.00017006012383758736
1,16,uniform,0.02157620284,0.006563084230802653
1,16,uniform,0.009469554100000001,0.004482887324383427
1,16,intrel,0.001647638708000001,0.005072956139854952
1,16,intrel,0.0010883406000000008,0.00045383578876457805
1,16,intrel,0.0008852809400000008,0.00018134078391338846
1,16,intrel,0.00029376347999999976,0.00011259548072186942
1,16,intrel,0.0009243701799999997,0.00024429286833170825
1,16,intrel,0.00008794905000000024,0.00014656227629150463
1,16,intrel,0.0009735988199999996,0.0002915805599754552
1,16,intrel,0.0020083541600000006,0.0018532540562113413
1,16,intrel,0.0009995106800000004,0.0003092278732895137
1,16,intrel,0.0006264317000000007,0.00016777142871961904
2,16,uniform,0.0009730216200000006,0.00020976613876240574
2,16,uniform,0.0009398134000000006,0.0003118514006069237
2,16,uniform,0.0009819631000000007,0.0002601308265018671
2,16,uniform,0.0009909335599999993,0.00026451227400759055
2,16,uniform,0,0
2,16,uniform,0.000661129820000002,0.00017384730399801375
2,16,uniform,0.0008970966400000003,0.00024406138896542688
2,16,uniform,0.0009514722000000004,0.00035091558673923905
2,16,uniform,0.0011463453599999996,0.0010837588504738907
2,16,uniform,0,0
2,16,uniform,0.0027723044000000007,0.004218925398573471
2,16,uniform,0.0008646409800000003,0.0016714731061590255
2,16,uniform,0.0010111753800000004,0.00036849355907865675
2,16,uniform,0,0
2,16,uniform,0.000779485480000001,0.00014291111335997932
2,16,uniform,0.0003727813400000009,0.0002209294911914207
2,16,uniform,0.0025396672799999987,0.0035208903169554225
2,16,uniform,0.0008225762800000002,0.0001684920034839767
2,16,uniform,0.0010119395400000008,0.00035383175967802056
2,16,uniform,0.0019138437200000003,0.0028463954364679645
2,16,uniform,0.0010939980799999996,0.0006667287172444943
2,16,uniform,0.0006335374199999997,0.00025179314787790935
2,16,uniform,0.008349422439999999,0.011711519653215865
2,16,uniform,0.0011033474000000005,0.0005055452202165281
2,16,uniform,0.0018988660800000005,0.0024671887606292483
2,16,uniform,0.0016763116000000015,0.0036809302346959972
2,16,uniform,0.0013520940599999996,0.0008434650975000159
2,16,uniform,0.0009445584999999999,0.0006428403064614364
2,16,uniform,0.0035827668700000002,0.0075624978213800894
2,16,uniform,0.000974091740000001,0.00046400578197158983
2,16,uniform,0.0025027296840000003,0.006898876494727382
2,16,uniform,0.00008999716999999975,0.00028459604016937507
2,16,uniform,0,0
2,16,uniform,0.0009158842400000007,0.00032467283934645494
2,16,uniform,0.0008170043799999995,0.0002538392822609746
2,16,uniform,0.0014072055400000008,0.0008348943974304242
2,16,uniform,0.0005811035800000006,0.0003311798335984043
2,16,uniform,0.0010399231800000013,0.0002941047187385247
2,16,uniform,0.0009693994399999998,0.00026154194183121844
2,16,uniform,0.0008096231600000003,0.00017396245778842305
2,16,uniform,0,0
2,16,uniform,0.0009759656800000002,0.00027185932760561614
2,16,uniform,0.002017266659999999,0.0033400253876182256
2,16,uniform,0.0009859353000000015,0.00028732504409806613
2,16,uniform,0.0009187267399999999,0.00023128017560624506
2,16,uniform,0.00086026344,0.0002128263696549112
2,16,uniform,0.0009415869399999997,0.0002917787856480013
2,16,uniform,0.0010206326400000012,0.0005939311692988227
2,16,uniform,0.0010579161800000011,0.0006546006745866438
2,16,uniform,0.002958702020000001,0.006529740521094038
2,16,uniform,0.0004975801400000004,0.00022763024018889846
2,16,uniform,0.0010155858800000007,0.00021501572561662648
2,16,uniform,0.0012345227599999992,0.0011358440460980208
2,16,uniform,0.00019879725999999987,0.0005423855936449539
2,16,uniform,0.0007609849400000013,0.0001702583177005849
2,16,uniform,0.0007470205200000003,0.0005616141851896788
2,16,uniform,0.0008752850600000003,0.0014435907447421055
2,16,uniform,0.0007401440200000013,0.0002312239690436045
2,16,uniform,0.0014862779600000005,0.0033968438098785888
2,16,uniform,0.0004232750599999989,0.00022301853793689692
2,16,uniform,0.0009216073600000003,0.00022569274499234084
2,16,uniform,0.0008700939000000005,0.00024404469593500928
2,16,uniform,0.0009872419199999998,0.00024255899173044267
2,16,uniform,0.0009038471800000003,0.00023084763298093398
2,16,uniform,0.0011045178000000007,0.0004975588629365485
2,16,uniform,0.0009361063400000012,0.0003378878823558028
2,16,uniform,0.0012480080599999999,0.0008111284582195146
2,16,uniform,0.0009999413000000004,0.000536982449233668
2,16,uniform,0.007766497300000001,0.010307920632209722
2,16,uniform,0.0009646885800000005,0.000660694104415122
2,16,uniform,0.0008212213999999999,0.0006343339993293141
2,16,uniform,0.0010436686000000002,0.0005105733865284425
2,16,uniform,0.0007261634000000006,0.00016038145711552812
2,16,uniform,0.0001268023939999998,0.0004009843778020683
2,16,uniform,0.0009411236199999996,0.00021823093769116848
2,16,uniform,0.000008372462000000042,0.000026476049543208805
2,16,uniform,0.0006389228799999997,0.0001644963171137882
2,16,uniform,0,0
2,16,uniform,0.0009796243400000007,0.0003238982941264811
2,16,uniform,0.00063786204,0.0014068773580060386
2,16,uniform,0.0009102906200000006,0.0003022798139931499
2,16,uniform,0.0009808645800000004,0.0002617297301429048
2,16,uniform,0.0009751231999999999,0.00022736803528748047
2,16,uniform,0.0009314464600000011,0.00022044185788459318
2,16,uniform,0.0007197554000000007,0.0002310501214798065
2,16,uniform,0.0009112347200000009,0.00020393665728859155
2,16,uniform,0.000134939948,0.0004267175830246828
2,16,uniform,0.0007039124599999985,0.00010572262142086728
2,16,uniform,0.0011714396800000019,0.0005978678065602518
2,16,uniform,0.0009280159199999997,0.00024405004213801454
2,16,uniform,0.0011710595399999997,0.0005221822239384765
2,16,uniform,0.0010760865199999994,0.0005757893201522392
2,16,uniform,0.0009008437599999997,0.00021817375274562958
2,16,uniform,0.0007497522399999984,0.0001817699915355789
2,16,uniform,0.0007629518800000004,0.0001112970775537755
2,16,uniform,0.0009622981999999995,0.00033088910372088573
2,16,uniform,0.0017178937680000003,0.004882117357481678
2,16,uniform,0,0
2,16,uniform,0.00092603908,0.00022114939316810768
2,16,uniform,0.00000708177000000006,0.000022394523065450815
2,16,intrel,0.0026434976400000016,0.00589584729341865
2,16,intrel,0.0020368521800000006,0.0019072774198887566
2,16,intrel,0.0007107699879999996,0.0017387059649785418
2,16,intrel,0.0006592892199999992,0.00029431180161992605
2,16,intrel,0,0
2,16,intrel,0.0005686480000000017,0.00023489747728989253
2,16,intrel,0.0007282071999999998,0.00021251879954878235
2,16,intrel,0.00085392968,0.00023901249428885047
2,16,intrel,0.0008811218000000006,0.0002203210012798245
2,16,intrel,0.00272009916,0.005484806541330982
2,16,intrel,0.00123747032,0.0005282096121560182
2,16,intrel,0.0009576392599999993,0.0003704245593687811
2,16,intrel,0.0005190330000000013,0.0002611777937750664
2,16,intrel,0.0010203512199999996,0.0002370268119358839
2,16,intrel,0.0001759520440000003,0.00022628465424777623
2,16,intrel,0.0007389742400000003,0.0001437724613787356
2,16,intrel,0.0008332980600000001,0.00018388971805831521
2,16,intrel,0.003257729380000002,0.006345315430486538
2,16,intrel,0,0
2,16,intrel,0,0
2,16,intrel,0.0008459793600000008,0.00023418570934578587
2,16,intrel,0.00033945922,0.0002608812217379992
2,16,intrel,0.002483372559999999,0.004298466373775367
2,16,intrel,0.0004302653999999998,0.00014720716559461354
2,16,intrel,0.0010539044599999995,0.0005167080867421286
2,16,intrel,0.0004380265800000012,0.000499783738747115
2,16,intrel,0.0005988627600000014,0.0006539500891970019
2,16,intrel,0.0016479817199999997,0.002531958913485455
2,16,intrel,0.0008097122599999999,0.000199649603181869
2,16,intrel,0.00082841374,0.00015406044420468372
2,16,intrel,0.00163291048,0.0014224858804220203
2,16,intrel,0.0027478841799999996,0.005203891383705127
2,16,intrel,0.0007760634799999987,0.0005741931303683263
2,16,intrel,0.0011692134400000007,0.0005172853675611752
2,16,intrel,0.0010948954599999995,0.0006658056411429858
2,16,intrel,0.0008918999399999993,0.00017876414675397796
2,16,intrel,0.0009521116600000013,0.0005984995063237638
2,16,intrel,0.001088790959999999,0.0005570256667146497
2,16,intrel,0.0013071608399999987,0.0007966451946310018
2,16,intrel,0.0009748771,0.0003169682806972612
2,16,intrel,0.0008475311600000012,0.00025661419346319626
2,16,intrel,0.011858037060000002,0.01495682352869341
2,16,intrel,0.0011859872600000012,0.0005928002042519611
2,16,intrel,0.0013627041,0.001460705968346265
2,16,intrel,0.0008533701800000008,0.00022132168305191735
2,16,intrel,0.0004163889000000004,0.0002169958071146383
2,16,intrel,0.0010842531199999994,0.0005029564491862536
2,16,intrel,0.0011185677800000001,0.00040852588462586374
2,16,intrel,0.0023498028,0.002350949092964846
2,16,intrel,0.00090557844,0.0008461026692915715
2,16,intrel,0.007608872460000001,0.012286381941918898
2,16,intrel,0.001101054140000001,0.00044247571288005307
2,16,intrel,0.0008992448799999993,0.00020941890462886962
2,16,intrel,0.0007506049600000002,0.00016744345504706953
2,16,intrel,0.0011147014200000003,0.0005320067901705454
2,16,intrel,0.0008882933999999997,0.00016762908589969323
2,16,intrel,0.00015519316800000071,0.00017310949630492696
2,16,intrel,0.0007122026800000006,0.00022794033586776865
2,16,intrel,0.000944453080000001,0.0002368885887806756
2,16,intrel,0.0005360602200000007,0.0003501276808987925
2,16,intrel,0.000246924521999999,0.000275361684354885
2,16,intrel,0.000965919900000001,0.00025917259694788555
2,16,intrel,0.001959266220000001,0.002813124244455503
2,16,intrel,0.00371359176,0.008388432261600343
2,16,intrel,0.00081346162,0.0001687649301998032
2,16,intrel,0,0
2,16,intrel,0.003262376140000001,0.005144398155579355
2,16,intrel,0.000653957700000001,0.0006778607745670772
2,16,intrel,0.000011913580000000052,0.00003767404788662897
2,16,intrel,0.0007940826000000006,0.00023278667612797586
2,16,intrel,0.0007413715400000011,0.00023540033354269287
2,16,intrel,0.0013073222359999998,0.003867669973051344
2,16,intrel,0.0010514687800000006,0.00018390566440376125
2,16,intrel,0.0010070391399999996,0.00021887336986841383
2,16,intrel,0.0009991225000000011,0.00026208225377814766
2,16,intrel,0.0008735009200000003,0.00022642893763015847
2,16,intrel,0.0005665446399999991,0.0002595188151452607
2,16,intrel,0.0069553661799999986,0.008671661681614623
2,16,intrel,0.0010995754400000015,0.000686280165875918
2,16,intrel,0.0011745502999999987,0.0006542413585880639
2,16,intrel,0.0011860392999999997,0.0006414785473650697
2,16,intrel,0.0011770915800000006,0.0008610758066375135
2,16,intrel,0.000775382540000001,0.00019122483094177666
2,16,intrel,0.001181896559999999,0.0008470697142874303
2,16,intrel,0.0010318313400000004,0.0004812515854046497
2,16,intrel,0.00140243028,0.0010941137287626204
2,16,intrel,0.000011531434000000041,0.00003646559612790623
2,16,intrel,0.0005074914199999996,0.0009133154226160192
2,16,intrel,0.00008416632400000046,0.00011481786390233001
2,16,intrel,0.0008434334800000002,0.00027409002519498753
2,16,intrel,0.001044481240000001,0.00024842095003935465
2,16,intrel,0.0010934098999999997,0.0002748186185901328
2,16,intrel,0.00092103878,0.0003136428644528323
2,16,intrel,0.0007385161,0.0002058753245109498
2,16,intrel,0.0004978853859999995,0.0011845778615352507
2,16,intrel,0.0011000543400000004,0.0007372161274164449
2,16,intrel,0.000295519108,0.000290365975907144
2,16,intrel,0.0013063115400000005,0.0007836826737701371
2,16,intrel,0.001994296959999999,0.003370630852640861
2,16,intrel,0.00451613492,0.00772190823272807
3,16,uniform,0.0009252841199999999,0.00023921577499905815
3,16,uniform,0.0009766556399999993,0.0002149268565514014
3,16,uniform,0.0013682529200000006,0.001271295616379151
3,16,uniform,0.0006903415800000006,0.0003278176205961853
3,16,uniform,0.0008150190999999994,0.00019513642648581926
3,16,uniform,0.0006988511799999993,0.00018720519124868182
3,16,uniform,0.00013303377600000014,0.00042068973789264463
3,16,uniform,0.0062724687599999985,0.006901999340585922
3,16,uniform,0.0000320834380000001,0.00010145673924879757
3,16,uniform,0.0020040056800000004,0.0017310903095913892
3,16,uniform,0.00015261064599999993,0.00010039277678023745
3,16,uniform,0.0007954473000000006,0.00019732489195638752
3,16,uniform,0.0010974653399999997,0.0001838073940686886
3,16,uniform,0.0009300427000000008,0.00011261855319662041
3,16,uniform,0.0010083959599999995,0.0003964096330151566
3,16,uniform,0.0005915149200000014,0.00037945466139367544
3,16,uniform,0.0007519148000000002,0.00020973107055753833
3,16,uniform,0.0007524890000000001,0.0002854094515417961
3,16,uniform,0.001956025539999999,0.0015567496611947028
3,16,uniform,0.001929989440000001,0.0029723995735500912
3,16,uniform,0.0011369894200000006,0.0005163250162005088
3,16,uniform,0.0010523728200000004,0.00023019937250865348
3,16,uniform,0.001039723199999999,0.0003515858893095051
3,16,uniform,0.0009317689999999993,0.0002534999236505692
3,16,uniform,0.0009980264799999995,0.00027974227148343364
3,16,uniform,0.0012359484200000015,0.0004548059596426687
3,16,uniform,0.0011128687600000019,0.0007616296561070799
3,16,uniform,0.001046129320000001,0.00023655641374700559
3,16,uniform,0.0011353828800000007,0.0004810329287523303
3,16,uniform,0.0009763816599999999,0.0006703774122703735
3,16,uniform,0.0012246419400000004,0.0006816665887784879
3,16,uniform,0.00098437704,0.0002741450099687511
3,16,uniform,0.0010184396000000003,0.00027183944907498045
3,16,uniform,0.00116296608,0.0009683241424905256
3,16,uniform,0.0009151630399999994,0.00019198865838379898
3,16,uniform,0.0005308527800000001,0.00023883647391570852
3,16,uniform,0.0008868690399999992,0.0002763897146760751
3,16,uniform,0.0005751522599999996,0.00017116322695281253
3,16,uniform,0.0008357733199999995,0.00030100598977871973
3,16,uniform,0.0015458086999999999,0.0005943604946493986
3,16,uniform,0.0009729626399999991,0.0002939249644441777
3,16,uniform,0.0010828904599999988,0.0003238512285331887
3,16,uniform,0.0009606776200000007,0.00048307275663540936
3,16,uniform,0.0011097865000000006,0.0005713263033340834
3,16,uniform,0.00019001734999999983,0.00035077254414071107
3,16,uniform,0.00125449936,0.0006206680218032109
3,16,uniform,0.0011507410599999996,0.000615486793876567
3,16,uniform,0.0008888639600000003,0.00014808923556532464
3,16,uniform,0.0008714060999999995,0.0001913700846377684
3,16,uniform,0.0008850820599999997,0.0001268440555693836
3,16,uniform,0.0009827385200000002,0.00030453282464721465
3,16,uniform,0.00034941147999999943,0.0002553530618946813
3,16,uniform,0.0014150333399999995,0.0005336807377215229
3,16,uniform,0.0006606746399999998,0.0003766366332256536
3,16,uniform,0.0008576684199999993,0.0004089241363456063
3,16,uniform,0.0007897915799999998,0.00021351402899057683
3,16,uniform,0.0008607018600000004,0.0002514183728607668
3,16,uniform,0.0006821723199999999,0.0004759953007517921
3,16,uniform,0.0012035611000000002,0.0006213887821522673
3,16,uniform,0.00479599112,0.00472966017796686
3,16,uniform,0.000010076338000000003,0.00003186417855370574
3,16,uniform,0.0006089626599999994,0.00021515299165363952
3,16,uniform,0.0009543302600000008,0.00029223490740203805
3,16,uniform,0.0009778819200000014,0.000506173227146827
3,16,uniform,0.0010847613000000008,0.0006220657361015083
3,16,uniform,0.0009692789800000003,0.0003353973047735741
3,16,uniform,0.00101320092,0.0003112948023549559
3,16,uniform,0.0008825784000000005,0.00014261578712688937
3,16,uniform,0.0009760954600000005,0.0002667533059181587
3,16,uniform,0.0009199153800000012,0.00011383015158369353
3,16,uniform,0.0014137758999999998,0.0006165644457686118
3,16,uniform,0.0015762441000000001,0.0010378264323569288
3,16,uniform,0.000983407759999999,0.0003432645860037446
3,16,uniform,0.0009891540399999984,0.0003051300284740007
3,16,uniform,0.0008412248599999983,0.00016646645879976333
3,16,uniform,0.0008550197000000004,0.00017187991889753217
3,16,uniform,0.000934083380000001,0.00021214141222831108
3,16,uniform,0.0009184158399999995,0.0000794494597257346
3,16,uniform,0.0008306374599999991,0.00013935831080703055
3,16,uniform,0.0008809809000000007,0.0001602651338024657
3,16,uniform,0.0008937893200000006,0.0001738582389967949
3,16,uniform,0.0008241022600000003,0.00015396060503146744
3,16,uniform,0.0013468541799999995,0.0006857582859838526
3,16,uniform,0.0008870093600000014,0.000151565878180487
3,16,uniform,0.0015264100799999986,0.0011575563194653018
3,16,uniform,0.00011740229999999963,0.00017194388291859097
3,16,uniform,0.0008869679400000007,0.0003109812669885081
3,16,uniform,0.0009173954800000001,0.00016685539892576977
3,16,uniform,0.0012031279399999993,0.0006223089362716972
3,16,uniform,0.0009376374199999994,0.0001376455860809444
3,16,uniform,0.0010406772199999998,0.00020466685037733357
3,16,uniform,0.0009859034200000003,0.00021692880581323335
3,16,uniform,0.0012907011600000004,0.000601662937036095
3,16,uniform,0.0009872370600000008,0.00015642615073463767
3,16,uniform,0.0009949774199999987,0.0002905431419704213
3,16,uniform,0.0011363806199999988,0.00031098102658815415
3,16,uniform,0.0007885769000000001,0.000250337985653263
3,16,uniform,0.0002999712999999989,0.00015087578998798962
3,16,uniform,0.0006878139000000005,0.0003198801942280717
3,16,uniform,0.00097812276,0.00028173148377932494
3,16,intrel,0.0009029998200000003,0.00025338379076535704
3,16,intrel,0.00092893992,0.00029720989844619916
3,16,intrel,0.0008665328000000002,0.00021654166278375992
3,16,intrel,0.0006985122999999995,0.00019401514863467064
3,16,intrel,0.0008575497000000003,0.00020071565261289959
3,16,intrel,0.0009404236000000003,0.00031341363821224067
3,16,intrel,0.0014368512800000005,0.0006173510070426891
3,16,intrel,0.0008909702600000003,0.0006738754449692052
3,16,intrel,0.00137709072,0.0009498381102916728
3,16,intrel,0.0009375826400000002,0.00020996944508933256
3,16,intrel,0.006028553804,0.007437286039316822
3,16,intrel,0.00018161346199999884,0.0001709144286253331
3,16,intrel,0.001038414680000001,0.00024838230711476933
3,16,intrel,0.00092256332,0.00015663392151411167
3,16,intrel,0.0010856837399999988,0.00028414868265399357
3,16,intrel,0.0010792032000000002,0.0003286582273587902
3,16,intrel,0.00110171728,0.0002369859304314406
3,16,intrel,0.0011024286799999991,0.00024488952538726525
3,16,intrel,0.001464203180000001,0.0013408651176347352
3,16,intrel,0.0010567148199999983,0.0002191208197791043
3,16,intrel,0.00037100569999999985,0.0001270969100240268
3,16,intrel,0.0008418381999999993,0.0002410864051757055
3,16,intrel,0.0019262817400000013,0.0007693432446089181
3,16,intrel,0.000973774719999999,0.00044407673755833635
3,16,intrel,0.0006906055199999995,0.00014077613524063264
3,16,intrel,0.0007871724599999999,0.00012347392921062774
3,16,intrel,0.00079191326,0.00017761773229635604
3,16,intrel,0.0007922020599999997,0.0002109939421710702
3,16,intrel,0.0008136458999999999,0.00020848642347348826
3,16,intrel,0.0007653932200000002,0.00017928643301367414
3,16,intrel,0.0006715547400000003,0.00026048170554018223
3,16,intrel,0.0007900202600000002,0.00014037069497144577
3,16,intrel,0.0008636469600000003,0.00017566654990853168
3,16,intrel,0.0009870131999999993,0.00026078946013827155
3,16,intrel,0.0007665997200000001,0.00018531101197668263
3,16,intrel,0.0008392841799999993,0.00022868302216496095
3,16,intrel,0.0008365414999999997,0.00014379357342524042
3,16,intrel,0.0006966790600000008,0.0001509615519440114
3,16,intrel,0.0016394090800000004,0.00040649905003044674
3,16,intrel,0.0007031679799999998,0.00013663283330005274
3,16,intrel,0.00085916566,0.00019760515448281652
3,16,intrel,0.0008872062400000008,0.00026796440166924337
3,16,intrel,0.0007566306000000001,0.00029800401495326653
3,16,intrel,0.0007638976400000007,0.00020200895894445436
3,16,intrel,0.00082533968,0.0002250351340630317
3,16,intrel,0.0008641855399999989,0.00018707977047939262
3,16,intrel,0.000780104,0.00012014780828185478
3,16,intrel,0.0008728176799999996,0.00021845641150876962
3,16,intrel,0.0008242958599999996,0.00009602990307335404
3,16,intrel,0.0008275390400000011,0.00022011814547619153
3,16,intrel,0.0007716825799999995,0.0001333224638529956
3,16,intrel,0.0008484322400000004,0.00016813392423703329
3,16,intrel,0.0014339365999999998,0.00046676125525445147
3,16,intrel,0.00119376678,0.0009354986956167699
3,16,intrel,0.0009011260399999995,0.0008719564992035633
3,16,intrel,0.0008873899400000006,0.00014224163164141195
3,16,intrel,0.0009766285600000006,0.0003385802307322611
3,16,intrel,0.00082935388,0.00019474344779521252
3,16,intrel,0.0007844045000000007,0.00015967871141611565
3,16,intrel,0.0007768309199999996,0.00017691155564405624
3,16,intrel,0.0008729868200000003,0.0002454315775381082
3,16,intrel,0.0012578265999999992,0.0008538467458633962
3,16,intrel,0.0008480242399999998,0.00021502133828697612
3,16,intrel,0.00097568646,0.00036426258512537655
3,16,intrel,0.0008548415199999999,0.00016025500871718313
3,16,intrel,0.0007920030000000012,0.00022791287641114085
3,16,intrel,0.0018044162000000012,0.00027631169815618657
3,16,intrel,0.0007068091199999995,0.00011796713429520202
3,16,intrel,0.00099478594,0.0007748221628557673
3,16,intrel,0.0007594697799999997,0.00016648104989394104
3,16,intrel,0.0007955087600000002,0.00015969147765251736
3,16,intrel,0.0008510378999999988,0.0003016565595991758
3,16,intrel,0.0007492535999999998,0.00012829977785656707
3,16,intrel,0.0009807028799999995,0.0003664816472249478
3,16,intrel,0.0007604647200000002,0.00012339777491853095
3,16,intrel,0.000910732900000001,0.00022943943975543726
3,16,intrel,0.0007325725200000003,0.00012856947360798105
3,16,intrel,0.0007464847799999999,0.00019864914316631503
3,16,intrel,0.00130961208,0.000457869015319265
3,16,intrel,0.0007403967200000006,0.0001969492938229984
3,16,intrel,0.0008883751799999999,0.00023865566445366898
3,16,intrel,0.0009168944800000002,0.00024072425593427656
3,16,intrel,0.0008604204400000004,0.0002395035263804644
3,16,intrel,0.0006939237599999996,0.000181695469619697
3,16,intrel,0.0006706935200000005,0.00021062549557670688
3,16,intrel,0.00075124404,0.00009180228720195976
3,16,intrel,0.00083109626,0.00011764369493710891
3,16,intrel,0.0009609712399999999,0.000175599554841248
3,16,intrel,0.0008900201199999996,0.0001718579745012013
3,16,intrel,0.0008264686400000002,0.00014916119781412473
3,16,intrel,0.0013941607200000001,0.0005156978511830785
3,16,intrel,0.0008086476800000001,0.0004233153133298053
3,16,intrel,0.0008164312600000001,0.00019354435701225938
3,16,intrel,0.0008897557400000006,0.00021622214091441026
3,16,intrel,0.0008728908399999989,0.0001893169427201086
3,16,intrel,0.0012167579999999999,0.0004074594624545968
3,16,intrel,0.0008595707800000008,0.0003549604500923855
3,16,intrel,0.0008137033200000001,0.00020079720331562834
3,16,intrel,0.0002978169400000006,0.00025443721942182727
3,16,intrel,0.0008409222200000003,0.00022453898820296478
4,16,uniform,0.000746558960000001,0.00011627165428374095
4,16,uniform,0.0008951180399999996,0.00020444714943435466
4,16,uniform,0.0007680616599999998,0.00020836648999022
4,16,uniform,0.0005662448600000016,0.00018535215969622685
4,16,uniform,0.0008614886200000007,0.00014125679115300783
4,16,uniform,0.0007476912600000005,0.00008723799686145939
4,16,uniform,0.0008408377400000002,0.00020455821598049347
4,16,uniform,0.0007164361599999995,0.0001358067921495665
4,16,uniform,0.0008578451599999995,0.0002260062868832784
4,16,uniform,0.0007462867400000008,0.000025812136735350767
4,16,uniform,0.0008670150600000014,0.00017351066298018175
4,16,uniform,0.0007408169400000004,0.0001607456298737577
4,16,uniform,0.0007591243399999997,0.00012547061735738942
4,16,uniform,0.0007895423999999994,0.00020589012090152463
4,16,uniform,0.0016011692200000004,0.0009125043514940691
4,16,uniform,0.0004635157399999996,0.00016032285526413394
4,16,uniform,0.0007078511999999993,0.00011289207581697954
4,16,uniform,0.0008621592799999998,0.00030762699535631703
4,16,uniform,0.0007693843399999994,0.00016304684763864647
4,16,uniform,0.0008438771399999999,0.00016510413949185054
4,16,uniform,0.0007986192200000007,0.00018601962456077945
4,16,uniform,0.0008482567399999994,0.0001858953522185116
4,16,uniform,0.0008151290800000006,0.00014756064692879488
4,16,uniform,0.0009167543,0.0002911134249555967
4,16,uniform,0.00079704266,0.0002626291885902378
4,16,uniform,0.000674695159999999,0.00030598948319743486
4,16,uniform,0.0009016430599999984,0.0002843706763266721
4,16,uniform,0.0006372079800000005,0.0003047079011446134
4,16,uniform,0.0005100261800000008,0.0005232343671222546
4,16,uniform,0.0005979237200000001,0.00016385034361134413
4,16,uniform,0.0008890754799999997,0.0002293293752026645
4,16,uniform,0.0007713325800000001,0.00014066152742543204
4,16,uniform,0.0008326488400000002,0.00011212535403838581
4,16,uniform,0.0008213682800000006,0.00016384017319832027
4,16,uniform,0.0008595617000000004,0.00018086790470546303
4,16,uniform,0.0007609179999999996,0.00008367382597264215
4,16,uniform,0.0011761518199999994,0.000619464068060305
4,16,uniform,0.0008056540600000004,0.00025607634605119886
4,16,uniform,0.0008079446599999996,0.00014565042551034467
4,16,uniform,0.0006888799600000001,0.0002640038391675604
4,16,uniform,0.0008306711599999999,0.00016254812814384134
4,16,uniform,0.0007166564,0.00014854647188375464
4,16,uniform,0.001162544760000001,0.0004885848466372721
4,16,uniform,0.0007722909400000005,0.0000868217791432541
4,16,uniform,0.0008160291399999993,0.00016140461229266175
4,16,uniform,0.0008888601999999995,0.0004278517399996302
4,16,uniform,0.0014126221000000006,0.0007083396880103658
4,16,uniform,0.0007949089799999998,0.00014840704857178752
4,16,uniform,0.0012072817800000014,0.0006411158771988537
4,16,uniform,0.0008837803000000001,0.00028048590501136497
4,16,uniform,0.0007348837199999998,0.00012701632607031268
4,16,uniform,0.0013368084,0.00039437545263759893
4,16,uniform,0.0007602662600000003,0.0001510412917568129
4,16,uniform,0.0008342176200000003,0.00021109874330614418
4,16,uniform,0.0013516427199999996,0.0007935084063892806
4,16,uniform,0.0007682009000000002,0.00014743506693385027
4,16,uniform,0.0008396599800000002,0.0001794990345984871
4,16,uniform,0.0009203966799999994,0.00019537020936798144
4,16,uniform,0.00023474352000000075,0.00018126194129417612
4,16,uniform,0.0008014730399999991,0.00023347138986144184
4,16,uniform,0.00139188158,0.0008995849144597499
4,16,uniform,0.0012404355800000005,0.0005516311309431835
4,16,uniform,0.0008454004000000004,0.00019173490541311917
4,16,uniform,0.0009152131999999996,0.00035907377847555383
4,16,uniform,0.0005859808999999994,0.00020499402273640944
4,16,uniform,0.0007338027800000001,0.0001554026977729509
4,16,uniform,0.00080939616,0.0002613323143267549
4,16,uniform,0.0008671182000000003,0.00020929460118080767
4,16,uniform,0.0007445289,0.00012595266465890192
4,16,uniform,0.0008123240199999999,0.00021468387270302057
4,16,uniform,0.0007319210400000007,0.00015493489125435883
4,16,uniform,0.0007743846399999992,0.00011228458363466955
4,16,uniform,0.0009072044000000003,0.0002683667429918535
4,16,uniform,0.0008735330199999998,0.00017475508795228564
4,16,uniform,0.0007727918400000003,0.00014713708795179186
4,16,uniform,0.0008649747600000003,0.0002263765551877619
4,16,uniform,0.0003080498400000002,0.0000845938186794204
4,16,uniform,0.0007735136599999997,0.0001847576785906941
4,16,uniform,0.0011805184400000006,0.0005259540744266978
4,16,uniform,0.0009902560800000002,0.00039160811637225075
4,16,uniform,0.0008773484000000008,0.0003129951372398442
4,16,uniform,0.0008049458000000008,0.0002057986851436239
4,16,uniform,0.0009479941999999996,0.0002631008730346807
4,16,uniform,0.0009315889600000005,0.0003177667604594603
4,16,uniform,0.00116357708,0.0005100651905172299
4,16,uniform,0.0008921551799999994,0.0003272102710479744
4,16,uniform,0.0008603848799999996,0.00019332348676962829
4,16,uniform,0.0016927116000000006,0.0005798770551706055
4,16,uniform,0.00085916776,0.000688534387691421
4,16,uniform,0.0005617246999999997,0.0003290323364444595
4,16,uniform,0.0009143691000000002,0.0002841318480944288
4,16,uniform,0.0007828002999999998,0.00015380810304694615
4,16,uniform,0.0009145729599999997,0.00020189756356432616
4,16,uniform,0.0008837025199999994,0.0002924027522753125
4,16,uniform,0.0007978917599999996,0.00020176414305721202
4,16,uniform,0.0007984928199999996,0.00018904502413331765
4,16,uniform,0.0007781618399999998,0.0002750077221680229
4,16,uniform,0.0006988457999999994,0.00016553197157796704
4,16,uniform,0.0008648147399999999,0.0001709105576166799
4,16,uniform,0.0007665651599999994,0.00018721932108317358
4,16,intrel,0.0006942840599999992,0.00019042168511971877
4,16,intrel,0.0008521499200000001,0.00012940591171349167
4,16,intrel,0.0008675215400000006,0.00011731811678987283
4,16,intrel,0.0010713170599999998,0.00022528696311583502
4,16,intrel,0.0009159173199999995,0.0002605058741766574
4,16,intrel,0.0008098493199999998,0.00015153626890528004
4,16,intrel,0.0009137302399999997,0.00016557199081061058
4,16,intrel,0.00069900418,0.00019912775531047628
4,16,intrel,0.0006390803000000002,0.00010528828898579153
4,16,intrel,0.0008856121599999994,0.00013023741839890375
4,16,intrel,0.0009634237799999995,0.00017437008046310897
4,16,intrel,0.00083981352,0.0001603206207377371
4,16,intrel,0.00202297902,0.0004886438598429671
4,16,intrel,0.0008309403199999994,0.00029442264041395014
4,16,intrel,0.0009882464800000006,0.00024083852724235533
4,16,intrel,0.0009302709999999997,0.00022390397122687812
4,16,intrel,0.00106931322,0.00018918164204691397
4,16,intrel,0.00198249988,0.001267530432589736
4,16,intrel,0.00081257928,0.00020379005118547326
4,16,intrel,0.0010033994799999995,0.00020282972713422568
4,16,intrel,0.0012220754599999999,0.0004932045867790341
4,16,intrel,0.0011864550600000003,0.000398855114673779
4,16,intrel,0.0008935821000000003,0.0003162158069297505
4,16,intrel,0.0009292607999999994,0.00019804539615956744
4,16,intrel,0.00132007846,0.00035856956321107043
4,16,intrel,0.0007933204200000004,0.0001340164327708443
4,16,intrel,0.0009072894199999993,0.00015841783420930447
4,16,intrel,0.0009370720599999997,0.00021321193924971052
4,16,intrel,0.0009388745800000007,0.00025666712016635265
4,16,intrel,0.0010057366799999996,0.00032723737015533203
4,16,intrel,0.0009233865000000001,0.00009781557997669784
4,16,intrel,0.001004633180000001,0.0002443427517086284
4,16,intrel,0.0008262986,0.00025166713959814285
4,16,intrel,0.0009434478400000001,0.0001540748474200481
4,16,intrel,0.0011201024400000006,0.0002647020305980335
4,16,intrel,0.0011971825200000005,0.00038567060281022194
4,16,intrel,0.0009945899400000003,0.00013884835832006726
4,16,intrel,0.0016120630599999995,0.0006168829642337533
4,16,intrel,0.00121750378,0.0014722190888406407
4,16,intrel,0.0010287046599999998,0.00033127956650245657
4,16,intrel,0.0008033950799999993,0.0001493346692060785
4,16,intrel,0.0008989612200000004,0.00019025566567709178
4,16,intrel,0.0010258964999999998,0.00035447132055160693
4,16,intrel,0.0008236798800000001,0.00017736900478722623
4,16,intrel,0.0008748489200000008,0.00010336252595920176
4,16,intrel,0.0008836876000000001,0.00009926675566869748
4,16,intrel,0.0009835349800000003,0.0002277244249606431
4,16,intrel,0.001016298099999999,0.00042356902501659757
4,16,intrel,0.0037094489200000004,0.0027068946143349983
4,16,intrel,0.00080230128,0.000678717651007349
4,16,intrel,0.0008379939199999999,0.00013072606396906646
4,16,intrel,0.0008710555599999989,0.00023334957446488827
4,16,intrel,0.0009769285200000005,0.00017445153691272286
4,16,intrel,0.0009672207799999997,0.0002824359386319313
4,16,intrel,0.0008385518799999998,0.00013745821736868905
4,16,intrel,0.0013676863,0.000598706072272762
4,16,intrel,0.001001149680000001,0.00016128859525707325
4,16,intrel,0.0010088716599999997,0.0003475966874750103
4,16,intrel,0.0009772552200000002,0.0001619869463789187
4,16,intrel,0.0008315432600000006,0.0001758274565041283
4,16,intrel,0.0008840789399999999,0.0001559045174700065
4,16,intrel,0.0011242361599999992,0.0006050947217526361
4,16,intrel,0.0008629416999999997,0.00015404870496566988
4,16,intrel,0.0009937088799999998,0.0002607359335641246
4,16,intrel,0.0009872334200000002,0.00023961948272755752
4,16,intrel,0.0013157486399999999,0.0003041166218137012
4,16,intrel,0.0008231650800000001,0.0001448895070465
4,16,intrel,0.0012490240000000011,0.00047436432824683045
4,16,intrel,0.000834933779999999,0.00026032383721479166
4,16,intrel,0.0007384325199999996,0.0001708081453730732
4,16,intrel,0.0008741343800000009,0.0002833549272317318
4,16,intrel,0.0009062315399999994,0.0001125360295949208
4,16,intrel,0.0008715645399999994,0.00021749105893471672
4,16,intrel,0.0009140314999999996,0.0006560223640372245
4,16,intrel,0.00092635432,0.00018506742104361135
4,16,intrel,0.0011428001399999995,0.00044834777468465
4,16,intrel,0.0015529914400000005,0.001096308910053792
4,16,intrel,0.0006293314600000007,0.0004085112635586959
4,16,intrel,0.0009225607999999996,0.0001383495803294442
4,16,intrel,0.0009248816600000008,0.00019286762186965332
4,16,intrel,0.0010060269800000001,0.00023327552988403595
4,16,intrel,0.0010131791599999997,0.0001986860826678048
4,16,intrel,0.0008741938600000009,0.00013210617330331105
4,16,intrel,0.0009347675799999996,0.00026774954394948193
4,16,intrel,0.0008697292199999993,0.00024636020629758556
4,16,intrel,0.0009660952199999995,0.00043564026690306974
4,16,intrel,0.0008830851000000012,0.00019003367719635025
4,16,intrel,0.0013216420600000002,0.0006026098266481665
4,16,intrel,0.0009608075000000008,0.00020435286427400256
4,16,intrel,0.0010336183200000007,0.0002622530379264567
4,16,intrel,0.0009798432600000007,0.00018501531717238988
4,16,intrel,0.0009367894000000002,0.0002817393756699622
4,16,intrel,0.0009823741999999997,0.00021472772527148572
4,16,intrel,0.0011020217799999996,0.00023224048688243155
4,16,intrel,0.0008264066999999996,0.00013983091112149219
4,16,intrel,0.0011570053599999999,0.0002046292658612969
4,16,intrel,0.0009478488199999998,0.00015139770198094527
4,16,intrel,0.0009734898999999989,0.0006315353270371784
4,16,intrel,0.00108607442,0.000398950646787238
4,16,intrel,0.0008665681399999996,0.00016895868239950794
5,16,uniform,0.0007239290200000004,0.00021431494134401568
5,16,uniform,0.0007452046799999995,0.00015705447104000432
5,16,uniform,0.0008845127600000009,0.00019386503415202714
5,16,uniform,0.0008604601999999994,0.00016773993311820537
5,16,uniform,0.00085266562,0.00018681824511671474
5,16,uniform,0.0008523752000000004,0.0002231203983737132
5,16,uniform,0.0021327523,0.001223434094623073
5,16,uniform,0.0006747167000000001,0.00017174513787314815
5,16,uniform,0.0016401632999999993,0.0003706306036936537
5,16,uniform,0.0004585975799999988,0.00011503187025153792
5,16,uniform,0.0007432171200000002,0.00013311270145344257
5,16,uniform,0.00082091634,0.0001406342297933425
5,16,uniform,0.0008371034400000002,0.00010088555692907134
5,16,uniform,0.0008856215000000005,0.0002184869025974377
5,16,uniform,0.0008466458799999998,0.00008648019795723304
5,16,uniform,0.0007287081000000005,0.00016124308860947256
5,16,uniform,0.0007908669399999995,0.0001343177021105807
5,16,uniform,0.0008130143799999998,0.00016159900063717386
5,16,uniform,0.0008289767999999998,0.00015057110327151087
5,16,uniform,0.0008635745599999998,0.00014144084959146543
5,16,uniform,0.000855781640000001,0.00016384648351917716
5,16,uniform,0.0006188097400000002,0.00023425301408778324
5,16,uniform,0.0008312783400000006,0.00019561304583102046
5,16,uniform,0.0008339496799999995,0.00021705452284376237
5,16,uniform,0.0008163958999999995,0.0001413821793216292
5,16,uniform,0.0008176919399999994,0.0001509031611127923
5,16,uniform,0.0007276295399999998,0.00014354668592621704
5,16,uniform,0.0010064392800000004,0.0002858128295304854
5,16,uniform,0.0008403711799999998,0.0001834764952322534
5,16,uniform,0.0006855179000000014,0.00021132515677455178
5,16,uniform,0.0007775220000000001,0.0003281691776798465
5,16,uniform,0.0007586624800000003,0.00010633420043747811
5,16,uniform,0.0008083929199999994,0.0001771246956921717
5,16,uniform,0.0012103004199999995,0.000614666027704666
5,16,uniform,0.0007833099199999992,0.0000878935596184385
5,16,uniform,0.0008138249199999999,0.00016154144280940553
5,16,uniform,0.0006650216399999987,0.0005445259887553985
5,16,uniform,0.00084926246,0.00022067201021435512
5,16,uniform,0.0008413797399999999,0.0001488379859088025
5,16,uniform,0.0007897940599999997,0.00017278127736547276
5,16,uniform,0.0008976696999999997,0.0002199755757977841
5,16,uniform,0.0008178795200000008,0.00013324583739693753
5,16,uniform,0.0009044835800000008,0.0001692374748858341
5,16,uniform,0.0008605519200000002,0.00015265948892446158
5,16,uniform,0.0008200138200000005,0.0001589177450738099
5,16,uniform,0.00093026524,0.00023500564872681482
5,16,uniform,0.0012522612399999999,0.0005365566414951403
5,16,uniform,0.000895748540000001,0.00023152439300178377
5,16,uniform,0.0007988054400000003,0.00010528321302911178
5,16,uniform,0.0008670444600000004,0.00013076492218838093
5,16,uniform,0.0008149482799999988,0.00010437268485836924
5,16,uniform,0.0008906970199999996,0.00019321466099824486
5,16,uniform,0.0008369958399999999,0.0001606625068215287
5,16,uniform,0.00080166024,0.00007864000014552956
5,16,uniform,0.0007921911800000001,0.00010756576158982928
5,16,uniform,0.0008071093000000002,0.00011503631312493364
5,16,uniform,0.0008788605400000006,0.00009005806721227762
5,16,uniform,0.0009558235399999996,0.0001465976543991902
5,16,uniform,0.00075127226,0.0000767524722080301
5,16,uniform,0.0008129977199999993,0.00012751125645108099
5,16,uniform,0.00115058138,0.00040016424250195916
5,16,uniform,0.0010109882199999995,0.000870532464103334
5,16,uniform,0.0008370781999999996,0.00018396049958969147
5,16,uniform,0.0009109264199999997,0.00020762783845407407
5,16,uniform,0.0008077352399999994,0.00011392643049544452
5,16,uniform,0.0008019147799999991,0.00016107739881811818
5,16,uniform,0.0009364785000000001,0.00016312142009749128
5,16,uniform,0.0005265627599999994,0.00011849172695921756
5,16,uniform,0.0013096456,0.0006312186747860663
5,16,uniform,0.0012503267400000005,0.0011523865701377248
5,16,uniform,0.0010213501,0.0004033238090960881
5,16,uniform,0.0008456339199999996,0.00018734969255568878
5,16,uniform,0.0008398337400000013,0.00016613647931959774
5,16,uniform,0.0008434518599999997,0.00011183278292964402
5,16,uniform,0.0008207296600000009,0.00014467643648331653
5,16,uniform,0.0008155011399999995,0.00018296288931939173
5,16,uniform,0.0007912253800000001,0.00010930034283005097
5,16,uniform,0.0008351394400000001,0.00018682735887337278
5,16,uniform,0.0008604685800000003,0.0001941484390683525
5,16,uniform,0.0008808693399999998,0.00016775512542131836
5,16,uniform,0.0008075270999999999,0.00012823616992274666
5,16,uniform,0.0009273262399999993,0.00019398083978661968
5,16,uniform,0.0007895235600000009,0.00013235225440387817
5,16,uniform,0.0007651017600000009,0.00011311699520604516
5,16,uniform,0.0008596632000000008,0.00010448629301492132
5,16,uniform,0.0008127298799999993,0.00011963518700453942
5,16,uniform,0.0007713359600000003,0.00006679315849529634
5,16,uniform,0.0008494046000000005,0.00018434303042911299
5,16,uniform,0.0008370786600000006,0.00014681326979821833
5,16,uniform,0.0008796347399999998,0.0002050214416164536
5,16,uniform,0.0008725711600000007,0.00016515654419721514
5,16,uniform,0.0008276325400000007,0.00011057714268208115
5,16,uniform,0.0007290193399999999,0.00011598339584248928
5,16,uniform,0.0008308532999999998,0.00010135903160196871
5,16,uniform,0.0007819166399999995,0.00010645748651947617
5,16,uniform,0.0011551486200000007,0.000319650344887886
5,16,uniform,0.0008559028800000004,0.00018194928416408296
5,16,uniform,0.0013940218800000009,0.00047445051147144014
5,16,uniform,0.0009362784400000002,0.00026794379619500227
5,16,uniform,0.0009238463200000005,0.00016224880639660263
5,16,intrel,0.0010586955400000001,0.00016529938363698355
5,16,intrel,0.0014479496799999993,0.00022069592354713346
5,16,intrel,0.0014232049200000002,0.00017678007133673827
5,16,intrel,0.0012081636800000005,0.00013384443369009497
5,16,intrel,0.00119957624,0.00015926566930425824
5,16,intrel,0.0010835235000000003,0.00014457528085533847
5,16,intrel,0.0014814344200000005,0.0001622156590756406
5,16,intrel,0.0012491781999999997,0.00038734382394372126
5,16,intrel,0.00143165108,0.00022133231352287658
5,16,intrel,0.0013407588400000006,0.00014383276549215836
5,16,intrel,0.0013488692800000003,0.00019929852770309716
5,16,intrel,0.0009984109999999998,0.00010269162279454824
5,16,intrel,0.0010497500999999995,0.00008713839324533006
5,16,intrel,0.0014785592600000009,0.00014510832673695872
5,16,intrel,0.0008797152199999999,0.00010055101429269072
5,16,intrel,0.0012082322200000005,0.0004072438439513442
5,16,intrel,0.0010228910999999998,0.00017467525384517917
5,16,intrel,0.0012542887199999994,0.00020987070412859763
5,16,intrel,0.0008481319599999999,0.00009491211174063438
5,16,intrel,0.0009929679599999992,0.00010226709505212324
5,16,intrel,0.0009055419599999996,0.000112649136571135
5,16,intrel,0.001217568160000001,0.00006895052989595748
5,16,intrel,0.0014306303399999997,0.00006743078680971898
5,16,intrel,0.0011676134600000002,0.00019463227297105112
5,16,intrel,0.0013754308999999998,0.00013652036514242934
5,16,intrel,0.0009073757200000005,0.00012413400142699733
5,16,intrel,0.00104689328,0.0001885678102686434
5,16,intrel,0.001912892,0.0004166566168071205
5,16,intrel,0.0010734202999999993,0.00010520222342094825
5,16,intrel,0.001639140460000001,0.00040138631317031184
5,16,intrel,0.0011053933399999996,0.00032417170987927927
5,16,intrel,0.0013038988800000001,0.00016207854253978912
5,16,intrel,0.0009253854400000002,0.0001417034532622421
5,16,intrel,0.00135346266,0.00012911795299544264
5,16,intrel,0.00086731054,0.00011789974314570078
5,16,intrel,0.0013177454000000005,0.00018961461737148152
5,16,intrel,0.0013157259599999999,0.00017975879651280872
5,16,intrel,0.0010302917800000002,0.00014643403940269113
5,16,intrel,0.0012543445400000006,0.0002543739679435465
5,16,intrel,0.0007892335799999997,0.0000874973442248392
5,16,intrel,0.0010833106000000003,0.00012686099566432723
5,16,intrel,0.0010662578600000006,0.00016814471967276686
5,16,intrel,0.0011568244399999996,0.00026649376626899425
5,16,intrel,0.00103250974,0.0001567166277619152
5,16,intrel,0.0012544090399999991,0.00011672809133428181
5,16,intrel,0.00108944612,0.00014470844883884438
5,16,intrel,0.0010267810400000003,0.00012510470938950836
5,16,intrel,0.0008945493799999997,0.00012961940428162072
5,16,intrel,0.0009868910999999993,0.00015125020327126835
5,16,intrel,0.0009558755999999991,0.00017027176747713902
5,16,intrel,0.0008689676800000002,0.00010720223867293487
5,16,intrel,0.0014520925199999995,0.00016281475574614788
5,16,intrel,0.0011302032400000003,0.00019664323735754446
5,16,intrel,0.0010807564599999999,0.0001490302630776343
5,16,intrel,0.0009908373200000005,0.00021396064184185312
5,16,intrel,0.00102789686,0.00011476634961927352
5,16,intrel,0.0009688167200000003,0.0001926770470089782
5,16,intrel,0.0017966104800000008,0.0005396265985306259
5,16,intrel,0.0009761982799999999,0.00006511461413709079
5,16,intrel,0.0010851064599999999,0.0001367829537888808
5,16,intrel,0.0019153559199999999,0.0003380811371862613
5,16,intrel,0.0010821351599999997,0.00017582669327181246
5,16,intrel,0.00113680614,0.0001364151345106384
5,16,intrel,0.0009693479599999997,0.00007212483565388557
5,16,intrel,0.0011192639999999992,0.00026968149149394745
5,16,intrel,0.0010822802799999999,0.00011823365602573199
5,16,intrel,0.0008402834399999996,0.0001199124979664107
5,16,intrel,0.0009635182600000001,0.0001435600824726552
5,16,intrel,0.0015530143999999996,0.00034933903417239256
5,16,intrel,0.0009241678999999996,0.00010563255756336574
5,16,intrel,0.0011339379400000006,0.00017008706931480723
5,16,intrel,0.0007878226000000002,0.0000757020751241338
5,16,intrel,0.0012497093000000004,0.00013289042338876208
5,16,intrel,0.00135454646,0.00018079174438145364
5,16,intrel,0.0010844123599999997,0.00014967909610025346
5,16,intrel,0.00090056958,0.00009770192008126892
5,16,intrel,0.0009857970399999997,0.0002719096553474252
5,16,intrel,0.0010559338999999988,0.0002726638770017237
5,16,intrel,0.0014736398599999997,0.0000910878179354042
5,16,intrel,0.00096800246,0.00015394079232556327
5,16,intrel,0.0021421496800000006,0.00027860250772718785
5,16,intrel,0.001406947219999999,0.00011598145422729354
5,16,intrel,0.0012981515600000006,0.0001872489337947988
5,16,intrel,0.0010720026600000005,0.00017664805093166346
5,16,intrel,0.0008376732800000001,0.00012016525673698978
5,16,intrel,0.0008143090199999996,0.0001488944321174122
5,16,intrel,0.0014880657599999996,0.0001739624121911908
5,16,intrel,0.0013633039,0.0003507983697849648
5,16,intrel,0.0012317958800000008,0.0001560332425837877
5,16,intrel,0.0015805430200000001,0.00016336743168919016
5,16,intrel,0.0018062951199999996,0.0006865392240421924
5,16,intrel,0.0015509845200000004,0.00009563635538643238
5,16,intrel,0.0015174678,0.00025764428351861843
5,16,intrel,0.0008890844800000011,0.0001189475344615805
5,16,intrel,0.0009491399600000001,0.00007002346469743791
5,16,intrel,0.00094761334,0.00012844727246829517
5,16,intrel,0.0014760876400000003,0.00015532118435054352
5,16,intrel,0.0014253210399999996,0.00019134590926603176
5,16,intrel,0.0009644613600000001,0.00023118768673835848
5,16,intrel,0.0008656784799999995,0.00012088442497618222
6,16,uniform,0.0009154173799999993,0.00019510721472177508
6,16,uniform,0.0009331122600000002,0.0001453684451737493
6,16,uniform,0.000885615339999999,0.00014765112308095276
6,16,uniform,0.0008737273200000002,0.00021422886655539936
6,16,uniform,0.00083466424,0.00013986382368611264
6,16,uniform,0.0008415540400000001,0.0001805129769032009
6,16,uniform,0.0008220780400000008,0.00012940113308021866
6,16,uniform,0.0008866859800000003,0.00011691989234875497
6,16,uniform,0.0009176646399999993,0.00027275456233277653
6,16,uniform,0.0008044853200000004,0.00008586198795379586
6,16,uniform,0.0008084676400000008,0.00008817318633796158
6,16,uniform,0.0008386232400000001,0.00016658040901938815
6,16,uniform,0.0008076044800000004,0.00012728816254904113
6,16,uniform,0.0008209945000000006,0.0001440782234912688
6,16,uniform,0.0008901979599999991,0.00017448359762529738
6,16,uniform,0.0008404306199999994,0.00013456563305093913
6,16,uniform,0.00084304306,0.0003667510754792077
6,16,uniform,0.0013854164400000004,0.000596442608979467
6,16,uniform,0.0007497596000000004,0.00012173112634454303
6,16,uniform,0.0009825910999999995,0.0003063054411270626
6,16,uniform,0.0008797421999999999,0.00014978908635752543
6,16,uniform,0.0008645132199999996,0.00015296631644748173
6,16,uniform,0.0009097954400000003,0.0001842905978182887
6,16,uniform,0.0008640056000000001,0.00011603726311189875
6,16,uniform,0.0008564122800000006,0.00010303169470933582
6,16,uniform,0.00089071896,0.0001824824693634676
6,16,uniform,0.0007528238200000001,0.00013734804068270422
6,16,uniform,0.00083243954,0.00016337938415221038
6,16,uniform,0.0008303892800000004,0.00012272131643434152
6,16,uniform,0.0008877207399999995,0.00015909942367854272
6,16,uniform,0.0007885612200000003,0.00011764057226942487
6,16,uniform,0.0008146678000000001,0.00012717002157780743
6,16,uniform,0.0007053215599999994,0.00026613261818351217
6,16,uniform,0.0008228585399999995,0.0001432443502368128
6,16,uniform,0.001020168379999999,0.0002617028836172808
6,16,uniform,0.0008927947799999998,0.0001011778757425643
6,16,uniform,0.0008899392999999998,0.00018342836733689202
6,16,uniform,0.0008415733200000001,0.0001872032457136717
6,16,uniform,0.0009295719400000008,0.0003118246344587682
6,16,uniform,0.0007973391200000004,0.00009799942511741819
6,16,uniform,0.0008524183399999995,0.00008967852767828234
6,16,uniform,0.0009189205400000003,0.0001494718043870185
6,16,uniform,0.0008152831600000008,0.00007973453132607529
6,16,uniform,0.0008305694799999999,0.0002014968943492678
6,16,uniform,0.0008965012399999991,0.00018722572236041124
6,16,uniform,0.0008381889,0.00021833425073417945
6,16,uniform,0.0008173477800000011,0.00013491165990116972
6,16,uniform,0.0013014793400000005,0.000367554455204199
6,16,uniform,0.0008592476799999998,0.000705766528274235
6,16,uniform,0.0008093149999999991,0.00011597005123206021
6,16,uniform,0.0008826883800000017,0.00022042783411649471
6,16,uniform,0.00116752334,0.000441785090477259
6,16,uniform,0.0008171548399999997,0.0001512184101064124
6,16,uniform,0.00089641458,0.00014799531861650218
6,16,uniform,0.0009100715000000002,0.0002085137830501326
6,16,uniform,0.0009411349200000004,0.00023870886613355333
6,16,uniform,0.0008435877600000002,0.00013161427083126074
6,16,uniform,0.0008754067800000001,0.00013714468907204046
6,16,uniform,0.0007708080600000008,0.00007216863989765761
6,16,uniform,0.0009253991599999997,0.00015307152716165082
6,16,uniform,0.0007855609800000007,0.0001199392099146248
6,16,uniform,0.0007941713199999997,0.00008416982064743999
6,16,uniform,0.0008266154600000001,0.00013579834981328426
6,16,uniform,0.0008094649199999994,0.00012824450204152135
6,16,uniform,0.0008277308399999999,0.00010365399439138316
6,16,uniform,0.00085343236,0.0002460688419913104
6,16,uniform,0.000898374240000001,0.00019195661034850794
6,16,uniform,0.0007797555600000003,0.00012089767182410457
6,16,uniform,0.0009174360199999995,0.0001497154901910806
6,16,uniform,0.0008622612199999998,0.0001748763021084396
6,16,uniform,0.0008261781599999995,0.00013587302021552658
6,16,uniform,0.0008140019600000002,0.00014608324318536866
6,16,uniform,0.0009088740200000001,0.00015500347094092224
6,16,uniform,0.0008242214199999998,0.00012745897091173214
6,16,uniform,0.0008504625199999994,0.00014864450800991982
6,16,uniform,0.0008977107200000009,0.00016922696438622831
6,16,uniform,0.00079999156,0.00010808031102230319
6,16,uniform,0.0008156552599999998,0.00007114356482876332
6,16,uniform,0.0009467749400000001,0.00021968606961007386
6,16,uniform,0.0005229246000000001,0.00026686133727139594
6,16,uniform,0.0007617066799999995,0.00006603113608021935
6,16,uniform,0.0010021300199999999,0.0001838427300887606
6,16,uniform,0.0008491061400000005,0.0001546738977659126
6,16,uniform,0.0007897709000000001,0.0001611748815609237
6,16,uniform,0.000963810960000001,0.00012560153801181468
6,16,uniform,0.0008187545200000004,0.00012048699295331974
6,16,uniform,0.0011689131400000011,0.00028939410324338753
6,16,uniform,0.0010217957,0.0002930648691119425
6,16,uniform,0.0008277553800000003,0.00014453465364541482
6,16,uniform,0.0008607023400000007,0.00007932652881294584
6,16,uniform,0.0007564958599999997,0.0001362541714248696
6,16,uniform,0.00081095752,0.00010850890847345212
6,16,uniform,0.0009357045000000002,0.0002630619758341918
6,16,uniform,0.0007876433200000009,0.00012232661031844213
6,16,uniform,0.0008777973200000007,0.00011917063801401197
6,16,uniform,0.00080349678,0.00013768978215119828
6,16,uniform,0.000870474880000001,0.0001345977353879576
6,16,uniform,0.0009245588400000002,0.00017382486535284108
6,16,uniform,0.00103360508,0.0002659838752819426
6,16,uniform,0.0009051601400000001,0.0001468849328896981
6,16,intrel,0.0011023605599999994,0.00008097382724998935
6,16,intrel,0.003369451779999999,0.0001550721802474936
6,16,intrel,0.00184366256,0.00018706735329349522
6,16,intrel,0.0015748181400000005,0.00014149784242469722
6,16,intrel,0.000986085079999999,0.0001572879773324853
6,16,intrel,0.0011239194200000015,0.00007970091041449904
6,16,intrel,0.0009927529999999996,0.0001826967408534944
6,16,intrel,0.00097101328,0.00009188770438898663
6,16,intrel,0.0015814608000000007,0.000499756668990342
6,16,intrel,0.0006218067200000007,0.00006585360003835103
6,16,intrel,0.0014867526800000001,0.00023930660911950974
6,16,intrel,0.00141449532,0.0011077206488752578
6,16,intrel,0.0017184214999999999,0.0007309123192985068
6,16,intrel,0.000931939779999999,0.0001571357371746902
6,16,intrel,0.002659019480000001,0.0001437667413038295
6,16,intrel,0.00218989158,0.0001607895492958629
6,16,intrel,0.00084093156,0.00006494117240292686
6,16,intrel,0.0013204193200000006,0.00023595609992868488
6,16,intrel,0.0012289203599999995,0.00007052038398371869
6,16,intrel,0.0015807494799999992,0.00021077198629664552
6,16,intrel,0.0015900161399999997,0.00023415741754927272
6,16,intrel,0.0016567080400000007,0.00032736125762271
6,16,intrel,0.00108552148,0.00015668118788518016
6,16,intrel,0.0015832515799999998,0.0002421649942559594
6,16,intrel,0.0014693056599999995,0.0001437648428435207
6,16,intrel,0.0009911811200000002,0.0001221095564375605
6,16,intrel,0.0018091519200000004,0.0001578568619176527
6,16,intrel,0.00172534032,0.0001800443080298722
6,16,intrel,0.0027026888000000002,0.00017486533912826872
6,16,intrel,0.0016204290199999995,0.00018617340659148342
6,16,intrel,0.0015884224200000008,0.0002571777291536385
6,16,intrel,0.00112706752,0.00011547638995357928
6,16,intrel,0.001038695980000001,0.0001446188575858396
6,16,intrel,0.0011216164600000003,0.00016687384666467858
6,16,intrel,0.0013918730400000003,0.00016146088597552045
6,16,intrel,0.0011306742799999992,0.00016623603221310217
6,16,intrel,0.0021169334000000007,0.00024242546389812743
6,16,intrel,0.0010049609,0.00016286413825571846
6,16,intrel,0.0015674954199999998,0.0005701271122146943
6,16,intrel,0.0016912674800000009,0.00016977323966933742
6,16,intrel,0.0011311166000000004,0.00024516732342085153
6,16,intrel,0.0010312973999999993,0.00013276027109727603
6,16,intrel,0.0009332727399999997,0.0001551825156119579
6,16,intrel,0.001160385,0.00008707077299402926
6,16,intrel,0.0014926588799999997,0.00013877687046802878
6,16,intrel,0.0014447709,0.0005554994249310055
6,16,intrel,0.0014508879199999999,0.00012546245198061798
6,16,intrel,0.0009266405400000004,0.00018937618038441077
6,16,intrel,0.00220593404,0.00014443767032814618
6,16,intrel,0.00157217542,0.0002659023246912921
6,16,intrel,0.0028254749800000005,0.00008057543675035895
6,16,intrel,0.0017525126199999994,0.00013655952631569393
6,16,intrel,0.0014607660200000004,0.0001388278925418089
6,16,intrel,0.0018558396400000002,0.00014091664258548964
6,16,intrel,0.0012744303599999999,0.00012267809343136844
6,16,intrel,0.002010280599999999,0.00017163254361186214
6,16,intrel,0.0010442657799999999,0.0001407382034747101
6,16,intrel,0.0011222279800000008,0.00015196834368486815
6,16,intrel,0.00156300074,0.00013512910225414474
6,16,intrel,0.0019627534199999994,0.00010416826215850126
6,16,intrel,0.0011271343199999993,0.00014687899745845223
6,16,intrel,0.0017296267999999996,0.00016010033399243388
6,16,intrel,0.00122152658,0.0002095056320399155
6,16,intrel,0.00115582298,0.00011752458696256802
6,16,intrel,0.0009113699400000003,0.00014293182322989588
6,16,intrel,0.0014891153799999998,0.00010396377982547588
6,16,intrel,0.0014552236200000006,0.000097470842110745
6,16,intrel,0.0016627806799999999,0.0005477235692211193
6,16,intrel,0.0015229084800000008,0.0004913229728810888
6,16,intrel,0.0010280336399999999,0.00011100519060161102
6,16,intrel,0.00132436556,0.00017049422854881495
6,16,intrel,0.0012978993799999995,0.000259483733491545
6,16,intrel,0.0010169249999999997,0.000491006270193286
6,16,intrel,0.0009930717399999997,0.00022754069616087968
6,16,intrel,0.001353160980000001,0.00015200705180703504
6,16,intrel,0.001043834,0.00018071176482580085
6,16,intrel,0.0012044223399999994,0.00011229450978867028
6,16,intrel,0.0013662591600000005,0.00012211079149876788
6,16,intrel,0.0014736718800000004,0.000155535894608715
6,16,intrel,0.0016221115399999997,0.00006585179605548611
6,16,intrel,0.0009042823599999998,0.00008205922836017084
6,16,intrel,0.0015584961000000008,0.00015341966307687627
6,16,intrel,0.0016680065600000009,0.00024199280089438844
6,16,intrel,0.0016247280599999993,0.000205407766336459
6,16,intrel,0.0014975869400000006,0.00013301909264212163
6,16,intrel,0.001349652020000001,0.00015952443762021058
6,16,intrel,0.001322509180000001,0.00010046631851609662
6,16,intrel,0.0010752784200000003,0.00016469039984488067
6,16,intrel,0.0015230681800000004,0.00011902143136632551
6,16,intrel,0.001157301740000001,0.00013478877941612542
6,16,intrel,0.0015123037000000002,0.00023803571836785337
6,16,intrel,0.0030424312,0.0002300173897444374
6,16,intrel,0.0014349370200000002,0.00010329651758597136
6,16,intrel,0.0015493088600000006,0.00008472751448391611
6,16,intrel,0.0012180780000000005,0.00012633998268380615
6,16,intrel,0.0017774641400000002,0.00019196835952902948
6,16,intrel,0.0010772478799999997,0.000123287099737023
6,16,intrel,0.0015370427200000008,0.00016873521314585705
6,16,intrel,0.0014747938599999999,0.00016194927576250538
6,16,intrel,0.0012524541800000009,0.00012902810341889782
7,16,uniform,0.0008667725399999998,0.00016238873164111823
7,16,uniform,0.0008713509399999998,0.00014948321710483463
7,16,uniform,0.0007685692200000003,0.00009102048873474102
7,16,uniform,0.0008990761600000006,0.00019804583360424433
7,16,uniform,0.0007891404999999998,0.00009287482061499057
7,16,uniform,0.0008997994199999998,0.00012014365087751324
7,16,uniform,0.0010190753999999994,0.00028445852261346175
7,16,uniform,0.0008727829200000008,0.00014739370613956192
7,16,uniform,0.0008826624799999998,0.00015381410150698156
7,16,uniform,0.0008350593799999996,0.00008097204661479717
7,16,uniform,0.0008123679999999999,0.0001247830401858006
7,16,uniform,0.0009141676200000011,0.00007543836214501362
7,16,uniform,0.0012315143600000005,0.00045692784554516317
7,16,uniform,0.0008810716600000004,0.00022775015294496632
7,16,uniform,0.00081430602,0.00006776422301185192
7,16,uniform,0.0008557412199999998,0.00014036400820838013
7,16,uniform,0.0008813700600000002,0.00012396547098087883
7,16,uniform,0.000851412,0.00008112910878867367
7,16,uniform,0.0009343260200000005,0.00019423510026886373
7,16,uniform,0.0009547589199999998,0.00017462494359232368
7,16,uniform,0.0008730225600000002,0.00011185963732190845
7,16,uniform,0.0009289343399999994,0.00015335567294078896
7,16,uniform,0.0008863519999999998,0.00019893278273910067
7,16,uniform,0.0008329662799999996,0.00008451060872655769
7,16,uniform,0.0008766684399999997,0.00009289989276162926
7,16,uniform,0.00079235994,0.0000975303845806811
7,16,uniform,0.0008450580800000004,0.0000982326053625894
7,16,uniform,0.0010482964599999999,0.0003856818482074601
7,16,uniform,0.0012859031800000003,0.00037933611811959654
7,16,uniform,0.0008588914000000004,0.00020210572610121665
7,16,uniform,0.0008468641800000008,0.00015923438095531456
7,16,uniform,0.0007585381600000001,0.00011077859688530896
7,16,uniform,0.0013354152999999996,0.0003889486106064798
7,16,uniform,0.0009330239599999991,0.00043704809576578657
7,16,uniform,0.0011217289999999995,0.000510675099814571
7,16,uniform,0.0008699888399999998,0.0001464252670037214
7,16,uniform,0.0008994554399999998,0.000152250367531941
7,16,uniform,0.0008964567600000006,0.00031523156815226066
7,16,uniform,0.0008896192600000008,0.00024109270271919158
7,16,uniform,0.0008214438400000002,0.0000730753224666165
7,16,uniform,0.0008498693999999994,0.00011835877845113322
7,16,uniform,0.0009463483599999991,0.00023899648872092942
7,16,uniform,0.0008863054200000002,0.0001735537782693499
7,16,uniform,0.0008953948600000005,0.00010690739428958545
7,16,uniform,0.0008403035800000002,0.00015366409894615379
7,16,uniform,0.0008757419999999999,0.0001663011293428614
7,16,uniform,0.0008911085199999995,0.00018199851725537642
7,16,uniform,0.0008058663600000009,0.00005407457586015411
7,16,uniform,0.00097479216,0.00013433276118637465
7,16,uniform,0.0008320584599999995,0.00022065771310596767
7,16,uniform,0.0007938036800000005,0.0002301245269289604
7,16,uniform,0.0008509161400000003,0.0001634050974496953
7,16,uniform,0.0008902551600000006,0.00017341080665530753
7,16,uniform,0.0008451722600000003,0.0001465001108488394
7,16,uniform,0.0009285758600000015,0.00025231761161478383
7,16,uniform,0.0008699754599999999,0.00008603307631687031
7,16,uniform,0.00089302698,0.00015934085936343445
7,16,uniform,0.0008802611200000003,0.00010654525860397961
7,16,uniform,0.0007889523199999998,0.00011968046105642221
7,16,uniform,0.0006317253200000003,0.00010256263145398847
7,16,uniform,0.0009320945599999998,0.0001981435855941342
7,16,uniform,0.0010917184999999995,0.00047544822895247434
7,16,uniform,0.0007941471800000002,0.0001435738969770155
7,16,uniform,0.0009188148600000003,0.00015381973106869112
7,16,uniform,0.00118809562,0.00039272048765334077
7,16,uniform,0.0008610713000000009,0.00023799123319110353
7,16,uniform,0.00083623624,0.00010707596754376458
7,16,uniform,0.0010622044400000002,0.00033153188214810763
7,16,uniform,0.0008907830800000006,0.00020525373467927168
7,16,uniform,0.0008423365199999991,0.00019214306049414212
7,16,uniform,0.000866939260000001,0.00009994596069854721
7,16,uniform,0.00080591686,0.00009256694847304358
7,16,uniform,0.0011311622600000011,0.0005463000657778553
7,16,uniform,0.0009303617400000004,0.0002083011135174804
7,16,uniform,0.0014121759799999997,0.000516282960685923
7,16,uniform,0.0009161252800000006,0.0001279594894620082
7,16,uniform,0.0008478838999999999,0.0000940848851958816
7,16,uniform,0.0008203017199999992,0.00013042586867744702
7,16,uniform,0.0009229581999999998,0.00013810984028036043
7,16,uniform,0.0009362928999999996,0.00012157656340434663
7,16,uniform,0.0008593605599999995,0.00013780719048261275
7,16,uniform,0.000981677260000001,0.00020109005762430026
7,16,uniform,0.0009233249600000004,0.00021155618522337427
7,16,uniform,0.0008704699199999996,0.00009822991574651114
7,16,uniform,0.0009281343799999997,0.00016944177652584188
7,16,uniform,0.0007785154200000003,0.00008415189651662307
7,16,uniform,0.0008869159600000002,0.0002041251258833659
7,16,uniform,0.0008841518400000007,0.00009280047613647014
7,16,uniform,0.0007650755800000002,0.00017645163330275846
7,16,uniform,0.0016442571800000002,0.0004203328181323304
7,16,uniform,0.0008707128600000003,0.00014299262402053402
7,16,uniform,0.0008990226400000002,0.00014911826898718127
7,16,uniform,0.0009709665200000001,0.00012657218294378724
7,16,uniform,0.0011663656600000003,0.0005039488598556184
7,16,uniform,0.0004479377000000015,0.00012395974257726661
7,16,uniform,0.0008677349599999996,0.00012560601311265138
7,16,uniform,0.00097046228,0.0002888895699367956
7,16,uniform,0.00110879202,0.000523200099406676
7,16,uniform,0.0009609979399999999,0.00010424829525043667
7,16,uniform,0.0008461377400000006,0.00017807314905962407
7,16,intrel,0.0013747843199999996,0.00011373618876588427
7,16,intrel,0.0012425039799999998,0.00019476976508805359
7,16,intrel,0.0012483422800000001,0.00007333428729902244
7,16,intrel,0.0018652718599999995,0.00020342069557908248
7,16,intrel,0.0013362362399999997,0.0002524727626657092
7,16,intrel,0.0012230527600000014,0.00014823334581050846
7,16,intrel,0.0013738143999999992,0.00020291935061836212
7,16,intrel,0.0021962303800000015,0.0001860090150671019
7,16,intrel,0.0013265029200000005,0.00011740256097855033
7,16,intrel,0.0033402806200000003,0.0001638513974509287
7,16,intrel,0.002124377880000001,0.0002237698395657665
7,16,intrel,0.0010443148000000002,0.00023970356764600352
7,16,intrel,0.002417141140000001,0.00009952378328040209
7,16,intrel,0.0010234135199999998,0.00011949582505050123
7,16,intrel,0.0024818276400000003,0.0002348768189753942
7,16,intrel,0.0014204872000000012,0.0002655540834501828
7,16,intrel,0.0027249036,0.00016448400953892153
7,16,intrel,0.0020129246,0.00055988241799436
7,16,intrel,0.0019495759800000005,0.0002374492604283189
7,16,intrel,0.001969591220000001,0.00014600751536593358
7,16,intrel,0.0013997545999999994,0.0001730800853423061
7,16,intrel,0.00175226102,0.00018059691606583125
7,16,intrel,0.00227113684,0.0002725049348215551
7,16,intrel,0.00127543598,0.0003313651054692123
7,16,intrel,0.0039710119400000006,0.00016433493536595714
7,16,intrel,0.0023495469999999996,0.00017583365546513933
7,16,intrel,0.0011978481600000007,0.00037392657322559114
7,16,intrel,0.003751934479999999,0.00024297016832927368
7,16,intrel,0.001955295900000001,0.0001568535672543024
7,16,intrel,0.00245162594,0.0002495154261782893
7,16,intrel,0.00385472176,0.00013544831591213432
7,16,intrel,0.0026083118199999996,0.00013281397194890476
7,16,intrel,0.00288672162,0.00022494064186990418
7,16,intrel,0.0012821573999999998,0.00011828139829237743
7,16,intrel,0.00261467206,0.0002024483873562729
7,16,intrel,0.0013788646600000002,0.00012481572771819356
7,16,intrel,0.002582002840000001,0.0001564905945781834
7,16,intrel,0.0025392454200000004,0.00022527034062052835
7,16,intrel,0.00150330904,0.00013839319063868545
7,16,intrel,0.0016259522800000006,0.00023986744424760477
7,16,intrel,0.00200040184,0.00015512610002532342
7,16,intrel,0.0011512862599999999,0.00016445448767147972
7,16,intrel,0.0014180811800000002,0.00012525334921474604
7,16,intrel,0.004215705620000001,0.00011893052729130952
7,16,intrel,0.0025119526000000002,0.00020614733903950025
7,16,intrel,0.0033914290600000003,0.0006789125155107
7,16,intrel,0.0024553406,0.00017695106745726819
7,16,intrel,0.0011855258800000002,0.00009911462304154042
7,16,intrel,0.00145970712,0.00017099442975073136
7,16,intrel,0.0013275630199999998,0.000163150587203765
7,16,intrel,0.0013352851000000003,0.00013368152120136543
7,16,intrel,0.002984093740000001,0.00046263296435320426
7,16,intrel,0.0011227903600000003,0.0001492277048914399
7,16,intrel,0.00153979474,0.00012666127795419118
7,16,intrel,0.0021703230600000007,0.0001590329967050516
7,16,intrel,0.0019410562000000005,0.000566685985983037
7,16,intrel,0.0018728757000000006,0.0007782752276549944
7,16,intrel,0.0019092680999999996,0.0001511045466194405
7,16,intrel,0.0014817399600000002,0.0002582405270910566
7,16,intrel,0.0028342695200000005,0.00011870125722089979
7,16,intrel,0.0015863385800000001,0.00017160990983173296
7,16,intrel,0.00316652084,0.00017229781763591803
7,16,intrel,0.0013939570200000005,0.000051649065333050974
7,16,intrel,0.0011245101000000005,0.00012101696022624264
7,16,intrel,0.0011591796200000003,0.00017753191802339852
7,16,intrel,0.0012363155999999995,0.00012161203159085679
7,16,intrel,0.00210593836,0.0000849115758712819
7,16,intrel,0.0017204564800000002,0.00020850063534624754
7,16,intrel,0.0011495369799999998,0.00006209114101562498
7,16,intrel,0.00201203162,0.00015663418670140665
7,16,intrel,0.0012986865600000004,0.00012425658997811296
7,16,intrel,0.0019898767799999997,0.00012034669586292024
7,16,intrel,0.0020036199199999997,0.00021307342227100452
7,16,intrel,0.0017764608000000002,0.0002292294718296251
7,16,intrel,0.0019507382400000008,0.0006065174211273187
7,16,intrel,0.0019400225000000006,0.0001874843952143752
7,16,intrel,0.0019416200400000007,0.00013693344837259854
7,16,intrel,0.0014756427800000007,0.00025394576493154345
7,16,intrel,0.0013651898000000006,0.00015777949596051946
7,16,intrel,0.0011652279200000002,0.00016356271271914162
7,16,intrel,0.0024140450599999994,0.00023602380324264373
7,16,intrel,0.001665780140000001,0.00013814147725735545
7,16,intrel,0.0013332287199999996,0.00014971596126402533
7,16,intrel,0.0015166359799999997,0.00013112653990723794
7,16,intrel,0.0017430432600000008,0.00017307683103000496
7,16,intrel,0.0037653257600000004,0.000565668400184743
7,16,intrel,0.0031846921399999997,0.0012308822733511113
7,16,intrel,0.0013311973000000002,0.00010797515444788411
7,16,intrel,0.0013400905599999999,0.00020681906275951033
7,16,intrel,0.0025193851800000004,0.0001562041398292275
7,16,intrel,0.0013667559000000008,0.00020105162425277195
7,16,intrel,0.00243121776,0.0001654164538324408
7,16,intrel,0.0011192834799999996,0.00030102742096148343
7,16,intrel,0.0022283803599999997,0.00020343410069536847
7,16,intrel,0.001685725400000001,0.0001496157263838858
7,16,intrel,0.0021639514000000005,0.00022945864150105823
7,16,intrel,0.0015759879000000001,0.00017825565698251127
7,16,intrel,0.001697784599999999,0.00017860376631430698
7,16,intrel,0.0017245649200000005,0.00014569854609207479
7,16,intrel,0.00265093414,0.00022204090380480696
8,16,uniform,0.0008714412,0.00013322294099140736
8,16,uniform,0.0009519110400000007,0.00017355207649850937
8,16,uniform,0.0008402110400000005,0.00005025900048305327
8,16,uniform,0.0012711562999999995,0.0003625581059586478
8,16,uniform,0.0011914690999999995,0.0005565551804669007
8,16,uniform,0.0006354168000000001,0.00013208486282104994
8,16,uniform,0.0009237133400000003,0.00023912585223211086
8,16,uniform,0.0008587645799999998,0.00013046377275550484
8,16,uniform,0.00092894258,0.00016581499538153292
8,16,uniform,0.0008885384999999999,0.00009871932700681141
8,16,uniform,0.001246904400000001,0.0005674958633860399
8,16,uniform,0.0009294540799999992,0.00015202893350923553
8,16,uniform,0.0008937663599999998,0.0001912059911446292
8,16,uniform,0.0008784285800000005,0.00019090901389300611
8,16,uniform,0.0009453104000000002,0.0002601913193678836
8,16,uniform,0.0009093482999999999,0.0001017524112905111
8,16,uniform,0.0007967669800000001,0.00018029152846690656
8,16,uniform,0.0007139465599999994,0.00013614350629574667
8,16,uniform,0.0009480092999999999,0.0001946832274836055
8,16,uniform,0.0009288086000000001,0.00018691009014273858
8,16,uniform,0.0008162786400000007,0.00011866808903871336
8,16,uniform,0.0009351906799999999,0.00015783374686661775
8,16,uniform,0.0008984995599999998,0.00018019018440846202
8,16,uniform,0.0008113265000000002,0.00011592897995736676
8,16,uniform,0.0009137983000000003,0.00012304970478433142
8,16,uniform,0.0008635142400000004,0.00014713427503629316
8,16,uniform,0.0010212181800000005,0.0002427646676296477
8,16,uniform,0.0008895933599999994,0.00010339757460641372
8,16,uniform,0.00089136878,0.00010714006524089025
8,16,uniform,0.0008700046200000005,0.00017273237275868255
8,16,uniform,0.000825546599999999,0.00008741314162991235
8,16,uniform,0.000906753739999999,0.00019331564640429682
8,16,uniform,0.0008894570799999994,0.00016658273081902045
8,16,uniform,0.0009403076999999997,0.00023513990439206855
8,16,uniform,0.0007518560400000009,0.00019251335128732698
8,16,uniform,0.0012411326600000004,0.0005046119809830123
8,16,uniform,0.000780755000000001,0.00013295778658590186
8,16,uniform,0.0009152330000000003,0.000107732420708026
8,16,uniform,0.0009534587199999993,0.00019268830469139657
8,16,uniform,0.0011801906999999998,0.0003775042974027066
8,16,uniform,0.0009024957000000006,0.00017951485669031542
8,16,uniform,0.0009797624800000004,0.00017463497053966272
8,16,uniform,0.0008180612800000002,0.00013809965708546208
8,16,uniform,0.0009373450199999994,0.00008172610538520316
8,16,uniform,0.0010444349200000006,0.00024098221274029984
8,16,uniform,0.0008393852600000003,0.00010040900702742415
8,16,uniform,0.0008850344199999993,0.0001212579033438417
8,16,uniform,0.0010684726599999993,0.00032241139474376864
8,16,uniform,0.0008404524000000006,0.00013926780386997804
8,16,uniform,0.0008346317200000001,0.0001401391504382935
8,16,uniform,0.0011117556600000003,0.0002682543583453749
8,16,uniform,0.0008398190999999999,0.00013191958592267917
8,16,uniform,0.0008634468800000001,0.00008631054915851503
8,16,uniform,0.0009684379799999997,0.0000942247738339315
8,16,uniform,0.0008065220200000002,0.00010935600566147862
8,16,uniform,0.00090498008,0.00011237621301364844
8,16,uniform,0.0009002906399999995,0.00013198790940675844
8,16,uniform,0.0008709556600000002,0.0001010827779089439
8,16,uniform,0.0008975535600000004,0.00016627237889626237
8,16,uniform,0.0009016914000000003,0.00013341686351615718
8,16,uniform,0.0008764849400000005,0.0001322525424241649
8,16,uniform,0.0009211881400000007,0.00011914801480422954
8,16,uniform,0.0009093039600000004,0.00011707280463673493
8,16,uniform,0.0008339323200000001,0.0001493190978642347
8,16,uniform,0.0012455940999999996,0.0004995105711318831
8,16,uniform,0.0008750101,0.00018716920246070878
8,16,uniform,0.0015591540800000004,0.000316950241024956
8,16,uniform,0.000855332320000001,0.00015011045365567022
8,16,uniform,0.00092801034,0.00012301313100478343
8,16,uniform,0.0008118315000000001,0.00011181442926687847
8,16,uniform,0.0009904235400000003,0.00012709992653940532
8,16,uniform,0.0012295371400000003,0.0005289699890790802
8,16,uniform,0.0006183643800000002,0.00015453697171317218
8,16,uniform,0.00088946394,0.00021692708254313883
8,16,uniform,0.0010301451199999998,0.00029978048692788894
8,16,uniform,0.0008595160800000005,0.00015993643317949098
8,16,uniform,0.0009827283800000006,0.00024943258292374547
8,16,uniform,0.0009146790200000006,0.0002093050541991017
8,16,uniform,0.0008904596800000008,0.00014474010417837437
8,16,uniform,0.0008451588600000007,0.00027668992995248524
8,16,uniform,0.00082115766,0.00011817941563929157
8,16,uniform,0.0008805775799999992,0.00014710239703976432
8,16,uniform,0.0008310952200000002,0.00021120105160628343
8,16,uniform,0.0009005771999999997,0.0001315460239770772
8,16,uniform,0.0009094481199999992,0.00009766807019105299
8,16,uniform,0.0008672182199999997,0.0001251286251492173
8,16,uniform,0.0008581174800000004,0.00015310649038310998
8,16,uniform,0.0008993653400000007,0.0001434221719597621
8,16,uniform,0.00089471816,0.00011215811234369098
8,16,uniform,0.000891903840000001,0.00009438130088582167
8,16,uniform,0.0009193609800000003,0.00016443710178400196
8,16,uniform,0.0012557509200000001,0.00034515139111231574
8,16,uniform,0.0009024192800000001,0.00015039466716938106
8,16,uniform,0.0008235585400000001,0.00019549063862792912
8,16,uniform,0.0008522880599999997,0.00012499341047791286
8,16,uniform,0.0006909378199999992,0.00012202707323053813
8,16,uniform,0.0009358189800000005,0.00013143790226097902
8,16,uniform,0.0006331608399999993,0.00020213402242156623
8,16,uniform,0.0009065705999999993,0.00023085148897671566
8,16,uniform,0.0009891502000000006,0.00016404858714312524
8,16,intrel,0.0029636198600000003,0.0002397468333070673
8,16,intrel,0.003907858619999999,0.0002596904853334275
8,16,intrel,0.0023750984200000005,0.0001526163276709861
8,16,intrel,0.00400304902,0.00052814013223445
8,16,intrel,0.003857596960000001,0.00029844281445353044
8,16,intrel,0.0017007023,0.0001499543459047898
8,16,intrel,0.00247143508,0.0002053307461581869
8,16,intrel,0.0021099750400000003,0.00014486600791305954
8,16,intrel,0.0029484455000000007,0.00021072402629147184
8,16,intrel,0.0012280724799999996,0.00019670602252780942
8,16,intrel,0.0023882061200000007,0.00016910918177533184
8,16,intrel,0.00429985202,0.00029978327483035327
8,16,intrel,0.0015308425400000004,0.00012523109030379714
8,16,intrel,0.0035041499999999997,0.0001484295609238791
8,16,intrel,0.0014986878200000003,0.0002204697614196913
8,16,intrel,0.0016384096000000004,0.00018642931003790981
8,16,intrel,0.002190816840000001,0.0001097053459139527
8,16,intrel,0.00269417526,0.0006415374855227871
8,16,intrel,0.0015756669400000007,0.00014035463414904085
8,16,intrel,0.0038163009800000003,0.00019511132222673968
8,16,intrel,0.0025816970400000007,0.00017348371608168615
8,16,intrel,0.0025116443,0.00022307817113840508
8,16,intrel,0.0013906579799999991,0.00015681080898008551
8,16,intrel,0.0034223358600000003,0.0002241909289733988
8,16,intrel,0.00420163508,0.00026690476139751913
8,16,intrel,0.001136364020000001,0.0001709423628465649
8,16,intrel,0.0015650834400000007,0.0002294605191130081
8,16,intrel,0.0026944447400000008,0.0002369715643101509
8,16,intrel,0.0025099186,0.0002603866083752517
8,16,intrel,0.00480915876,0.00013562311483191606
8,16,intrel,0.004413468500000002,0.0007401280328571988
8,16,intrel,0.00154565742,0.00015466701001359161
8,16,intrel,0.0016733790600000006,0.00020977201249780143
8,16,intrel,0.0038282184999999997,0.0001999805292262502
8,16,intrel,0.0028556189,0.0001500653309917236
8,16,intrel,0.0015719156999999997,0.00014450688297101968
8,16,intrel,0.004032203779999999,0.0002933976201998465
8,16,intrel,0.003125305400000001,0.00019783764945432194
8,16,intrel,0.0012670648199999996,0.00011325799853745912
8,16,intrel,0.0031332401000000003,0.00013299698261238862
8,16,intrel,0.0013717956599999998,0.00010632805982372566
8,16,intrel,0.0019497042599999996,0.00009529507436821924
8,16,intrel,0.004469037960000001,0.00015486257461533093
8,16,intrel,0.002614789699999999,0.00019362827588517806
8,16,intrel,0.001645656000000001,0.00010071351435830243
8,16,intrel,0.005009348700000001,0.0001512457006854151
8,16,intrel,0.0014942482400000007,0.0001516360800551768
8,16,intrel,0.00271499464,0.0001250014994507843
8,16,intrel,0.0025707097800000004,0.0005282030170252198
8,16,intrel,0.0022339540000000002,0.00014458155719212595
8,16,intrel,0.0010974565799999991,0.000251295538938186
8,16,intrel,0.0012708738600000016,0.00029551569924764117
8,16,intrel,0.0017476280000000004,0.0005548783767199601
8,16,intrel,0.006545438779999998,0.00012878620208029527
8,16,intrel,0.0017405936999999989,0.00020098635651030864
8,16,intrel,0.004101129659999999,0.00011839249419663396
8,16,intrel,0.0019190426000000003,0.0001770006184775447
8,16,intrel,0.0014873846600000002,0.0001500672637136056
8,16,intrel,0.003538884400000001,0.0002510927904916605
8,16,intrel,0.0018899280199999996,0.0002600930331999601
8,16,intrel,0.003788028540000002,0.00018226268911485362
8,16,intrel,0.0030667943,0.0002243191379886158
8,16,intrel,0.0024783221799999995,0.00010913250082786723
8,16,intrel,0.0021391915000000005,0.0001946051081984861
8,16,intrel,0.0019055688399999995,0.00016752086149322815
8,16,intrel,0.002938894339999999,0.00012934101053524295
8,16,intrel,0.00456846614,0.00023467821269076807
8,16,intrel,0.0025254116000000006,0.00010321631787233162
8,16,intrel,0.00427397216,0.00020301834248154916
8,16,intrel,0.0015577078200000004,0.0002145912475683323
8,16,intrel,0.0024045192600000006,0.00020055691833647195
8,16,intrel,0.0020529366800000003,0.0003065905097559285
8,16,intrel,0.0011210006999999996,0.00014371916649323808
8,16,intrel,0.002670484860000001,0.00012783787893269795
8,16,intrel,0.0026157822200000005,0.00016582825739782696
8,16,intrel,0.002792696,0.0002192820543474645
8,16,intrel,0.002854822,0.00015887397887997756
8,16,intrel,0.0027558500399999996,0.00013751774146249078
8,16,intrel,0.0016455140999999999,0.00047330894249851925
8,16,intrel,0.0009304666800000003,0.0000975587709443788
8,16,intrel,0.004540927540000001,0.0012779721212431527
8,16,intrel,0.0026092577,0.00017646184670300072
8,16,intrel,0.0016495303600000005,0.0002024269205372096
8,16,intrel,0.0026813687599999995,0.0000953799749941137
8,16,intrel,0.004345577920000001,0.0002302844502315681
8,16,intrel,0.0030582463600000004,0.0005906558542836657
8,16,intrel,0.002388286,0.00011513944190072795
8,16,intrel,0.00537713734,0.0001952421695445313
8,16,intrel,0.0029341060199999996,0.000134089558447579
8,16,intrel,0.00696592248,0.0001454820648837664
8,16,intrel,0.002641036220000001,0.00016376142654758475
8,16,intrel,0.0020164196200000003,0.00020354265614482114
8,16,intrel,0.0014913051400000006,0.0000957313374464646
8,16,intrel,0.0022195338599999984,0.00027590884231523536
8,16,intrel,0.0024622409,0.00017583143231165088
8,16,intrel,0.005405137800000001,0.0005366724350464734
8,16,intrel,0.00416529904,0.00016779803770485506
8,16,intrel,0.0018636908199999992,0.00010355900263542728
8,16,intrel,0.0014940266,0.000141597667805025
8,16,intrel,0.0030613777200000003,0.00023652918593216647
9,16,uniform,0.0009198177799999999,0.0001216895372440778
9,16,uniform,0.0010329951000000001,0.0002827116424616748
9,16,uniform,0.0009219169399999994,0.00015116736771847726
9,16,uniform,0.0009560858999999998,0.00023529026783112913
9,16,uniform,0.00090706472,0.00009392461753679566
9,16,uniform,0.0008372279200000003,0.00018200410362113632
9,16,uniform,0.0008659164999999996,0.00020236428618544442
9,16,uniform,0.0008998027600000003,0.00017125640397528042
9,16,uniform,0.0012018824400000007,0.00043499305369014554
9,16,uniform,0.0009119541600000003,0.00014494165902857452
9,16,uniform,0.0009164151000000005,0.00012223692225092134
9,16,uniform,0.0008354383400000006,0.00011160210318527961
9,16,uniform,0.0010641679999999997,0.00031194066349834684
9,16,uniform,0.0008878025000000001,0.00013130935466231392
9,16,uniform,0.0010132718800000007,0.00024040106310222045
9,16,uniform,0.0009515505199999997,0.0002231594892548576
9,16,uniform,0.0009299296399999997,0.00016231230214993285
9,16,uniform,0.0009629096800000001,0.000332007772131266
9,16,uniform,0.0010174240400000003,0.00023503764663994673
9,16,uniform,0.000878775280000001,0.00008500454531115115
9,16,uniform,0.0008807068799999996,0.00012399553542518293
9,16,uniform,0.0009633720400000009,0.0002227263325155385
9,16,uniform,0.0009973905799999998,0.0003147954021883103
9,16,uniform,0.0009425149199999993,0.0002140650856300226
9,16,uniform,0.0009366231000000001,0.00014385178494350827
9,16,uniform,0.000894569639999999,0.00012689386685310416
9,16,uniform,0.0008688807999999989,0.000207569196353516
9,16,uniform,0.0008938139600000005,0.0001351815292744867
9,16,uniform,0.0009276200200000004,0.0001225445312980823
9,16,uniform,0.0012291888399999988,0.00024348985915605056
9,16,uniform,0.0009530831800000006,0.00018997515451380588
9,16,uniform,0.0008907780200000003,0.00011668957583877553
9,16,uniform,0.0009200425000000002,0.00012743539049263797
9,16,uniform,0.0008957668200000003,0.0001691766362896091
9,16,uniform,0.0008840450000000008,0.0001702342175174806
9,16,uniform,0.0009736376400000007,0.0001826078312969871
9,16,uniform,0.0009842697600000003,0.00011994529643730647
9,16,uniform,0.0009201022200000001,0.000230432141871745
9,16,uniform,0.0007568524199999995,0.00016359144166085764
9,16,uniform,0.0007405427200000003,0.0001591316266707813
9,16,uniform,0.0009283136000000008,0.00013806435347092478
9,16,uniform,0.0009439629399999996,0.00011309872009178529
9,16,uniform,0.0008136629599999997,0.00011519557396802279
9,16,uniform,0.00097882874,0.0001262491566697906
9,16,uniform,0.0009762571400000001,0.000219455380493925
9,16,uniform,0.0009802709400000002,0.0005378487212411333
9,16,uniform,0.0010005720200000005,0.0002131046357871071
9,16,uniform,0.0010806301400000003,0.0002876675044337938
9,16,uniform,0.0009285641399999995,0.00018869098911315294
9,16,uniform,0.00090511268,0.00015154474410402878
9,16,uniform,0.0008742648600000005,0.000131250150015745
9,16,uniform,0.0009736130599999993,0.00021260168514856875
9,16,uniform,0.00089742674,0.00012421310181816116
9,16,uniform,0.0009122675199999999,0.0001795572997224005
9,16,uniform,0.0008759315199999989,0.0002456737648413711
9,16,uniform,0.0009319923799999992,0.00016263270871930333
9,16,uniform,0.0009257196600000012,0.0001957849887066025
9,16,uniform,0.00147385314,0.0006401900754863443
9,16,uniform,0.0010779710000000005,0.00048780378111007796
9,16,uniform,0.0009297926200000003,0.00015123913108808115
9,16,uniform,0.0009228611200000006,0.00018410592288381172
9,16,uniform,0.0008991726400000008,0.0001611653791876876
9,16,uniform,0.0009492028400000009,0.00012604924035828223
9,16,uniform,0.0009137498999999995,0.00018704525651462594
9,16,uniform,0.0008984066200000002,0.00017882646095465483
9,16,uniform,0.0009442758200000004,0.00017401964136154284
9,16,uniform,0.0009409918599999992,0.00014516123962928637
9,16,uniform,0.0008212534200000001,0.00011298696010798962
9,16,uniform,0.0008654710200000002,0.00016784946657195216
9,16,uniform,0.0006940527599999999,0.0001202218463704589
9,16,uniform,0.0012328495800000001,0.00029730718527558157
9,16,uniform,0.0009303505600000001,0.00019909462568518078
9,16,uniform,0.0009162907200000001,0.00013717607584176058
9,16,uniform,0.0009370676800000005,0.00019127165632738745
9,16,uniform,0.0008895149800000003,0.000046082231585262675
9,16,uniform,0.0009339082799999999,0.00019638880179438268
9,16,uniform,0.00100720258,0.00026637482200924235
9,16,uniform,0.0009470842600000003,0.00015576052575886422
9,16,uniform,0.0009216544799999996,0.00021919782868929158
9,16,uniform,0.0008816903000000008,0.0001587073563928626
9,16,uniform,0.0008745248200000006,0.00017976493150411113
9,16,uniform,0.0010196372600000004,0.00024669240647055466
9,16,uniform,0.0009761183200000005,0.0002919172504780725
9,16,uniform,0.0009994183999999995,0.0003291440507416505
9,16,uniform,0.0008886107199999993,0.0001454173659039541
9,16,uniform,0.0010171494599999992,0.000281553476569017
9,16,uniform,0.0008827371799999997,0.0001371226386542759
9,16,uniform,0.0009486747000000001,0.00021008281396791547
9,16,uniform,0.0009091296000000003,0.0001333021487744207
9,16,uniform,0.0008205253199999998,0.00013673276586360393
9,16,uniform,0.0008600606,0.00012308443676910035
9,16,uniform,0.0008190338399999997,0.00010808303794377517
9,16,uniform,0.0009514259200000003,0.00016029119471830714
9,16,uniform,0.000926538600000001,0.0001968043829097818
9,16,uniform,0.0010382678199999996,0.000292276391851218
9,16,uniform,0.0009182804200000002,0.00014006740094270488
9,16,uniform,0.0010616328599999999,0.00043004904542802506
9,16,uniform,0.0010308845400000002,0.0003274530944118223
9,16,uniform,0.0009083721999999988,0.00016368341584456386
9,16,uniform,0.0010798776,0.000350736407040387
9,16,intrel,0.00973610286,0.00025608591456288855
9,16,intrel,0.005457257599999999,0.0005894023893828674
9,16,intrel,0.00112401478,0.00012231905592384202
9,16,intrel,0.0016637501400000004,0.00015405077304130038
9,16,intrel,0.00822170898,0.00043853673098826943
9,16,intrel,0.00719704546,0.0006529973559822342
9,16,intrel,0.00405582426,0.00028732493084350014
9,16,intrel,0.0016395049200000008,0.00009518750673912573
9,16,intrel,0.0070486408,0.00022997499735669325
9,16,intrel,0.0015357556599999997,0.00010548229555928117
9,16,intrel,0.004745208080000001,0.00011374151086217868
9,16,intrel,0.004598216420000002,0.000207096532143936
9,16,intrel,0.003749659599999999,0.0002002536002584946
9,16,intrel,0.0053730963000000005,0.00013939204489911018
9,16,intrel,0.0019812941800000003,0.00017536355144609982
9,16,intrel,0.003895062720000001,0.00016848078981969038
9,16,intrel,0.00895752826,0.0013238614155327087
9,16,intrel,0.0047206619600000015,0.0007443750185237499
9,16,intrel,0.0018397754600000006,0.00009891956039154009
9,16,intrel,0.00547959688,0.0002635617625406912
9,16,intrel,0.0022964624,0.00019814922535537044
9,16,intrel,0.0026456221600000005,0.00023942110077901108
9,16,intrel,0.003500621940000001,0.0001566400324053707
9,16,intrel,0.005325998060000001,0.000802466247430424
9,16,intrel,0.0028147553200000004,0.00016386063954945237
9,16,intrel,0.003925762079999998,0.0008481660125114133
9,16,intrel,0.0022869890600000003,0.0002655736057293721
9,16,intrel,0.0021149973800000006,0.00018622792941375168
9,16,intrel,0.0016258644399999998,0.00017280162154463568
9,16,intrel,0.004590503620000001,0.0002909189534226747
9,16,intrel,0.0014082332400000008,0.00008678412557733248
9,16,intrel,0.00189664526,0.0001988768596075917
9,16,intrel,0.004826674479999999,0.00014900339241734678
9,16,intrel,0.00588472068,0.00020164338063767141
9,16,intrel,0.0047322507600000025,0.00024233513191758026
9,16,intrel,0.0055051813,0.00008264941486792922
9,16,intrel,0.002701957740000001,0.00015215886832667882
9,16,intrel,0.00322292136,0.00012606420088087387
9,16,intrel,0.0026005677400000003,0.000159201206533291
9,16,intrel,0.004479196500000001,0.0001534310015978951
9,16,intrel,0.0032793131999999995,0.00016738190664412382
9,16,intrel,0.0053162821999999995,0.0007980125982180149
9,16,intrel,0.00220277968,0.00013058529821304119
9,16,intrel,0.0104462205,0.0009334716740480376
9,16,intrel,0.0036797793600000005,0.0007653178235206092
9,16,intrel,0.003505616740000001,0.00013384895916982107
9,16,intrel,0.00780810264,0.000179698914692326
9,16,intrel,0.00169773456,0.00012775927784222424
9,16,intrel,0.00356811956,0.000129739549301454
9,16,intrel,0.005870220999999999,0.00011414777483211041
9,16,intrel,0.004099858620000001,0.00016294071886820957
9,16,intrel,0.0013644739999999999,0.00018889730944545853
9,16,intrel,0.0016480381400000008,0.00020393540288589755
9,16,intrel,0.0017903974400000004,0.0005465366623393065
9,16,intrel,0.002804170079999999,0.0001713677475860354
9,16,intrel,0.006343556280000001,0.0008687325762351597
9,16,intrel,0.003407636660000001,0.00018237657325206728
9,16,intrel,0.001712948999999999,0.00045551332174963757
9,16,intrel,0.0025210022800000002,0.00016376064737974545
9,16,intrel,0.00414287556,0.00031442062029467585
9,16,intrel,0.00671742454,0.0003405516231253182
9,16,intrel,0.00243091276,0.00027088556903492986
9,16,intrel,0.006020803400000001,0.00018575025126539016
9,16,intrel,0.0028157133199999997,0.00022778570168240252
9,16,intrel,0.0017005222200000007,0.00018898771520980455
9,16,intrel,0.0016436293399999997,0.00032987850470116674
9,16,intrel,0.005972870880000001,0.00019399945365627545
9,16,intrel,0.00501458764,0.00011423042390522193
9,16,intrel,0.0016673531999999997,0.00015606226084354915
9,16,intrel,0.005399160659999997,0.00020305547957639544
9,16,intrel,0.00152193818,0.00011976882986936859
9,16,intrel,0.004234117860000001,0.00020157791628452502
9,16,intrel,0.00260844412,0.00013113387307552889
9,16,intrel,0.00500911878,0.00017139022895813552
9,16,intrel,0.00092338626,0.00016162251357076878
9,16,intrel,0.006229670100000001,0.0006658358230718238
9,16,intrel,0.0050583401600000025,0.00035903525208550217
9,16,intrel,0.00532355866,0.0012072488216901178
9,16,intrel,0.003809249299999999,0.00016670862301702738
9,16,intrel,0.0018672920199999995,0.00029136806258140985
9,16,intrel,0.003210201380000001,0.00010036426308557813
9,16,intrel,0.0024295980000000007,0.00017329638298209735
9,16,intrel,0.0033363589,0.00020298834429581313
9,16,intrel,0.0025708279000000002,0.00010817242781704285
9,16,intrel,0.001705314180000001,0.00014279039690337093
9,16,intrel,0.00221334042,0.0001689524604845662
9,16,intrel,0.0022382369799999998,0.00025351883032048467
9,16,intrel,0.0065748525000000006,0.00024178411425309867
9,16,intrel,0.0016754123199999998,0.00011530410974659826
9,16,intrel,0.0038745106199999995,0.00015358819738454298
9,16,intrel,0.004309617480000001,0.00025893364788806837
9,16,intrel,0.0016309176800000005,0.00018252963098460984
9,16,intrel,0.008243615980000002,0.0001241220087351785
9,16,intrel,0.003604726880000001,0.00015704180720747243
9,16,intrel,0.00196907738,0.00016287114203119129
9,16,intrel,0.0016111518999999993,0.00019342140304285537
9,16,intrel,0.003830498480000002,0.00018527555079181693
9,16,intrel,0.00230891424,0.0003222471647988542
9,16,intrel,0.0023035535400000003,0.0005414428282161573
9,16,intrel,0.00416950314,0.0002568247212962569
10,16,uniform,0.0009843576999999995,0.0001501478163884954
10,16,uniform,0.0011226077799999991,0.00020550343957059328
10,16,uniform,0.0008012325200000003,0.0001650074343735592
10,16,uniform,0.0009878183999999996,0.00023365107385120716
10,16,uniform,0.0009100078800000003,0.00013998254317707697
10,16,uniform,0.0007223800599999999,0.00008153300442397546
10,16,uniform,0.0009155732999999996,0.00009067287100591648
10,16,uniform,0.0009800764200000004,0.00013269799463292572
10,16,uniform,0.0009570191600000004,0.00013006972006432204
10,16,uniform,0.0009329043399999999,0.00010668190960566419
10,16,uniform,0.0010418652199999997,0.00024981175324507407
10,16,uniform,0.0009808256600000005,0.0002011527742902836
10,16,uniform,0.0009523105199999999,0.0003327116396475249
10,16,uniform,0.0011268173400000004,0.00031181362749166543
10,16,uniform,0.0011292972000000005,0.00039213570057526723
10,16,uniform,0.0008927459799999997,0.00010411666076884894
10,16,uniform,0.0009701974400000001,0.00013231778374844395
10,16,uniform,0.0009300398399999996,0.0001103972161801295
10,16,uniform,0.00092372398,0.00012655865583462337
10,16,uniform,0.0009713442000000002,0.00010861327322738532
10,16,uniform,0.0009537817999999996,0.00007891393914955711
10,16,uniform,0.0009483121000000006,0.000180044992133016
10,16,uniform,0.0009566855799999999,0.0001612907512988406
10,16,uniform,0.0008589840199999997,0.00014374448793532535
10,16,uniform,0.000931691560000001,0.0001535587824986105
10,16,uniform,0.0009905843200000005,0.00013394338020725197
10,16,uniform,0.0009385851599999992,0.00019520887147363739
10,16,uniform,0.0009431684400000006,0.00020547667118288643
10,16,uniform,0.00098675326,0.00018286146278016042
10,16,uniform,0.00105039374,0.0003968547424661545
10,16,uniform,0.0015705304599999998,0.000897728995701196
10,16,uniform,0.0009315587799999996,0.00012071080713083556
10,16,uniform,0.0011397607400000002,0.00033890541134488315
10,16,uniform,0.00099024664,0.00016324017675178982
10,16,uniform,0.0009676589599999997,0.00011624276820057813
10,16,uniform,0.0005823138599999998,0.00017605985076217686
10,16,uniform,0.0009534944800000004,0.00013492759076449534
10,16,uniform,0.0009392122999999995,0.00011792557483660812
10,16,uniform,0.0009425043400000009,0.00011093501746643293
10,16,uniform,0.0009393891599999997,0.00014071897699398386
10,16,uniform,0.0009662240600000007,0.0001021373813538522
10,16,uniform,0.0010595548599999995,0.00012144853714850216
10,16,uniform,0.0009454514000000004,0.00012119397763347076
10,16,uniform,0.0010658287000000002,0.00031661161836408065
10,16,uniform,0.0009457231,0.000174399566832445
10,16,uniform,0.0008963561,0.0001233875400257255
10,16,uniform,0.0009408808200000004,0.00009327255928734408
10,16,uniform,0.0011905792599999996,0.00042463884357024824
10,16,uniform,0.0009284063000000009,0.00016016702984020565
10,16,uniform,0.0010067450400000001,0.0002588827159494775
10,16,uniform,0.00098597354,0.0001339825193160163
10,16,uniform,0.0010297303000000003,0.00018467496909763137
10,16,uniform,0.0009333127399999998,0.000054474172253667344
10,16,uniform,0.0009299332000000003,0.00014218787682612825
10,16,uniform,0.0009666887800000003,0.00024135430976286943
10,16,uniform,0.00100624598,0.0002649853219177955
10,16,uniform,0.0009103291200000004,0.0001405964862143511
10,16,uniform,0.0008744159399999996,0.0001392594429499207
10,16,uniform,0.0009638432600000003,0.00014430329451602195
10,16,uniform,0.0009665403400000002,0.00017835027829841537
10,16,uniform,0.001277428059999999,0.00034161901412930437
10,16,uniform,0.0008725116600000003,0.0001712967458483474
10,16,uniform,0.0011144303400000004,0.00031490173590474575
10,16,uniform,0.0008291250400000002,0.00011626786916909691
10,16,uniform,0.00088404026,0.00008557623543796105
10,16,uniform,0.00167845808,0.0004923532497066624
10,16,uniform,0.0008880181399999991,0.0001797660327953779
10,16,uniform,0.0008369385599999998,0.00009565206419106235
10,16,uniform,0.0009395311600000001,0.00015073119165252057
10,16,uniform,0.0009501655400000001,0.00013273586763594332
10,16,uniform,0.00097558448,0.00011923736331969664
10,16,uniform,0.00094018172,0.00013019053865781147
10,16,uniform,0.0011115855399999998,0.00033444549475645336
10,16,uniform,0.0011432870000000002,0.000640285474182467
10,16,uniform,0.0009325723599999993,0.00024781705372256644
10,16,uniform,0.0009016083999999998,0.00012523645069653907
10,16,uniform,0.0008947308200000002,0.00012870073955135875
10,16,uniform,0.0009533568399999997,0.00012636936047796997
10,16,uniform,0.0008714535600000005,0.00012588482941871027
10,16,uniform,0.001051405240000001,0.00007347449543624721
10,16,uniform,0.00106277532,0.00018881805312184066
10,16,uniform,0.001009927,0.00019896281530837196
10,16,uniform,0.0009490431799999997,0.00011701309091170568
10,16,uniform,0.0009042001999999992,0.00023714076209029676
10,16,uniform,0.0009654754800000005,0.00010538389241055767
10,16,uniform,0.0008537986400000003,0.00016929641500962485
10,16,uniform,0.0012772600400000002,0.0009532253380976786
10,16,uniform,0.0009345578,0.0001041128487848642
10,16,uniform,0.0010028962600000012,0.00010004301495190289
10,16,uniform,0.0009464847600000003,0.00009101211843174141
10,16,uniform,0.0009732045400000003,0.00019677870891686655
10,16,uniform,0.00094770848,0.00011860507341504792
10,16,uniform,0.0009525649400000006,0.00007032900630323174
10,16,uniform,0.0007436023199999997,0.00013425973106863517
10,16,uniform,0.0009878668400000008,0.00018488894019936527
10,16,uniform,0.0008734025000000009,0.0001553876883481371
10,16,uniform,0.0006826572,0.00011228754989084452
10,16,uniform,0.0007574400400000006,0.00020343498933740757
10,16,uniform,0.0009501818400000003,0.00008498398413662032
10,16,uniform,0.0008371356,0.00011696758915262714
10,16,intrel,0.0044475837,0.00022106008851896148
10,16,intrel,0.006357262679999999,0.00015993255570409805
10,16,intrel,0.00534902734,0.00012531506812634734
10,16,intrel,0.00447430222,0.00017284139167845315
10,16,intrel,0.003812272479999999,0.0002606639770441166
10,16,intrel,0.00240042294,0.00018885086201715406
10,16,intrel,0.00432870728,0.00017822450027435747
10,16,intrel,0.004794449720000001,0.0005296390102975169
10,16,intrel,0.0034477339400000003,0.0001517349969698269
10,16,intrel,0.002598002200000001,0.00019066664281281907
10,16,intrel,0.00504521944,0.0007423114222808528
10,16,intrel,0.0022982481200000005,0.0001287603547701872
10,16,intrel,0.00525074618,0.00018151802624976734
10,16,intrel,0.00437443828,0.0001848878072119832
10,16,intrel,0.004971970899999999,0.0000999013643975896
10,16,intrel,0.009202317960000001,0.00034941317912321054
10,16,intrel,0.00217236934,0.00019332454849952302
10,16,intrel,0.0048183590199999985,0.00016316726626655235
10,16,intrel,0.005295911819999999,0.0001547127866425757
10,16,intrel,0.00163016432,0.00019508948571898992
10,16,intrel,0.01011378772,0.00027999669809251524
10,16,intrel,0.007701153740000003,0.0019221880427260087
10,16,intrel,0.00681058034,0.00014312681579339186
10,16,intrel,0.0016185353799999993,0.00020908170449308408
10,16,intrel,0.00384204704,0.0004228476889690238
10,16,intrel,0.007315620519999999,0.0001560017035838605
10,16,intrel,0.0086905429,0.00020915254253890634
10,16,intrel,0.005037966100000001,0.0012506343477709583
10,16,intrel,0.00316049412,0.00010692532540048681
10,16,intrel,0.007778207100000001,0.00011930670396647627
10,16,intrel,0.00603009922,0.0001441846596255419
10,16,intrel,0.00205689566,0.00018554185923636978
10,16,intrel,0.005287931459999999,0.00026034511068451645
10,16,intrel,0.004253883960000001,0.0001250171513973626
10,16,intrel,0.00917752312,0.0008948956118937934
10,16,intrel,0.003549727,0.00009377250955376599
10,16,intrel,0.004336516160000001,0.00019798490559773608
10,16,intrel,0.0018710594600000001,0.00033981548009432024
10,16,intrel,0.0033805565800000006,0.00012549224605904724
10,16,intrel,0.006873863280000001,0.00025519511222104376
10,16,intrel,0.0038638647400000012,0.00011725110747209744
10,16,intrel,0.008073660200000003,0.00023668446691344188
10,16,intrel,0.00336544242,0.00024803051513340934
10,16,intrel,0.00400556646,0.00012692204310735172
10,16,intrel,0.00891458714,0.0009526621787828979
10,16,intrel,0.004579298240000001,0.0009154609540447375
10,16,intrel,0.00821717394,0.00020229740636962625
10,16,intrel,0.00715578442,0.0004724461629253998
10,16,intrel,0.006699195120000001,0.0001261994093823565
10,16,intrel,0.010189838779999998,0.000219815311509559
10,16,intrel,0.0030029978799999994,0.00030184964715279476
10,16,intrel,0.00141074026,0.00019143785869582967
10,16,intrel,0.008987614920000001,0.0002788878649557923
10,16,intrel,0.0028023590200000007,0.00012686728043571977
10,16,intrel,0.0065890615,0.0002409699645768694
10,16,intrel,0.006389786320000002,0.0002537703435606693
10,16,intrel,0.0066018970799999995,0.00046060574581161906
10,16,intrel,0.02908538152000001,0.00023131898675868949
10,16,intrel,0.00252560862,0.00014640160491925382
10,16,intrel,0.00288974978,0.00012776288229111513
10,16,intrel,0.00170745398,0.0004046135221077021
10,16,intrel,0.00623983066,0.00023023440085436127
10,16,intrel,0.004257243720000001,0.00023714119239867784
10,16,intrel,0.0112854038,0.00018153512347596345
10,16,intrel,0.003136852679999999,0.00012945104026121666
10,16,intrel,0.0029763903,0.0002424047841031609
10,16,intrel,0.0036138688200000003,0.0001352209481969744
10,16,intrel,0.004827669500000001,0.00017234752302252584
10,16,intrel,0.0026778960200000003,0.0006815998490605354
10,16,intrel,0.00328435848,0.00021253665327457187
10,16,intrel,0.0038044636000000008,0.0001266299605773539
10,16,intrel,0.0031708107400000005,0.0002068975255048849
10,16,intrel,0.010627340780000003,0.00018643440533767125
10,16,intrel,0.00904915658,0.00013344049162562627
10,16,intrel,0.00527509376,0.0002734904669368648
10,16,intrel,0.0026519791399999995,0.0008143851258029924
10,16,intrel,0.0020531252200000003,0.00014212183404405
10,16,intrel,0.0015855430199999995,0.00020816794044555592
10,16,intrel,0.00444288798,0.00014706754711390276
10,16,intrel,0.00277905308,0.00014166638804556926
10,16,intrel,0.0077025752000000015,0.00015412707768144528
10,16,intrel,0.008240520220000002,0.0001357310278843588
10,16,intrel,0.00395314692,0.00010721088094597087
10,16,intrel,0.0022483772599999996,0.00019075517418699583
10,16,intrel,0.0042661137,0.00017198949496346818
10,16,intrel,0.005015171519999999,0.0004976712103391154
10,16,intrel,0.006489416940000001,0.00024554780060455307
10,16,intrel,0.0035759420400000006,0.00022489419091356423
10,16,intrel,0.0067547733,0.0002445438414660835
10,16,intrel,0.0046507341399999996,0.0002204767707144627
10,16,intrel,0.011138917180000001,0.001394632086142678
10,16,intrel,0.002581378660000001,0.00009957551365142156
10,16,intrel,0.01001568692,0.0006646353558096602
10,16,intrel,0.006577814720000001,0.0012514491041697754
10,16,intrel,0.00663983272,0.00025257904737331454
10,16,intrel,0.007192897580000001,0.00015175111528014127
10,16,intrel,0.006609808580000001,0.0002791153759947067
10,16,intrel,0.0054671463200000004,0.0001599171118215448
10,16,intrel,0.005801333740000002,0.00012840428435808202
10,16,intrel,0.00596529468,0.0002841029747552229
11,16,uniform,0.0010617286000000003,0.00013469161180105718
11,16,uniform,0.000970043759999999,0.00007071413397177245
11,16,uniform,0.0009686262200000004,0.00011533942489544113
11,16,uniform,0.0010082562199999995,0.00027080001340154655
11,16,uniform,0.0009320952200000003,0.00009538243256031065
11,16,uniform,0.0011517335800000001,0.00040131674774981544
11,16,uniform,0.0008947138599999995,0.00014474282506877123
11,16,uniform,0.0011443670599999996,0.00022587031351483291
11,16,uniform,0.0016722886800000004,0.0001039213347964593
11,16,uniform,0.0010013056999999999,0.00013077347103700607
11,16,intrel,0.003289301139999999,0.00023489227655078642
11,16,intrel,0.005167482659999999,0.00013336415057028375
11,16,intrel,0.002492993,0.00011473127714388371
11,16,intrel,0.003295128220000001,0.00010674006076258345
11,16,intrel,0.00207019968,0.00015967576931032594
11,16,intrel,0.01635914834,0.00023768520492216044
11,16,intrel,0.010514413819999999,0.00022211667744641167
11,16,intrel,0.00648933152,0.0003496302264022026
11,16,intrel,0.004878290960000002,0.0009593659624371424
11,16,intrel,0.015307451159999999,0.0009413802852689875
12,16,uniform,0.0010293420200000007,0.00013485339717123263
12,16,uniform,0.0009513402599999995,0.0000689640246054258
12,16,uniform,0.0010609768200000003,0.00016732386797482167
12,16,uniform,0.0009718718399999993,0.0001036681488294902
12,16,uniform,0.00101907434,0.00018092600558988506
12,16,uniform,0.0014935616800000006,0.0005190668832853924
12,16,uniform,0.0010332924200000002,0.0004858512292616606
12,16,uniform,0.0009635005600000003,0.00007932585675273574
12,16,uniform,0.0010184662999999999,0.000179913106445059
12,16,uniform,0.0009312822399999997,0.000055856836318892606
12,16,intrel,0.045128628280000006,0.0008471691625622343
12,16,intrel,0.004698842359999999,0.0001693564190283323
12,16,intrel,0.0023091447800000003,0.00020812246122468923
12,16,intrel,0.014333819720000002,0.00018310038207196598
12,16,intrel,0.00759739792,0.0007502050468361596
12,16,intrel,0.0024253589599999995,0.0002889436343103193
12,16,intrel,0.01105830614,0.0001572758027394692
12,16,intrel,0.010218569399999999,0.00020083425637032717
12,16,intrel,0.007472123779999999,0.0007653342275265104
12,16,intrel,0.009685624020000002,0.00017073535214571822
13,16,uniform,0.00104882264,0.0001625448606062681
13,16,uniform,0.00088570456,0.0003422731035795993
13,16,uniform,0.0010678890399999997,0.00012478231780273287
13,16,uniform,0.0009743502800000001,0.00014327728816765692
13,16,uniform,0.0010445715000000002,0.00027762161387087045
13,16,uniform,0.0010425069000000004,0.00011233868431572847
13,16,uniform,0.00101559432,0.00015712689540283464
13,16,uniform,0.00109425652,0.00015594460146507155
13,16,uniform,0.00101277138,0.00012168970780276455
13,16,uniform,0.0009832758599999988,0.00009871344526996648
13,16,intrel,0.00305307508,0.00023192730508360675
13,16,intrel,0.00920893082,0.0004385278453287396
13,16,intrel,0.004958017100000001,0.00017592896669170528
13,16,intrel,0.006142273980000001,0.00011797290209554238
13,16,intrel,0.003381316460000001,0.00018199737674815843
13,16,intrel,0.004179032180000002,0.00015195896264266
13,16,intrel,0.0187056294,0.00030027969753481553
13,16,intrel,0.01108880996,0.0003859751957902796
13,16,intrel,0.00528205078,0.00013318417057547698
13,16,intrel,0.01200285756,0.00012501162654289375
14,16,uniform,0.00112631624,0.00012008996544813118
14,16,uniform,0.0012007415199999996,0.00007113803934729839
14,16,uniform,0.0008667389200000004,0.00008233181659223722
14,16,uniform,0.0010543974000000007,0.00014480913726987133
14,16,uniform,0.0010542651600000009,0.0001475514385810363
14,16,uniform,0.0016772286600000002,0.0005986676555116556
14,16,uniform,0.0009554422200000006,0.00009630681884183133
14,16,uniform,0.00164168508,0.0004511656448413992
14,16,uniform,0.0009539038799999998,0.00015832803937381276
14,16,uniform,0.0011007713200000008,0.00015596465613564863
14,16,intrel,0.0194148248,0.0011848776697304336
14,16,intrel,0.0065860710200000006,0.00019027181989342393
14,16,intrel,0.012285202040000002,0.0001756241074952726
14,16,intrel,0.01910321092,0.002349422607232547
14,16,intrel,0.015123732840000001,0.0003691894649369074
14,16,intrel,0.013158914220000002,0.0003654770124113452
14,16,intrel,0.009906905259999998,0.00021991127523758865
14,16,intrel,0.004551615600000001,0.0001587643184116703
14,16,intrel,0.0038521093799999996,0.00021234648340797514
14,16,intrel,0.01163425794,0.00038462684182210237
15,16,uniform,0.0011519561800000008,0.00011949344639123751
15,16,uniform,0.00122227556,0.0002012679693781402
15,16,uniform,0.0010970205400000002,0.0001268506026808265
15,16,uniform,0.0013243176799999997,0.00010213453892179027
15,16,uniform,0.0010824382799999998,0.00012115438185940011
15,16,uniform,0.0018637181200000003,0.00020781066594977482
15,16,uniform,0.0011160758200000002,0.00012992197961721319
15,16,uniform,0.0017600608400000005,0.0005269961340571253
15,16,uniform,0.0010836386,0.00018155923421055237
15,16,uniform,0.0012251057800000001,0.00023309257744691153
15,16,intrel,0.008938112080000001,0.000166793147396175
15,16,intrel,0.00545952242,0.000151358667106534
15,16,intrel,0.01691000598,0.00024740836435741464
15,16,intrel,0.0050828806200000015,0.0006227633126358773
15,16,intrel,0.017388792580000003,0.00039180803431102136
15,16,intrel,0.01655080868,0.0004169701698535921
15,16,intrel,0.008819816579999999,0.0002407434396849338
15,16,intrel,0.015947187980000003,0.0004391667698894374
15,16,intrel,0.01249628862,0.0001999200563238826
15,16,intrel,0.015381159100000003,0.0009396879474225056
16,16,uniform,0.0012939373000000003,0.00016291934110094683
16,16,uniform,0.0013742977999999999,0.00018893048409534123
16,16,uniform,0.0017600054000000004,0.00019677802039808442
16,16,uniform,0.0011774071400000002,0.00012695893138356021
16,16,uniform,0.0015957370200000009,0.00011831066811407998
16,16,uniform,0.0015164883399999992,0.0003099651494331618
16,16,uniform,0.0016375210200000006,0.00012061229533882527
16,16,uniform,0.0012874823600000002,0.00015496024916693244
16,16,uniform,0.0017126632399999998,0.0002036843501586872
16,16,uniform,0.00126214598,0.00016649272696080277
16,16,intrel,0.0214851204,0.001767642125385393
16,16,intrel,0.02216934702,0.002240912193415839
16,16,intrel,0.006692943800000002,0.0014198716103749238
16,16,intrel,0.00703839502,0.00013342338982119195
16,16,intrel,0.003746145280000001,0.00032278309222235013
16,16,intrel,0.00885600042,0.00009183170430914544
16,16,intrel,0.00867486976,0.0006052329771647076
16,16,intrel,0.01987984002,0.0001930110086643022
16,16,intrel,0.00890292506,0.0014311200533251496
16,16,intrel,0.01286645944,0.0001910460894733694
17,16,uniform,0.0011313478800000002,0.00011779500188868613
17,16,uniform,0.0025928510199999992,0.000151206658684802
17,16,uniform,0.00142845286,0.00011221293222010261
17,16,uniform,0.00119605138,0.00012460876004202556
17,16,uniform,0.0012565993999999994,0.00009992885727028228
17,16,uniform,0.00142509942,0.00008946367219802433
17,16,uniform,0.0013811578199999994,0.00011243229592015703
17,16,uniform,0.001259472959999999,0.00008417824205709113
17,16,uniform,0.0014462655800000002,0.00019350236028580577
17,16,uniform,0.0013958462400000006,0.00014215768050634633
17,16,intrel,0.01168448314,0.00017871218527926102
17,16,intrel,0.01204247126,0.0002643531867828844
17,16,intrel,0.013646417099999999,0.001587979877402803
17,16,intrel,0.014907729700000002,0.00024944058918799806
17,16,intrel,0.06456001706,0.0042342839333575225
17,16,intrel,0.018065597880000003,0.000163507814111606
17,16,intrel,0.0205909424,0.00161252101305347
17,16,intrel,0.02078585602,0.0008227240877304018
17,16,intrel,0.014386559040000002,0.0001826065451164816
17,16,intrel,0.023105963139999998,0.000313635209002433
18,16,uniform,0.0020379004600000004,0.00012593727939714893
18,16,uniform,0.00237001992,0.0001598542759500388
18,16,uniform,0.0014862205800000006,0.00010032956939811458
18,16,uniform,0.0021629734200000004,0.00031569153512249894
18,16,uniform,0.0013039977000000014,0.00014388875089538217
18,16,uniform,0.0015260821399999997,0.00010638697320234084
18,16,uniform,0.0013931735000000003,0.00013365344591292818
18,16,uniform,0.00177599966,0.00015707785703292348
18,16,uniform,0.0015429374,0.00010781221940686185
18,16,uniform,0.0015397633000000005,0.00021378800554017172
18,16,intrel,0.046222281440000006,0.0032237671176834045
18,16,intrel,0.06154174814,0.005268857623640649
18,16,intrel,0.015026584960000002,0.00028492511779576967
18,16,intrel,0.022408140800000004,0.0003676006681858276
18,16,intrel,0.019875911899999998,0.0010892249489201228
18,16,intrel,0.024311648560000003,0.003059407835925554
18,16,intrel,0.02333826852,0.0030664322020413242
18,16,intrel,0.020151146640000003,0.0001787403538095295
18,16,intrel,0.01710215978,0.00018224821658597
18,16,intrel,0.015551739040000002,0.00018368038137848208
19,16,uniform,0.0016329273199999993,0.00018889594749420472
19,16,uniform,0.0016433249800000005,0.00022208627145163412
19,16,uniform,0.0016683287199999995,0.0001506355902501501
19,16,uniform,0.0028516687399999996,0.00032708125720956393
19,16,uniform,0.00206841448,0.00019682454168782457
19,16,uniform,0.0018691649200000006,0.0003157172341470026
19,16,uniform,0.0018067577000000002,0.00011465218991972586
19,16,uniform,0.0013248977800000004,0.0001631355009481723
19,16,uniform,0.00168602316,0.0001479852220191446
19,16,uniform,0.0017493887199999994,0.0002963749106940398
19,16,intrel,0.04634042224,0.003256283079994729
19,16,intrel,0.026772153139999998,0.0006581509948111023
19,16,intrel,0.021718016920000003,0.0004357305437288943
19,16,intrel,0.04412107346000001,0.001322975426348036
19,16,intrel,0.00428216644,0.00009997678911544067
19,16,intrel,0.04156877976,0.0010562146128488433
19,16,intrel,0.01742661636,0.0003483674039642153
19,16,intrel,0.007785587140000001,0.00046574894099794947
19,16,intrel,0.00735102408,0.00021747242520466834
19,16,intrel,0.021652091400000004,0.0006788051874485945
20,16,uniform,0.003178877079999999,0.0001606461858614555
20,16,uniform,0.0021198455800000003,0.0001963033655194882
20,16,uniform,0.0024075855400000007,0.00016526108774757327
20,16,uniform,0.0016079691800000005,0.00022717674743482583
20,16,uniform,0.0014665507399999997,0.00010702496924051571
20,16,uniform,0.002370637420000001,0.00013510586611263206
20,16,uniform,0.00205866328,0.00014405769185869794
20,16,uniform,0.0016150028400000005,0.0001216837958189174
20,16,uniform,0.0018724997200000003,0.00026487253647485275
20,16,uniform,0.0018012518400000008,0.00021774980566443696
20,16,intrel,0.04111024922,0.0017414921893205053
20,16,intrel,0.01881697428,0.0011073107369908462
20,16,intrel,0.02912073934,0.003463407656641344
20,16,intrel,0.005327093040000001,0.00014928224361494266
20,16,intrel,0.039891828080000004,0.0012344140120533309
20,16,intrel,0.00789667834,0.0002582061859802912
20,16,intrel,0.05649651044,0.0016978578922569355
20,16,intrel,0.02505901794,0.00021843348050414673
20,16,intrel,0.00940508688,0.0009627239504159773
20,16,intrel,0.021303312920000005,0.001158957743446643
21,16,uniform,0.0017484355199999999,0.0001180120956818034
21,16,uniform,0.00646352966,0.00020045164797537673
21,16,uniform,0.0017560438799999994,0.0003102904650999699
21,16,uniform,0.002058442360000001,0.00015262905389269038
21,16,uniform,0.00216247234,0.0001442311546214387
21,16,uniform,0.002114686480000001,0.0002075272157858658
21,16,uniform,0.0021571399599999994,0.00022445504795197253
21,16,uniform,0.00220997334,0.0001577658735294172
21,16,uniform,0.0031307655000000004,0.00011756789803135506
21,16,uniform,0.002324997,0.0001045552222516887
22,16,uniform,0.00410393128,0.0003168809359810438
22,16,uniform,0.00649019562,0.0007815069153095976
22,16,uniform,0.0019964482800000002,0.00009094683938091417
22,16,uniform,0.0038150611400000005,0.00009227953291578563
22,16,uniform,0.00603052546,0.00009168975426640279
22,16,uniform,0.004115838220000001,0.00016301934118519653
22,16,uniform,0.00297049138,0.0001658573919263841
22,16,uniform,0.00214759236,0.00011514401689097383
22,16,uniform,0.0030587345,0.00015360443867660714
22,16,uniform,0.0034272886400000006,0.0005836899576926189
23,16,uniform,0.0032978283400000004,0.0003008269769589599
23,16,uniform,0.008339728320000002,0.00008479700966844993
23,16,uniform,0.0025610410200000012,0.00021288223535080513
23,16,uniform,0.0020551759600000007,0.00015722041783983837
23,16,uniform,0.0045141795400000006,0.0007348154379862565
23,16,uniform,0.0025047709,0.0001732979056743361
23,16,uniform,0.00536277392,0.00018312621232487603
23,16,uniform,0.007183367460000001,0.00009211686989061497
23,16,uniform,0.002754988820000001,0.0005426178448923843
23,16,uniform,0.00306298708,0.00009096331668804119
24,16,uniform,0.08731221984000001,0.0011724061320661184
24,16,uniform,0.00593402156,0.00015576452892448472
24,16,uniform,0.006618241820000001,0.00106815711511796
24,16,uniform,0.004828216540000001,0.0007314275084291676
24,16,uniform,0.0035986262600000013,0.00018907111372358761
24,16,uniform,0.006522566960000001,0.0007463168848861944
24,16,uniform,0.016804824759999996,0.0003530018337022092
24,16,uniform,0.004139364540000001,0.0001434396154963243
24,16,uniform,0.00332038366,0.00008279021608197428
25,16,uniform,0.0031336762799999995,0.0002479300991439142
25,16,uniform,0.003278567660000001,0.0001450835124503586
25,16,uniform,0.03717450108000001,0.00022953605789120183
25,16,uniform,0.002968556020000001,0.0002251358249227688
25,16,uniform,0.00474151906,0.0006428636352636537
25,16,uniform,0.020873710620000006,0.0003386882253947818
25,16,uniform,0.00449172278,0.00012345470585531436
25,16,uniform,0.00842571622,0.0003974934580752523
25,16,uniform,0.0048713379799999994,0.00015214945223255527
25,16,uniform,0.01694892374,0.0004743248788469889
26,16,uniform,0.004629648880000001,0.00014320816027587222
26,16,uniform,0.057023409380000015,0.0015649252492435383
26,16,uniform,0.0166378317,0.0009839623297471193
26,16,uniform,0.02599458884,0.0011005918195295345
26,16,uniform,0.0049200821200000005,0.000178047529865982
26,16,uniform,0.00641370156,0.00019422217438959494
26,16,uniform,0.01050401718,0.00030457968255302286
26,16,uniform,0.0039278729,0.0002995310863511682
26,16,uniform,0.00660763522,0.0002170115027004839
27,16,uniform,0.0031741246400000004,0.0000933700461640551
27,16,uniform,0.006132709820000001,0.0003699399425321178
27,16,uniform,0.00979715206,0.00015232057105168357
27,16,uniform,0.015982896340000004,0.0012759236118979503
27,16,uniform,0.003705903240000001,0.00010258552979181154
27,16,uniform,0.0046851902999999985,0.00008210508951716826
27,16,uniform,0.0236165222,0.002246212995247493
27,16,uniform,0.06660384252,0.001951457718885485
27,16,uniform,0.009011240120000001,0.00005561663701887104
27,16,uniform,0.09221082288000002,0.0033831787689004764
28,16,uniform,0.04369981488000001,0.001676408374355339
28,16,uniform,0.042051397600000005,0.00029498468327184175
28,16,uniform,0.02410079256,0.00030622336024014663
28,16,uniform,0.010413618040000001,0.0001797532606146547
28,16,uniform,0.02073736766,0.0004465963752252389
28,16,uniform,0.00689887026,0.0001176842582676677
28,16,uniform,0.00630764164,0.0001379866000080361
28,16,uniform,0.00440977204,0.0001786341392505612
28,16,uniform,0.008220563080000002,0.000172784247410238
28,16,uniform,0.006027497000000002,0.00036227766601417446
29,16,uniform,0.02614479334,0.0005862965036797597
29,16,uniform,0.24393190976000004,0.009795397056976398
29,16,uniform,0.00880116802,0.00008600530735845492
29,16,uniform,0.019552699180000004,0.00022405035382609884
29,16,uniform,0.023474465,0.00045431703565408063
29,16,uniform,0.17072266076000003,0.005063621990572525
29,16,uniform,0.14097839344,0.004769095457249366
29,16,uniform,0.06951701444000001,0.001464199053784864
29,16,uniform,0.02300217602,0.0004001415747766873
29,16,uniform,0.12941466962,0.0031253394967156664
30,16,uniform,0.03990421612000001,0.0002210626623422021
30,16,uniform,0.006477747400000002,0.00010313423660798133
30,16,uniform,0.02091095428,0.00017997533760256035
30,16,uniform,0.0550749344,0.002110574653219197
30,16,uniform,0.014080688860000001,0.0007962276887675899
30,16,uniform,0.00970194642,0.0001186295967775326
30,16,uniform,0.010724702840000003,0.00024031843089386356
30,16,uniform,0.013659622239999999,0.0012500201736945606
30,16,uniform,0.00788913334,0.0010754281405248175
30,16,uniform,0.040125103419999995,0.0018523615040929781
31,16,uniform,0.13802677407999997,0.002875154272537169
31,16,uniform,0.024101478800000006,0.000386406528029742
31,16,uniform,0.01341104796,0.0002521150161328272
31,16,uniform,0.0285429644,0.002132924068760057
31,16,uniform,0.008787106760000002,0.0002443986225985009
31,16,uniform,0.007046225620000001,0.0002038013717526618
31,16,uniform,0.03108832826,0.0024289651879007067
31,16,uniform,0.046561329340000006,0.0013764008258745025
31,16,uniform,0.0140264827,0.0009641012809392313
31,16,uniform,0.0089809806,0.00024735421040191646
32,16,uniform,0.01053878546,0.0001459497393886371
32,16,uniform,0.14066228684,0.004084281469990324
32,16,uniform,0.031430792740000005,0.0004029431566437134
32,16,uniform,0.028659201760000003,0.00037771755969719025
32,16,uniform,0.15134103265999999,0.0026120199354919336
32,16,uniform,0.026735071480000004,0.00028560357313699993
32,16,uniform,0.18604655036000003,0.0045700733249748535
32,16,uniform,0.05347835016,0.0012112910054424665
32,16,uniform,0.017255392400000003,0.0016683550200531317
32,16,uniform,0.21303395806000003,0.0042757656083667476
33,16,uniform,0.14673714086,0.003133889068471105
33,16,uniform,0.04806829236,0.0003348947069075759
33,16,uniform,0.1747280691,0.0023503647854831414
33,16,uniform,0.66144563954,0.00813238999208635
33,16,uniform,0.18010675803999998,0.002769931991200625
33,16,uniform,0.03666654338,0.0018676433139676483
33,16,uniform,0.015330068280000003,0.0004117148669600784
33,16,uniform,0.06132160852,0.0014806895536323937
33,16,uniform,0.11137705282000002,0.003931734036522499
33,16,uniform,0.06759447420000002,0.002530448031048827
34,16,uniform,0.0465846411,0.0002928736654657318
34,16,uniform,0.025851375620000006,0.0013646265219996803
34,16,uniform,0.041299189679999994,0.0031890569623890066
34,16,uniform,0.3469057081600001,0.003881758969566683
34,16,uniform,0.0407705905,0.0001403204638929129
34,16,uniform,0.6593153597600001,0.0068564933023093095
34,16,uniform,0.0688395981,0.0017709359200038701
34,16,uniform,0.024567192680000002,0.0012065642658268241
34,16,uniform,0.10917670418,0.0037621247320500655
34,16,uniform,0.7894165442800001,0.010652388940035628
35,16,uniform,0.0350079896,0.0011457213759786453
35,16,uniform,0.49586017800000004,0.006383522583087824
35,16,uniform,0.14755667544,0.003359981446696533
35,16,uniform,0.01389669386,0.00011367103712912598
35,16,uniform,0.10162501216,0.003592849591540009
35,16,uniform,0.08138994494,0.0008636629901401292
35,16,uniform,0.07251774068,0.0012483173090810657
35,16,uniform,0.039894613780000004,0.0001939694754886282
35,16,uniform,0.44612280004000004,0.0051473580367449165
35,16,uniform,0.08990322943999998,0.0038145890548982085
36,16,uniform,0.022925239240000003,0.00047457025065655156
36,16,uniform,0.59866235974,0.008492396977926123
36,16,uniform,0.5203161872800001,0.007774132676520752
36,16,uniform,0.04160235228000001,0.0031683386975098
36,16,uniform,0.23498161438000004,0.003674897326453447
36,16,uniform,0.7306228562999999,0.008116638327005515
36,16,uniform,0.02381067758,0.0012489565484549452
36,16,uniform,0.18561102084,0.0020073394020384914
36,16,uniform,0.036294250160000006,0.0027650020378378695
36,16,uniform,0.09768369246000001,0.0025438838260505112
37,16,uniform,0.07517590006,0.0002684107180459747
37,16,uniform,1.9949279936800004,0.01031502484173971
37,16,uniform,0.09087177308000001,0.0008011256643335175
37,16,uniform,0.05808533981999999,0.0014168205561644628
37,16,uniform,0.13927703662,0.0036024119342630196
37,16,uniform,0.036073415660000004,0.0007207043360787267
37,16,uniform,0.02273704712,0.00018544690780265558
37,16,uniform,0.32084998313999996,0.006595531496980499
37,16,uniform,0.18425252917999999,0.010165671670304816
38,16,uniform,1.0354843615,0.02104215120060471
38,16,uniform,0.72842273152,0.012050778660083035
38,16,uniform,0.10907428126,0.006267382235302673
38,16,uniform,0.21347591663999999,0.0018285864405581174
38,16,uniform,0.13647839328000005,0.003081839720505571
38,16,uniform,0.54435416388,0.022768885533392146
38,16,uniform,0.77347008464,0.01269040687407054
38,16,uniform,0.03328520482,0.002397907139034036
38,16,uniform,0.042773303080000005,0.0013371749986812794
38,16,uniform,0.1241286114,0.008015124262951156
39,16,uniform,0.22855695636,0.009149522770191834
39,16,uniform,0.92825344614,0.02628714924545837
39,16,uniform,0.46161035470000006,0.009558034896600981
39,16,uniform,2.9354533625599997,0.02607074835521302
39,16,uniform,0.043834275299999996,0.0028900753840370784
39,16,uniform,1.0126893796799998,0.020171726048698012
39,16,uniform,1.3259930367000001,0.018272959232084503
39,16,uniform,0.08806342756,0.004573199636750681
39,16,uniform,0.31311762206000004,0.004390150436400157
39,16,uniform,1.12704041652,0.01868669230860873
40,16,uniform,0.28519514374000005,0.004786221143057164
40,16,uniform,0.7852123612399999,0.008322541599865988
40,16,uniform,0.4188754107,0.005515066087922108
40,16,uniform,0.14785054794,0.004223924903701902
40,16,uniform,0.029918653879999996,0.0011968629171181175
40,16,uniform,0.12263109512,0.0025076526527132454
40,16,uniform,0.55225164562,0.00924504297129571
40,16,uniform,0.9807651405600002,0.009680433819788788
40,16,uniform,0.042523999,0.0006230202693490971
40,16,uniform,0.30630935468000003,0.002830282380894688
1,32,uniform,0.0008450126799999997,0.0001290853141729229
1,32,uniform,0.0008718550599999999,0.00015124923882269448
1,32,uniform,0.0008150158800000008,0.00020226918106899583
1,32,uniform,0.0008488917599999996,0.00013396477487363773
1,32,uniform,0.0008004956599999991,0.0001480361206158446
1,32,uniform,0.0008140492599999994,0.00011850324474924728
1,32,uniform,0.0008999463599999999,0.00011175723379763839
1,32,uniform,0.0009234924599999999,0.00017470027909460628
1,32,uniform,0.0009025555800000002,0.00017389479293491736
1,32,uniform,0.0007903525400000005,0.00006740964985519507
1,32,intrel,0.0008572607000000007,0.00013032396360783212
1,32,intrel,0.0008165348800000004,0.00013583015001668644
1,32,intrel,0.0008150028999999998,0.00008450951959664402
1,32,intrel,0.0008596103400000004,0.0001495611815569505
1,32,intrel,0.0008511758600000003,0.0000998460588086035
1,32,intrel,0.0008904617600000017,0.00046221996988525093
1,32,intrel,0.0009595226199999989,0.0002843485464395179
1,32,intrel,0.0008223804599999995,0.00012165083305304575
1,32,intrel,0.0007979051799999993,0.00014487250476121716
1,32,intrel,0.0007340477200000007,0.00016767232371268405
2,32,uniform,0.0008536656000000004,0.00023178834291321805
2,32,uniform,0.0007330145600000006,0.00007352231077072226
2,32,uniform,0.0007875365800000001,0.00015506996047934846
2,32,uniform,0.0007709558000000002,0.00010523302890147074
2,32,uniform,0.0007935981999999998,0.00010602166778336708
2,32,uniform,0.0007971328599999994,0.00011419896888617982
2,32,uniform,0.0007932602799999994,0.00015401561086118655
2,32,uniform,0.0006891296000000003,0.00008617467086260198
2,32,uniform,0.00073336536,0.00014800296776712888
2,32,uniform,0.0007939178800000004,0.00015223978339302623
2,32,uniform,0.00075244668,0.00009237956970750867
2,32,uniform,0.0008036046200000004,0.00011903544485833717
2,32,uniform,0.0008175687999999994,0.00014934908712721802
2,32,uniform,0.0008351932000000001,0.00012806890877509829
2,32,uniform,0.00140058798,0.0005269909800415521
2,32,uniform,0.0010131967399999997,0.000642585020382007
2,32,uniform,0.0006748699999999999,0.00020557295911454674
2,32,uniform,0.0007354239199999994,0.00012890361443380866
2,32,uniform,0.0007928125400000005,0.0001111657992192043
2,32,uniform,0.0008307971800000001,0.00015114963668060136
2,32,uniform,0.0007471211799999998,0.00010815037797848368
2,32,uniform,0.0008292612000000003,0.0001955033772287153
2,32,uniform,0.0007658855599999998,0.00011353612698701284
2,32,uniform,0.0007808729399999997,0.00014661648741548665
2,32,uniform,0.0008209159799999994,0.00013391833270915524
2,32,uniform,0.0013683759400000002,0.0004527891746936856
2,32,uniform,0.0006372733199999994,0.00009875056585919445
2,32,uniform,0.0008449448,0.00018418892234683623
2,32,uniform,0.0008031002800000005,0.00007581430708345516
2,32,uniform,0.0008404710800000014,0.00013402934066692677
2,32,uniform,0.0008168294400000004,0.00012730404117444361
2,32,uniform,0.0007466867399999998,0.00010969957689278278
2,32,uniform,0.0008488717999999999,0.00007192562019884764
2,32,uniform,0.0007957298,0.00015827882877041176
2,32,uniform,0.0008086155200000002,0.0000750599897658903
2,32,uniform,0.0007648323400000002,0.0001168553225521485
2,32,uniform,0.0008961378600000007,0.00018311391526979408
2,32,uniform,0.0009208849199999999,0.00020419831011296078
2,32,uniform,0.0007357317999999999,0.00008788513957566052
2,32,uniform,0.0008438503399999999,0.00010084224018959287
2,32,uniform,0.0007688737800000007,0.00010149599052748602
2,32,uniform,0.000719871740000001,0.00013079586266239455
2,32,uniform,0.0007289182400000005,0.0001330549114091622
2,32,uniform,0.0008577879000000004,0.00015095563265262927
2,32,uniform,0.0007971807399999997,0.00010965078504679201
2,32,uniform,0.0007861170400000003,0.00024426028388515307
2,32,uniform,0.0009217903999999999,0.00019753915193716805
2,32,uniform,0.0007747616400000003,0.00015862294915315516
2,32,uniform,0.0007592688399999999,0.00008360273160343245
2,32,uniform,0.0008126505599999995,0.0001257132529513098
2,32,uniform,0.0008537854200000011,0.00015552538630375857
2,32,uniform,0.0008690218400000001,0.0001823228038449326
2,32,uniform,0.0009415165999999999,0.00023305438394620353
2,32,uniform,0.0008774052000000001,0.0001468891913768486
2,32,uniform,0.00082815898,0.00015026975387467546
2,32,uniform,0.0007864068999999996,0.00012132430519635296
2,32,uniform,0.0013277913799999998,0.0004467903685941043
2,32,uniform,0.0006835343799999993,0.000125957942163071
2,32,uniform,0.0007734824799999998,0.00015254721229966814
2,32,uniform,0.0007613108600000001,0.00018296820654362027
2,32,uniform,0.00077609774,0.00013660333072680017
2,32,uniform,0.0008150522400000006,0.00012916415247978913
2,32,uniform,0.0007136820999999995,0.00007441463896782075
2,32,uniform,0.0008444382400000002,0.00008517356364010817
2,32,uniform,0.0008912713399999996,0.00018561345492360668
2,32,uniform,0.0008919070800000007,0.00021178166550328307
2,32,uniform,0.0007748895800000007,0.0001243952916818889
2,32,uniform,0.0010464639199999999,0.0003177355905175979
2,32,uniform,0.0008558475599999994,0.00014434292660020137
2,32,uniform,0.0008917982199999998,0.00020080488047104062
2,32,uniform,0.0008603067800000006,0.0001723630948930839
2,32,uniform,0.0008582667799999999,0.00026316494680417524
2,32,uniform,0.00116916324,0.00027688481832696335
2,32,uniform,0.0008882017199999996,0.00011142090121402019
2,32,uniform,0.0007445974600000003,0.0001306803914082837
2,32,uniform,0.00084196032,0.00013503633987107982
2,32,uniform,0.0007180389000000003,0.00010920363447126352
2,32,uniform,0.0008459964399999999,0.0004508726968124151
2,32,uniform,0.0007036166399999999,0.00015251174255483116
2,32,uniform,0.0009990829600000002,0.0003331183910497888
2,32,uniform,0.0008054923399999992,0.00009214904732033018
2,32,uniform,0.0007689833999999995,0.00014907347375487187
2,32,uniform,0.0008353331999999995,0.00010523798903775729
2,32,uniform,0.0007732574999999994,0.00009902843741791211
2,32,uniform,0.0007935634800000001,0.00005229536357492246
2,32,uniform,0.0008986128999999999,0.00020837649870700134
2,32,uniform,0.0007460149400000003,0.00014309253683407496
2,32,uniform,0.0005269921599999998,0.0001178243577600433
2,32,uniform,0.0008443353600000002,0.00020812938368078757
2,32,uniform,0.0007806857800000002,0.00007031453125310901
2,32,uniform,0.0008439433199999996,0.00015650312459163386
2,32,uniform,0.0008510321600000003,0.0000895852347804406
2,32,uniform,0.0008039954000000007,0.00015904487899852534
2,32,uniform,0.0007836170199999999,0.00014678922570471206
2,32,uniform,0.0008819783799999998,0.00013762997190357117
2,32,uniform,0.0006415212000000003,0.00009902755769027123
2,32,uniform,0.0007903530999999995,0.00015731919624042495
2,32,uniform,0.0008251003599999993,0.00010631369255290379
2,32,uniform,0.0007445804600000004,0.0000777872316092643
2,32,uniform,0.00077196284,0.00012435788743765135
2,32,intrel,0.00095602768,0.00010403480610305384
2,32,intrel,0.0010466661,0.00023982281273494396
2,32,intrel,0.001274769920000001,0.00024416879923027756
2,32,intrel,0.0010087437999999995,0.0001452891305218284
2,32,intrel,0.0009385428000000003,0.00015275081143050528
2,32,intrel,0.0019040363800000002,0.00011529881711178907
2,32,intrel,0.00135307964,0.00004027409866637473
2,32,intrel,0.0013277240600000004,0.0003775870195470767
2,32,intrel,0.0012269129600000004,0.00016312731195385055
2,32,intrel,0.0012952845,0.00013661357841314475
2,32,intrel,0.0022193696400000006,0.00012672579804308014
2,32,intrel,0.00331060026,0.00017054967070377687
2,32,intrel,0.0009011153800000001,0.00016879390411201993
2,32,intrel,0.0013933591800000004,0.00010972959154054821
2,32,intrel,0.0008796675800000001,0.00008994744706154189
2,32,intrel,0.0009302943999999998,0.00017390049654890453
2,32,intrel,0.0010461162799999997,0.00014331892535011245
2,32,intrel,0.0018534803599999997,0.0006966269365118448
2,32,intrel,0.00150537672,0.00012512741152747724
2,32,intrel,0.0014181853799999995,0.0003292747206378149
2,32,intrel,0.0008087233000000007,0.00009628681878614313
2,32,intrel,0.0013768173600000005,0.00022499436738194145
2,32,intrel,0.0012472634600000007,0.00023905598033954298
2,32,intrel,0.00109958658,0.0000849504631825709
2,32,intrel,0.0011300571000000005,0.00015762445313779485
2,32,intrel,0.0011407583199999998,0.00015917181658422523
2,32,intrel,0.0016359327999999995,0.00020205861858106633
2,32,intrel,0.0008846237200000002,0.0001416862045357039
2,32,intrel,0.00119955382,0.00020570576126780377
2,32,intrel,0.0010020008799999998,0.00021023614073240488
2,32,intrel,0.0014644326200000004,0.0002094163677895732
2,32,intrel,0.0014933061400000003,0.00015595420039243708
2,32,intrel,0.0007978679799999999,0.00009629255340915801
2,32,intrel,0.0009232139800000006,0.00010436924890050497
2,32,intrel,0.0008026336599999996,0.0001365362543292684
2,32,intrel,0.0011014392000000006,0.00014636069334843062
2,32,intrel,0.0009748197800000007,0.00019081543942252462
2,32,intrel,0.0010934716199999998,0.0001366203660305528
2,32,intrel,0.0012838579400000004,0.001262258949707653
2,32,intrel,0.00163061664,0.0002078466017058414
2,32,intrel,0.0011753937200000009,0.00013842306199971812
2,32,intrel,0.0010544454400000006,0.0001145854304080099
2,32,intrel,0.0008970512399999995,0.00009034192955931378
2,32,intrel,0.0009820437400000002,0.00017331700037602908
2,32,intrel,0.0012327396399999992,0.0001631973799463227
2,32,intrel,0.001372366519999999,0.00029736545046691096
2,32,intrel,0.0014652830400000002,0.00014600275064185922
2,32,intrel,0.0012702076199999999,0.0005020544426602557
2,32,intrel,0.0009278727600000005,0.0001514967551999052
2,32,intrel,0.0027285033,0.0002195894098312678
2,32,intrel,0.00516385852,0.0003289035964167582
2,32,intrel,0.001880592860000001,0.0002309323958727124
2,32,intrel,0.0011458828000000011,0.0002825773820398386
2,32,intrel,0.0012418070999999993,0.0001376070911659554
2,32,intrel,0.0008654527000000004,0.00010471609123768899
2,32,intrel,0.0009838064599999997,0.00011250782972279458
2,32,intrel,0.00231365874,0.00043223377572688856
2,32,intrel,0.0009547315200000006,0.00020057501462603295
2,32,intrel,0.0008331935599999993,0.00009108510806541798
2,32,intrel,0.0010009013199999996,0.00016176350230973335
2,32,intrel,0.0018749927800000004,0.0002370573119818403
2,32,intrel,0.0008628343999999994,0.00015835579478082476
2,32,intrel,0.0010298162000000003,0.00009099054639881853
2,32,intrel,0.0010215539200000001,0.00016754975184848496
2,32,intrel,0.0009222658000000007,0.00017673597744183902
2,32,intrel,0.0017728637999999991,0.0004863470733737494
2,32,intrel,0.001079561600000001,0.0001486517995699272
2,32,intrel,0.0029186612199999995,0.0001855364104708293
2,32,intrel,0.0008335466200000008,0.00019313734627104682
2,32,intrel,0.0009438651199999995,0.00010011061108932345
2,32,intrel,0.0008141893800000001,0.0001316520862678514
2,32,intrel,0.0015667618000000012,0.00011699687414342884
2,32,intrel,0.0009280519400000003,0.00014401484200244393
2,32,intrel,0.0010860093400000004,0.00010506336801420797
2,32,intrel,0.00133770484,0.00022973604341168478
2,32,intrel,0.0019063736999999996,0.00014019607517889602
2,32,intrel,0.0010492740999999994,0.0001277162433543378
2,32,intrel,0.0011034892000000003,0.00016295219295704838
2,32,intrel,0.0014042320200000004,0.0001710686845993282
2,32,intrel,0.00106400118,0.00022597023642381166
2,32,intrel,0.0015761228800000014,0.00019513987899680806
2,32,intrel,0.0017071528999999994,0.00012314257537094516
2,32,intrel,0.0013470732800000002,0.00014725332963766137
2,32,intrel,0.0011685111199999999,0.00008560882090714207
2,32,intrel,0.0013013635200000003,0.00019214387196230507
2,32,intrel,0.0018728271599999992,0.00017214464975569567
2,32,intrel,0.001174586699999999,0.00012670708887232797
2,32,intrel,0.0008765060800000008,0.00017201929620342665
2,32,intrel,0.0007762766400000003,0.0001312103184857129
2,32,intrel,0.00151068196,0.00014617432454394242
2,32,intrel,0.0015230106600000002,0.00012125150022457916
2,32,intrel,0.0010280916999999994,0.000115064046994127
2,32,intrel,0.0012023459,0.000362339400262133
2,32,intrel,0.0012979499799999998,0.00012884116997058392
2,32,intrel,0.0008975650200000008,0.00011439739994330685
2,32,intrel,0.00102311268,0.00016393910421318714
2,32,intrel,0.0022754406999999995,0.0003068654303947868
2,32,intrel,0.0009199954799999999,0.0001588362180809738
2,32,intrel,0.0014181186600000003,0.0005921574738624478
2,32,intrel,0.0018971320800000003,0.0001799773418258842
3,32,uniform,0.0007629594799999997,0.0001354185308418969
3,32,uniform,0.0007913873800000002,0.00010273275322808314
3,32,uniform,0.0008513838200000006,0.0001506560978516229
3,32,uniform,0.0008252231400000011,0.0001130481361726057
3,32,uniform,0.0008517160000000003,0.0002588915704838825
3,32,uniform,0.0007053941000000005,0.0001337460725898563
3,32,uniform,0.0008270567000000006,0.00011380103466337886
3,32,uniform,0.0011498722,0.00025363393562439986
3,32,uniform,0.0007954384400000007,0.00008350465532039382
3,32,uniform,0.0008510970999999999,0.00015141439187430866
3,32,uniform,0.0008376412600000001,0.0001314057072593204
3,32,uniform,0.0007925356199999995,0.00009317912367668825
3,32,uniform,0.0008070550600000001,0.00011599073358970441
3,32,uniform,0.0008241353,0.00026705441392347576
3,32,uniform,0.0008880947999999996,0.00022170176897928537
3,32,uniform,0.0008430593200000006,0.00015862995111141882
3,32,uniform,0.0008993027999999999,0.00012661083198214568
3,32,uniform,0.000843033819999999,0.00027848076350530916
3,32,uniform,0.0008097236399999992,0.00009964953279508025
3,32,uniform,0.0008532832600000002,0.00018274420329426465
3,32,uniform,0.0008442122999999999,0.00010410133239386418
3,32,uniform,0.0007870950800000009,0.00013310582007581618
3,32,uniform,0.0008067774600000001,0.00017704155774685607
3,32,uniform,0.0008004947799999992,0.00015561809387803634
3,32,uniform,0.0008369194999999997,0.0001400204582611254
3,32,uniform,0.0008685195000000008,0.00008806119640599686
3,32,uniform,0.0008374439600000007,0.00023877378451164007
3,32,uniform,0.0008439898600000002,0.00011734675773682218
3,32,uniform,0.0007031019800000003,0.00016047041780285306
3,32,uniform,0.0007621458799999994,0.0001343222131069748
3,32,uniform,0.0010025182000000005,0.00026835690546411854
3,32,uniform,0.0008730449,0.0001433146471854073
3,32,uniform,0.0007954588400000005,0.00013949921299423554
3,32,uniform,0.0008313878999999993,0.0002193830368383116
3,32,uniform,0.0007585017599999995,0.00011358261147454648
3,32,uniform,0.0011174848800000001,0.0004076417024893308
3,32,uniform,0.0007398031999999993,0.00009777936971007732
3,32,uniform,0.0008701240599999997,0.0001858291152796031
3,32,uniform,0.0005524446000000009,0.00011678616954569393
3,32,uniform,0.0008117209799999997,0.00010891229002254769
3,32,uniform,0.0008662784400000001,0.00023289884476076724
3,32,uniform,0.0007905054800000005,0.00018205533870422786
3,32,uniform,0.0006806051399999996,0.00012235816207911013
3,32,uniform,0.0007719092200000004,0.00013892089988271105
3,32,uniform,0.0008377136200000003,0.00008553094847214337
3,32,uniform,0.0008018164200000002,0.00016645080000929208
3,32,uniform,0.0008150363000000001,0.00012621197141423108
3,32,uniform,0.0008110653400000012,0.0001421098690970007
3,32,uniform,0.0008446768600000002,0.0002993541507134058
3,32,uniform,0.0007479813800000003,0.000124940448435956
3,32,uniform,0.0008355515200000003,0.00013745479187556739
3,32,uniform,0.0008071315000000003,0.000183928443809633
3,32,uniform,0.0008426820200000004,0.00013628032918220853
3,32,uniform,0.0008045830000000004,0.00011626996676800656
3,32,uniform,0.0010096737999999998,0.00035908089868254864
3,32,uniform,0.0007900579399999998,0.00013633579814434493
3,32,uniform,0.0008197628200000004,0.00013216966950922515
3,32,uniform,0.0006809851799999998,0.000143493870059394
3,32,uniform,0.0007865774600000003,0.00008955150576536633
3,32,uniform,0.0012855724399999991,0.0003944468889723376
3,32,uniform,0.0003169144799999992,0.00010222491908472112
3,32,uniform,0.0007336218599999995,0.0001480329983425242
3,32,uniform,0.0008553937399999999,0.00010093924757639563
3,32,uniform,0.0007872029200000007,0.0001104583693528924
3,32,uniform,0.0007638867200000006,0.00010826334410773057
3,32,uniform,0.0008358329799999998,0.0001285238900377842
3,32,uniform,0.0008546404400000006,0.00011785908746842092
3,32,uniform,0.0006490334000000009,0.00011037424071443886
3,32,uniform,0.001149382520000001,0.0004542180035597689
3,32,uniform,0.0006129581599999995,0.00007687267628545843
3,32,uniform,0.0008272560400000003,0.0001399361178512856
3,32,uniform,0.0008357188799999994,0.00017164346947349908
3,32,uniform,0.0008131850600000001,0.000129051715961255
3,32,uniform,0.0007876203200000001,0.00009113235618136222
3,32,uniform,0.0008459102399999998,0.00008695307777467623
3,32,uniform,0.0007498730000000001,0.00010290646962282467
3,32,uniform,0.0008195424800000004,0.0001745181078038417
3,32,uniform,0.0008603791000000001,0.000199700732837803
3,32,uniform,0.0008856793400000002,0.00017371025851099176
3,32,uniform,0.0008285086000000006,0.00034561631433869936
3,32,uniform,0.0008374029599999994,0.00023474549308249656
3,32,uniform,0.0008818797199999997,0.00013506020706731747
3,32,uniform,0.00082622302,0.00013886949539381697
3,32,uniform,0.0008802346000000002,0.00022177150923569458
3,32,uniform,0.00081345454,0.00014329213052071858
3,32,uniform,0.0008427019800000006,0.00012239172802517702
3,32,uniform,0.0008155435599999999,0.00012615414444083867
3,32,uniform,0.0006718264599999992,0.00008920141959906731
3,32,uniform,0.0008664485399999993,0.00019408561344316872
3,32,uniform,0.0009571941800000006,0.00020892840133364667
3,32,uniform,0.0008411479000000006,0.00009826838316366051
3,32,uniform,0.0007813353799999999,0.00021547671609663287
3,32,uniform,0.0006811514799999998,0.00018706490942774678
3,32,uniform,0.0007880633600000011,0.00013246027744044626
3,32,uniform,0.0008570075399999998,0.00018408909824348647
3,32,uniform,0.0008702411800000006,0.00010553934186390716
3,32,uniform,0.0007640373200000003,0.00013227142955054376
3,32,uniform,0.0008282283599999992,0.00012052773340955368
3,32,uniform,0.0008089573799999995,0.0001102252695889448
3,32,uniform,0.0007969393400000006,0.0003964734471868618
3,32,intrel,0.04086473646,0.0014615423821677034
3,32,intrel,0.07022128058,0.005220108189381024
3,32,intrel,0.02519243398,0.00123198072500256
3,32,intrel,0.02178563972,0.00044793074703784085
3,32,intrel,0.08322369954000002,0.07271741750734045
3,32,intrel,0.0018219555400000001,0.00017540589645761626
3,32,intrel,0.0033370700999999997,0.0007398237140855546
3,32,intrel,0.07630548904,0.0037597093357431373
3,32,intrel,0.044731344500000006,0.007368310317700492
3,32,intrel,0.18924351232000003,0.006528487987144806
3,32,intrel,0.30023490614,0.01116892039228268
3,32,intrel,0.01088230438,0.00036345120691993235
3,32,intrel,0.015179509340000003,0.0012165167246909153
3,32,intrel,0.06788343152000001,0.0035466605738229393
3,32,intrel,0.08046392172000001,0.001303511156848681
3,32,intrel,0.04516661268000001,0.008214811497788127
3,32,intrel,0.04825149704,0.006404963624463665
3,32,intrel,0.054243984200000005,0.002879276483192717
3,32,intrel,0.01174773624,0.0003538899268732046
3,32,intrel,0.019340072160000003,0.004280054197830502
3,32,intrel,0.01064536156,0.0002953642106383234
3,32,intrel,0.02127922516,0.0004590857472174207
3,32,intrel,0.01630999408,0.0005367867873878584
3,32,intrel,0.00348893182,0.0002113419474820631
3,32,intrel,0.05576876440000002,0.0025650223139252614
3,32,intrel,0.01496087338,0.0007307632808059825
3,32,intrel,0.049566680999999994,0.0005171695429227574
3,32,intrel,0.06983029632000001,0.003711061027262135
3,32,intrel,0.01113485294,0.0003062111404805514
3,32,intrel,0.006404870520000001,0.0002961641795327756
3,32,intrel,0.011385995400000001,0.0017555691487494587
3,32,intrel,0.014198274060000002,0.0012600413506480216
3,32,intrel,0.03082373234,0.004751585235067953
3,32,intrel,0.021649809840000003,0.0004403545635603197
3,32,intrel,0.024004729040000002,0.0013566724166715984
3,32,intrel,0.0058704985,0.0003401452260853852
3,32,intrel,0.07952791924,0.0006444478041193368
3,32,intrel,0.07256729052000001,0.003034083782264904
3,32,intrel,0.010260864400000003,0.0004103719598434245
3,32,intrel,0.01957151848,0.0016277496817776096
3,32,intrel,0.005347408960000003,0.00026005710971853006
3,32,intrel,0.00478136908,0.00025825166862838327
3,32,intrel,0.019103535440000003,0.0004905379530513307
3,32,intrel,0.00234715232,0.00016095985675468568
3,32,intrel,0.03298116474,0.004781898399489828
3,32,intrel,0.009826566740000002,0.00039357891550256835
3,32,intrel,0.024330402940000002,0.0009234021037481391
3,32,intrel,0.009511619760000001,0.00045432981137055083
3,32,intrel,0.01799654398,0.00025969161824269797
3,32,intrel,0.0071202170600000005,0.00021967822219148424
3,32,intrel,0.040477042020000006,0.0015287841017707735
3,32,intrel,0.05900072244,0.005621252426584397
3,32,intrel,0.013033768340000002,0.0012828287484920407
3,32,intrel,0.06250793666,0.0006679147167023714
3,32,intrel,0.007621936680000001,0.00032972498983359865
3,32,intrel,0.020139199280000002,0.0015885764004262715
3,32,intrel,0.03792023866,0.0030653635017466496
3,32,intrel,0.0153571193,0.00017857295698860896
3,32,intrel,0.008683088240000001,0.00039293359507146865
3,32,intrel,0.002759043440000001,0.00025362280344648724
3,32,intrel,0.005174850480000001,0.00017253445813955866
3,32,intrel,0.0077641982800000005,0.00019196648347447414
3,32,intrel,0.04909438952,0.0029958552864332334
3,32,intrel,0.0021242888400000003,0.00013726862573492743
3,32,intrel,0.028705188460000003,0.0002682635283631044
3,32,intrel,0.004611563460000001,0.00023014233374192108
3,32,intrel,0.06601867404000002,0.002732767340085455
3,32,intrel,0.02556011998,0.0037322513858136343
3,32,intrel,0.005986153940000001,0.0005096787108874351
3,32,intrel,0.05008255526000001,0.0006564320188088868
3,32,intrel,0.03936534302,0.005548734504518721
3,32,intrel,0.04866674356,0.0013074632302950509
3,32,intrel,0.05253940640000001,0.00047717708975734426
3,32,intrel,0.007464334340000001,0.00019502214823304866
3,32,intrel,0.008884364379999999,0.00031663433075668435
3,32,intrel,0.033557268720000005,0.002873454422632918
3,32,intrel,0.025189906480000003,0.00042143941036986587
3,32,intrel,0.01238227626,0.00023517505722685724
3,32,intrel,0.00691486184,0.00016610841808342478
3,32,intrel,0.045686795540000005,0.0010805600584344317
3,32,intrel,0.009831355780000002,0.00021979711273262893
3,32,intrel,0.013387454640000001,0.0007551281790753515
3,32,intrel,0.05947932988000001,0.004697982235877755
3,32,intrel,0.0074546130000000006,0.0001410704991547761
3,32,intrel,0.032007485380000006,0.002253221943691508
3,32,intrel,0.04045593066000001,0.0029097098717777805
3,32,intrel,0.00824079812,0.0004058680306680027
3,32,intrel,0.0390150956,0.0008267064583647573
3,32,intrel,0.03917428338,0.002241416106688313
3,32,intrel,0.09205597252,0.008164396152652444
3,32,intrel,0.011188582040000002,0.0002650065115679866
3,32,intrel,0.02879852086000001,0.0001838181657486846
3,32,intrel,0.008651677860000002,0.00040711014472210797
3,32,intrel,0.040371969460000004,0.006035404700340044
3,32,intrel,0.021266905140000004,0.0006137507538499921
3,32,intrel,0.01050857068,0.0003068350217299917
3,32,intrel,0.04535473828000001,0.00040950560398348427
3,32,intrel,0.012313233180000003,0.002309754244036999
3,32,intrel,0.031119794979999997,0.0002955156128479503
3,32,intrel,0.015991753719999998,0.0012053350948579497
4,32,uniform,0.0009036254399999999,0.00016545356161439648
4,32,uniform,0.0007505566199999998,0.00016277384272583037
4,32,uniform,0.0008841137599999995,0.00009293658718956945
4,32,uniform,0.0008618591999999998,0.00011187473291980539
4,32,uniform,0.0010450251800000008,0.0004812490548869334
4,32,uniform,0.0008977371600000006,0.00018819967246871968
4,32,uniform,0.0009292219399999995,0.00031635270155250245
4,32,uniform,0.0010398916800000001,0.00031928522557774793
4,32,uniform,0.0008327084600000007,0.00017500295705466745
4,32,uniform,0.0008795479000000001,0.00017417043476131204
4,32,uniform,0.0008187554200000003,0.00012807792634091518
4,32,uniform,0.0007846080199999996,0.00018120110618671424
4,32,uniform,0.0008533063000000002,0.00012943080214350492
4,32,uniform,0.000810317719999999,0.00009721767943932147
4,32,uniform,0.0006268086,0.0001199188335093089
4,32,uniform,0.0009487301600000005,0.00029161584764579893
4,32,uniform,0.001099483659999999,0.0005058675929350266
4,32,uniform,0.0008353113399999993,0.00016151228816051256
4,32,uniform,0.0008344629600000007,0.00008376672567818589
4,32,uniform,0.0008230026400000001,0.00010475383793637348
4,32,uniform,0.000793982,0.00016681803499705227
4,32,uniform,0.00081168486,0.00007388821917795075
4,32,uniform,0.0008001593999999992,0.00008095501213149875
4,32,uniform,0.0010642815800000008,0.0002525445988779893
4,32,uniform,0.0008102134399999992,0.00014931166273804604
4,32,uniform,0.0008581856400000003,0.0002301180865305898
4,32,uniform,0.0008252685400000003,0.00008467326842083437
4,32,uniform,0.0008243616199999998,0.00014507519725841033
4,32,uniform,0.00083334142,0.00013488911141300064
4,32,uniform,0.0008128351799999995,0.0001526541493631565
4,32,uniform,0.0007585480600000008,0.0001033791938878419
4,32,uniform,0.0013394849000000005,0.0005412725925937463
4,32,uniform,0.0008414727799999995,0.0001876329690469609
4,32,uniform,0.0008306792200000014,0.00018737119925564872
4,32,uniform,0.0008606322600000001,0.00008286415172343491
4,32,uniform,0.0008149024000000008,0.00011386918013209535
4,32,uniform,0.0006766307400000004,0.00012241208575776603
4,32,uniform,0.0016332981400000001,0.0006235421332498533
4,32,uniform,0.0006156207200000005,0.00011525562296912027
4,32,uniform,0.0008800970000000009,0.00010936951040517036
4,32,uniform,0.000852402620000001,0.00012653796756217743
4,32,uniform,0.0008563220599999999,0.000143612266523016
4,32,uniform,0.0008063979800000006,0.00011598230348999128
4,32,uniform,0.0009546198999999996,0.00031530876007003044
4,32,uniform,0.0010068248,0.00043205101727623955
4,32,uniform,0.0006704743000000003,0.00013104810258408512
4,32,uniform,0.0008304442399999998,0.00010469733545458017
4,32,uniform,0.0006599837600000012,0.00010133253499597799
4,32,uniform,0.0007649335800000007,0.000150127392377274
4,32,uniform,0.0009206147600000003,0.0003209839248875764
4,32,uniform,0.0008921121800000009,0.00025120167971032535
4,32,uniform,0.0007911537600000004,0.00011766783471261619
4,32,uniform,0.0008093003000000009,0.0000952959824372349
4,32,uniform,0.00088925368,0.00017306504739047305
4,32,uniform,0.0008356483999999994,0.0000927044558524562
4,32,uniform,0.00073210916,0.0001098197792498642
4,32,uniform,0.0007987480000000005,0.0001394490763421465
4,32,uniform,0.0008657342600000003,0.00028993861687990664
4,32,uniform,0.0008735297999999999,0.00017464571757767845
4,32,uniform,0.0008153630400000005,0.0001915113551901471
4,32,uniform,0.0009884105199999993,0.0002329326844305262
4,32,uniform,0.0007089943199999995,0.00009149382166445269
4,32,uniform,0.0006673295399999997,0.00007138344022880936
4,32,uniform,0.0007889240600000003,0.00008996131796777989
4,32,uniform,0.0008660300800000014,0.00019723122199602285
4,32,uniform,0.0008283343999999996,0.0001264657248789392
4,32,uniform,0.0008790601000000003,0.0001967189205475389
4,32,uniform,0.0008786640600000004,0.00017591139465474595
4,32,uniform,0.0007272978999999993,0.00008674193213261964
4,32,uniform,0.0008214498200000001,0.00008160784815717444
4,32,uniform,0.0008347265200000006,0.00017167778008120657
4,32,uniform,0.0008148217799999996,0.00013878673091798083
4,32,uniform,0.0008752962399999999,0.00012537809628041094
4,32,uniform,0.0008455364399999997,0.00016686834984838271
4,32,uniform,0.0008617379799999995,0.00011329062119664724
4,32,uniform,0.0014645348999999998,0.000358294991964086
4,32,uniform,0.0008380912599999988,0.00008663985714592717
4,32,uniform,0.0007798066600000003,0.00008387218719615384
4,32,uniform,0.0011207021799999998,0.0003366259379563449
4,32,uniform,0.0007973656599999997,0.0002126044368387243
4,32,uniform,0.0007543319599999994,0.00011667225230100295
4,32,uniform,0.0008727775000000011,0.000154639253547661
4,32,uniform,0.0008447958399999996,0.00027499673435638783
4,32,uniform,0.0007891464400000004,0.00013314944833118914
4,32,uniform,0.0008293571600000006,0.00010654980944057216
4,32,uniform,0.0009452163999999999,0.0003210171215752969
4,32,uniform,0.0008753780400000009,0.00029520368887790374
4,32,uniform,0.0008470084399999991,0.0001971230512317962
4,32,uniform,0.0008261641400000002,0.00016155980877437037
4,32,uniform,0.0008238225599999999,0.00022041162617674647
4,32,uniform,0.0008206376199999995,0.00010559828468772056
4,32,uniform,0.0008731193799999999,0.00021033155380940298
4,32,uniform,0.0010085307399999995,0.00031245518928193713
4,32,uniform,0.0006714477599999999,0.0001547276502061678
4,32,uniform,0.0007716310400000001,0.00008279673720148105
4,32,uniform,0.0009541640400000006,0.0003533917890550248
4,32,uniform,0.0007976758199999993,0.00010342360551145421
4,32,uniform,0.0008323182199999997,0.00014814397946311103
4,32,uniform,0.0009662529400000002,0.00023249301915312078
4,32,uniform,0.0007850067600000003,0.00042237658309885823
4,32,intrel,0.07652744754000002,0.0017352061734225777
4,32,intrel,0.005763511140000002,0.0014655283248764138
4,32,intrel,0.03368320818000001,0.001256784213377212
4,32,intrel,0.30536351520000005,0.00860354713449432
4,32,intrel,0.08747184672,0.0009883050922312518
4,32,intrel,0.8412064518800001,0.0140457069563961
4,32,intrel,0.1085148033,0.0027325114998154702
4,32,intrel,0.03985479772000001,0.0027346021165819533
4,32,intrel,0.01438659226,0.00020333471715321455
4,32,intrel,0.24438859604,0.006746948921945025
4,32,intrel,0.024852594460000002,0.0006111970306505545
4,32,intrel,0.4122169939600001,0.018208335414643978
4,32,intrel,0.06741644102000002,0.003754770410420287
4,32,intrel,0.08662283140000002,0.0033207455046366454
4,32,intrel,0.01618116558,0.00031534100230894656
4,32,intrel,0.06206579152000001,0.005954950439816819
4,32,intrel,0.07351266546000002,0.0025347242061495067
4,32,intrel,0.8384362059800001,0.015519207053469012
4,32,intrel,0.26505839542,0.010659055667155042
4,32,intrel,0.49911020994,0.011200561386474689
4,32,intrel,0.35214228272000003,0.010601023377267673
4,32,intrel,0.11459191056,0.0061528707490704024
4,32,intrel,0.05358762090000001,0.0048180258262339815
4,32,intrel,0.80938463538,0.021790952536273497
4,32,intrel,0.17790621376,0.011050203673738865
4,32,intrel,0.88769232406,0.015192971877466318
4,32,intrel,0.04511604546,0.0038080078343082397
4,32,intrel,0.028738467959999996,0.003656827791273834
4,32,intrel,0.51152507016,0.011394376311972721
4,32,intrel,0.59036008742,0.013203604234857823
4,32,intrel,0.15692462794,0.01050651511907916
4,32,intrel,0.3103056907,0.023842258532068675
4,32,intrel,0.043769425640000005,0.0007847950600077852
4,32,intrel,0.29378205854,0.007792702711738065
4,32,intrel,0.04260588118,0.002384216932076619
4,32,intrel,0.36874987422000005,0.014171769612126515
4,32,intrel,0.13609801032,0.007040676414227568
4,32,intrel,0.09912665588000001,0.005064547521372868
4,32,intrel,1.23672638152,0.01720819343251772
4,32,intrel,0.14760392933999997,0.008222150087434843
4,32,intrel,0.024741300860000003,0.0033321858408033827
4,32,intrel,0.34879173022,0.010951411315109233
4,32,intrel,0.1341177512,0.004629341602233825
4,32,intrel,0.016147544840000007,0.0003064417206850265
4,32,intrel,0.013089075759999999,0.002961120686734162
4,32,intrel,0.5608087415,0.01904991242930767
4,32,intrel,0.32669600683999994,0.015655385220884527
4,32,intrel,0.4224776915,0.035687484758203984
4,32,intrel,0.03281074196,0.0011859775126189318
4,32,intrel,0.0484508864,0.0073901432384583365
4,32,intrel,0.10095709304,0.007548958007898195
4,32,intrel,1.0410724245599998,0.02203640796641909
4,32,intrel,0.04411452757999999,0.0007850819479915334
4,32,intrel,0.07526993632000001,0.0041591867714145464
4,32,intrel,0.02252003044,0.003958506177992795
4,32,intrel,0.04395667844000001,0.0010358449851268715
4,32,intrel,0.25858557688,0.012545408161221508
4,32,intrel,0.04497554372,0.0005980211978251093
4,32,intrel,0.06560312895999999,0.004317942824890629
4,32,intrel,0.02601055524,0.0026273200673747055
4,32,intrel,0.023319710379999997,0.00019685981445508003
4,32,intrel,0.16960690158000002,0.012834453094916072
4,32,intrel,0.03145500936,0.000388294368633671
4,32,intrel,0.14337262750000002,0.00476436186085522
4,32,intrel,0.03563651324,0.0007588872717046912
4,32,intrel,0.03881648478000001,0.0017144167524020177
4,32,intrel,0.19407345906,0.01247035080298923
4,32,intrel,0.44252503356000006,0.01699410723159412
4,32,intrel,0.04585666222,0.0014584117404380704
4,32,intrel,0.35278116820000005,0.004337206667387978
4,32,intrel,0.04432084636000001,0.000708174611296741
4,32,intrel,0.009999022040000001,0.00024132201089093483
4,32,intrel,0.012912660000000001,0.00020449145044777167
4,32,intrel,0.11662113488,0.00391217229162782
4,32,intrel,0.18578027228000005,0.006738725544267392
4,32,intrel,0.03883563350000001,0.0015637335430935214
4,32,intrel,0.011419842920000001,0.00036677786895182807
4,32,intrel,0.11840636249999999,0.010327500437201593
4,32,intrel,0.5907170714000001,0.009951852650550002
4,32,intrel,0.12590964770000002,0.010055266896449885
4,32,intrel,0.13627892366000002,0.00641948074295444
4,32,intrel,0.03885666310000001,0.005579072323153676
4,32,intrel,0.03130875142,0.0014474723660994743
4,32,intrel,0.06533378582,0.003610460803215562
4,32,intrel,0.06275082694,0.004077932127446028
4,32,intrel,0.09416414926000001,0.000813345840652801
4,32,intrel,0.058588334500000006,0.0014001421832270371
4,32,intrel,0.09308630120000001,0.009791955369141552
4,32,intrel,0.02554093704,0.001139211754792877
4,32,intrel,0.47947975578,0.020279865048159946
4,32,intrel,0.49427603304000006,0.15982076682169968
4,32,intrel,0.5425908156399999,0.018976584141162867
4,32,intrel,0.3182853539600001,0.009093187269793414
4,32,intrel,0.40340293638,0.009614806808980067
4,32,intrel,0.054247736680000005,0.001794606827070242
4,32,intrel,0.06583816756,0.011714318310501513
4,32,intrel,0.5483317221600001,0.015778051914995577
4,32,intrel,0.020085553620000002,0.00028874807027087687
4,32,intrel,0.020947333040000002,0.0015187691601524246
4,32,intrel,0.49987862882000006,0.018886993428081335
5,32,uniform,0.00073375396,0.0000782139363470475
5,32,uniform,0.0008558274800000004,0.00013903415685347087
5,32,uniform,0.0007826968800000002,0.00013071842153422752
5,32,uniform,0.00097130806,0.00024622312488752513
5,32,uniform,0.0006102915000000008,0.00008272877901136405
5,32,uniform,0.0012241700000000006,0.00046770756192852204
5,32,uniform,0.0007789592000000001,0.00008657302917248536
5,32,uniform,0.0007560443599999992,0.0001401163984090053
5,32,uniform,0.00078087676,0.0001447069728040083
5,32,uniform,0.0008525624399999992,0.00006984775663851588
5,32,uniform,0.0008094640000000005,0.00020457385669445747
5,32,uniform,0.0008717659000000006,0.00013877331085799207
5,32,uniform,0.0008730495800000004,0.00017288563957396807
5,32,uniform,0.0008210633200000005,0.0001460364165350547
5,32,uniform,0.0007717950600000003,0.0001192998992739167
5,32,uniform,0.0008689019799999999,0.00008216081848187193
5,32,uniform,0.0007366997199999997,0.00008388266961582575
5,32,uniform,0.00090607064,0.00011123117457199966
5,32,uniform,0.0008535098399999998,0.0001457709186242045
5,32,uniform,0.0008514909999999991,0.00010908934331521323
5,32,uniform,0.0008522236599999986,0.00005178710028837087
5,32,uniform,0.0007907819400000002,0.00013436190513720767
5,32,uniform,0.0005263785600000002,0.00013512395745639557
5,32,uniform,0.0008328674200000002,0.00012577695945552902
5,32,uniform,0.0009250335600000003,0.00014162427504998338
5,32,uniform,0.0009073165200000003,0.0001677021141106058
5,32,uniform,0.00075074608,0.00012742592949439732
5,32,uniform,0.0008560298399999996,0.000162226807604388
5,32,uniform,0.0014233608000000005,0.00048774293931957643
5,32,uniform,0.0008446832799999997,0.00014729631216357355
5,32,uniform,0.0007601446999999989,0.0001051509813934759
5,32,uniform,0.0007986117599999996,0.00007822200207415359
5,32,uniform,0.0008887021,0.00016236715107438178
5,32,uniform,0.0007911349800000004,0.00006114651743876252
5,32,uniform,0.0009366228800000004,0.00023880862978462714
5,32,uniform,0.0008570407800000006,0.00011977524830786659
5,32,uniform,0.0008761111799999999,0.00009332976529876319
5,32,uniform,0.0007443531399999997,0.00012435939223967845
5,32,uniform,0.0007448353800000001,0.00008683713919874507
5,32,uniform,0.000815851520000001,0.00010174725771548947
5,32,uniform,0.0008255758600000006,0.00011356996079407029
5,32,uniform,0.00074448918,0.0001753807777729171
5,32,uniform,0.0008587719,0.0001532286593535586
5,32,uniform,0.0009164255999999999,0.0001678456567035124
5,32,uniform,0.0009039324600000001,0.00019228046901983802
5,32,uniform,0.00077859252,0.00009595887656444874
5,32,uniform,0.0008689192800000001,0.0001328485717399492
5,32,uniform,0.0008440165800000007,0.00014385678610066027
5,32,uniform,0.0008006963799999996,0.00008988890078412233
5,32,uniform,0.0009012717200000003,0.00020163012730079141
5,32,uniform,0.0008800291600000008,0.00012610449606646775
5,32,uniform,0.0008645437400000009,0.0001366172823092143
5,32,uniform,0.0019219518799999992,0.0012132094936765639
5,32,uniform,0.0007268519999999995,0.00011031771422174732
5,32,uniform,0.0008812605600000004,0.00017038608582940887
5,32,uniform,0.0008420558200000006,0.00011316401897855076
5,32,uniform,0.0008928453600000004,0.00025396912416591116
5,32,uniform,0.0009349135200000002,0.00019207883216001598
5,32,uniform,0.0008445859200000005,0.0002661513162486709
5,32,uniform,0.0008395791199999999,0.00012392286238736494
5,32,uniform,0.0008432494400000005,0.00010326594964588609
5,32,uniform,0.0007720837600000002,0.00019628651010095198
5,32,uniform,0.0008821533599999995,0.00016763680148477084
5,32,uniform,0.0009428902600000004,0.00015859435229418202
5,32,uniform,0.0008625373200000008,0.0002168932224297375
5,32,uniform,0.0007574195399999995,0.0002285013212362482
5,32,uniform,0.0007590274600000006,0.0001660156105398927
5,32,uniform,0.00096401514,0.0001611223356866522
5,32,uniform,0.0008606959600000001,0.00009936855172090971
5,32,uniform,0.0007525516999999992,0.00013586585827781266
5,32,uniform,0.00075685144,0.00011480852870763177
5,32,uniform,0.0008974752399999994,0.0001960881581546933
5,32,uniform,0.0008982455200000001,0.0001854525379220606
5,32,uniform,0.0009665197199999999,0.00025229510991405375
5,32,uniform,0.0008711017199999992,0.0001409581979572116
5,32,uniform,0.0008235394000000012,0.00014636719404083993
5,32,uniform,0.0009143982399999997,0.00017130706775637974
5,32,uniform,0.0008166994400000002,0.00013493728937979548
5,32,uniform,0.0007949319800000002,0.0002879310754555488
5,32,uniform,0.0008080682200000005,0.00020370193231748638
5,32,uniform,0.0008329303400000005,0.00007644919868114308
5,32,uniform,0.00079036314,0.00006972011458116737
5,32,uniform,0.0009303581000000005,0.00022585944302950901
5,32,uniform,0.0006040395800000003,0.0001618141902960169
5,32,uniform,0.0008639452600000006,0.0001361798159567383
5,32,uniform,0.0008211165999999999,0.00010774336168099742
5,32,uniform,0.0008261172200000003,0.00016212832997011963
5,32,uniform,0.0008676321200000002,0.00013626270163870146
5,32,uniform,0.0008454394600000005,0.0001521599210135325
5,32,uniform,0.0008524057199999999,0.00011727630172701846
5,32,uniform,0.0007923172599999997,0.00013366006548704067
5,32,uniform,0.0007824140799999997,0.00014484513563346813
5,32,uniform,0.0008223740000000002,0.0001124700375972295
5,32,uniform,0.0008659447200000007,0.0001146187400363096
5,32,uniform,0.0008610896799999994,0.0001592440737992399
5,32,uniform,0.0008241550999999996,0.00009862932283392078
5,32,uniform,0.0006822015800000004,0.00015021404403306197
5,32,uniform,0.0009542573199999994,0.00024083224136176894
5,32,uniform,0.0009743863999999997,0.0002825864778062344
5,32,uniform,0.0008066418199999994,0.00020548257689600408
5,32,intrel,0.6829279298,0.025723278529881495
5,32,intrel,0.45748384300000006,0.01052652222529959
5,32,intrel,0.34162064244,0.010511014179269543
5,32,intrel,1.29232460914,0.015362459207433338
5,32,intrel,0.69205283608,0.01621315033482796
5,32,intrel,1.0131613878599999,0.05373144228926797
5,32,intrel,0.024067870560000003,0.0021482044939299754
5,32,intrel,1.7447830449000001,0.03261289451020365
5,32,intrel,0.21479646278000003,0.007900427171685846
5,32,intrel,0.056726142740000006,0.0012523338735726333
5,32,intrel,0.04815928892,0.0007542756992998142
5,32,intrel,0.85820159544,0.021843298788141906
5,32,intrel,0.0992993883,0.002608005460179333
5,32,intrel,0.6164882135,0.012415939829558716
5,32,intrel,0.12282631582,0.007013621766908291
5,32,intrel,1.09688879318,0.0313335474605117
5,32,intrel,0.06702596994,0.0011919096660378858
5,32,intrel,1.0393380783800001,0.01951436983004835
5,32,intrel,0.04773934810000001,0.0003934537310008071
5,32,intrel,0.23283600546,0.00848082076269198
5,32,intrel,0.09988165692,0.003697156356328041
5,32,intrel,1.7668052409000001,0.02759556952601982
5,32,intrel,0.4040594216600001,0.009144890342097327
5,32,intrel,0.0282747372,0.003235694217787488
5,32,intrel,0.5489659605000001,0.01675327075892302
5,32,intrel,0.08273022668,0.005037947328526351
5,32,intrel,0.0357810885,0.003034830202084819
5,32,intrel,0.013535156960000003,0.0002423434369719736
5,32,intrel,0.26589501784,0.014204323861368088
5,32,intrel,0.7561984673400001,0.01616641191266535
5,32,intrel,1.06880047556,0.014319082302420382
5,32,intrel,1.8175051981000003,0.016328202226006817
5,32,intrel,2.3210597259600005,0.02107080723735261
5,32,intrel,0.027280453540000006,0.000509707921519331
5,32,intrel,0.8633429771200001,0.01817125209231091
5,32,intrel,0.8244110879000001,0.028805134705547502
5,32,intrel,0.04138887712000001,0.001823069849391478
5,32,intrel,0.35703591262000006,0.0138641391190647
5,32,intrel,0.0429061299,0.0010965859067429038
5,32,intrel,0.7481099643200001,0.010357639864735617
5,32,intrel,0.044303602760000005,0.004568122994407827
5,32,intrel,0.20063340256,0.010758057796906945
5,32,intrel,0.03144592936,0.0019451953502365672
5,32,intrel,0.5355969820200001,0.01202020538662077
5,32,intrel,0.4318826186200001,0.028497342831452888
5,32,intrel,0.34390684456,0.012796857121612874
5,32,intrel,0.11157926854,0.005340231393384688
5,32,intrel,0.2924920274,0.007676637569214017
5,32,intrel,0.3792821646,0.01337326125361053
5,32,intrel,0.00150475078,0.0001138971953446519
5,32,intrel,0.10595226640000002,0.004279327700520209
5,32,intrel,0.23406033871999998,0.004925512510518158
5,32,intrel,0.3077742542,0.013733772689742891
5,32,intrel,0.09754334812000001,0.0010403694916846973
5,32,intrel,0.11575423014000001,0.006810928974068534
5,32,intrel,0.01099456144,0.0004486208960764089
5,32,intrel,0.02819434766,0.0009504997801569979
5,32,intrel,0.052665006380000004,0.004952204327724936
5,32,intrel,1.1376985724600002,0.04536934433657674
5,32,intrel,2.5693254994000005,0.03173233401360724
5,32,intrel,1.51612179416,0.014728751138666075
5,32,intrel,0.015695905380000003,0.001776014764812567
5,32,intrel,0.01459010056,0.001762893661201709
5,32,intrel,0.06575204476,0.001809017030900177
5,32,intrel,0.11109533618,0.006930831550911546
5,32,intrel,0.18742826446,0.010329781263060773
5,32,intrel,0.12774487114000002,0.003249138792912222
5,32,intrel,0.16166601938000003,0.008585718531229334
5,32,intrel,0.041207453940000006,0.0014659223799393293
5,32,intrel,0.07284027821999998,0.008896871906908719
5,32,intrel,2.1179360910600002,0.01773093605047881
5,32,intrel,0.024048396500000003,0.0001578219252369934
5,32,intrel,0.56522666942,0.01298830477427141
5,32,intrel,0.05668371384,0.0022496062381819355
5,32,intrel,0.06503575378000001,0.004894209027266454
5,32,intrel,0.1385068102,0.004009355890418648
5,32,intrel,0.05720403798000001,0.004960715827552921
5,32,intrel,0.03094730504,0.0013161971651003623
5,32,intrel,0.20881319628,0.006494015531285721
5,32,intrel,0.28050360052,0.013009057332908172
5,32,intrel,0.06185102914,0.001851214296315188
5,32,intrel,0.006748897240000003,0.0001149344384674246
5,32,intrel,0.03091208202,0.0025563966464084826
5,32,intrel,1.4956102077,0.018058055475785106
5,32,intrel,0.010252380260000001,0.00021808695641580922
5,32,intrel,0.27923235702000004,0.011843254139166336
5,32,intrel,0.29839550078,0.008794653709593533
5,32,intrel,2.5298205973600005,0.017973837265772685
5,32,intrel,0.01705932304,0.000354843807495652
5,32,intrel,0.23580768629999999,0.012699045055753092
5,32,intrel,1.89195239544,0.02776248014110348
5,32,intrel,0.37595434756000007,0.015934934560142673
5,32,intrel,2.00165769158,0.018975396384487794
5,32,intrel,0.05251233096,0.00175198971607073
5,32,intrel,0.20341393942000002,0.0034546210735438595
5,32,intrel,0.2902784805,0.012212299039839846
5,32,intrel,0.15752723812000002,0.010098625819601477
5,32,intrel,0.02416506874,0.000127904076548013
5,32,intrel,0.05021817734000002,0.001238965197104584
6,32,uniform,0.0008100289799999997,0.00012689701468990947
6,32,uniform,0.0006185468000000005,0.00017153736514253812
6,32,uniform,0.0008942248399999998,0.00016027093382547214
6,32,uniform,0.0009172369600000004,0.00010572356987714082
6,32,uniform,0.0009496286000000006,0.00017762870412295416
6,32,uniform,0.00092062966,0.00012008439230900174
6,32,uniform,0.0008514557400000001,0.00010348185631608193
6,32,uniform,0.0007341653599999999,0.00008954582893716743
6,32,uniform,0.0008281847200000008,0.00016955588240970387
6,32,uniform,0.0008277769600000002,0.00013383648046179337
6,32,uniform,0.0008321689799999993,0.00011588726730193922
6,32,uniform,0.0008000332799999998,0.00013012586207553057
6,32,uniform,0.000948848479999999,0.0001343863243852919
6,32,uniform,0.0008792222000000002,0.00009359884504985445
6,32,uniform,0.0008658057799999999,0.00011354908720686008
6,32,uniform,0.0008853593199999999,0.00014023902807769944
6,32,uniform,0.0014381947000000005,0.001183418649186237
6,32,uniform,0.0007643035399999999,0.00015032082140039313
6,32,uniform,0.0008808011399999996,0.00012998445843634112
6,32,uniform,0.0008308845799999999,0.00008195729316364167
6,32,uniform,0.0007487412399999995,0.0001446842666427679
6,32,uniform,0.0007977396599999992,0.00012898434474359027
6,32,uniform,0.0009134608400000001,0.0001035543218170487
6,32,uniform,0.0009979562000000002,0.00019323798411619004
6,32,uniform,0.0008624824599999996,0.00008050049000982679
6,32,uniform,0.0008789679,0.00024251719976071338
6,32,uniform,0.0008591942999999992,0.00010875954541198772
6,32,uniform,0.0009234189199999998,0.00018821140049765547
6,32,uniform,0.0008979667400000002,0.00015366261505595082
6,32,uniform,0.0007932798599999992,0.00030094157250626656
6,32,uniform,0.0008652026399999993,0.00017561187981850456
6,32,uniform,0.0008158099399999998,0.00009604057219390837
6,32,uniform,0.0006611833399999998,0.0001155691476659464
6,32,uniform,0.0008071260799999997,0.0001663297449043783
6,32,uniform,0.0008712492599999993,0.00007707308415610035
6,32,uniform,0.0007023242400000004,0.00013612232934207054
6,32,uniform,0.0008540123800000003,0.00016565356617313678
6,32,uniform,0.00103184206,0.00021631584027949092
6,32,uniform,0.0009136197400000003,0.00014108187958361074
6,32,uniform,0.00082804434,0.00017699300494288225
6,32,uniform,0.0008481372199999993,0.00008481478830179192
6,32,uniform,0.0010680064600000004,0.00025310147309218374
6,32,uniform,0.0007770175200000004,0.00014359105197222043
6,32,uniform,0.0008905848799999996,0.00014568534017383723
6,32,uniform,0.0008570975000000002,0.0001108391983872232
6,32,uniform,0.0008893913599999999,0.000157960231242656
6,32,uniform,0.0012582798400000014,0.0003433367558734913
6,32,uniform,0.0007093675799999994,0.0003264249824818527
6,32,uniform,0.0008814745999999998,0.00013748479173530433
6,32,uniform,0.0009452488199999996,0.00012045800847044868
6,32,uniform,0.00082191892,0.00009601084261570557
6,32,uniform,0.0014072697800000002,0.0004788323612226006
6,32,uniform,0.0009124419999999996,0.00017545527836852832
6,32,uniform,0.0008263186600000007,0.00021025916688868106
6,32,uniform,0.0006775567399999998,0.00015376478682484137
6,32,uniform,0.0008429418599999999,0.00011330470749095601
6,32,uniform,0.0008987325799999994,0.000141870062699954
6,32,uniform,0.0008162415800000002,0.00009521282265862209
6,32,uniform,0.0009123132600000004,0.0000857880098832776
6,32,uniform,0.0008001890799999991,0.00016575650590915317
6,32,uniform,0.0008945035400000004,0.00022404808152916644
6,32,uniform,0.0008479709600000003,0.00008022483014690647
6,32,uniform,0.00146490734,0.00044051130838611226
6,32,uniform,0.0008656025600000002,0.00009672065316133648
6,32,uniform,0.0008880068400000001,0.00012897443024172575
6,32,uniform,0.0008661445800000004,0.0001226961075929288
6,32,uniform,0.0007179814799999998,0.000284656269407489
6,32,uniform,0.0009279600399999994,0.00025197514745142345
6,32,uniform,0.0007826221399999994,0.0001595418538021363
6,32,uniform,0.0009216678000000002,0.00022442380941780659
6,32,uniform,0.0008592019199999996,0.00018191344671769356
6,32,uniform,0.0009121158399999997,0.00011656515885332116
6,32,uniform,0.0009947670799999998,0.00018629088335229345
6,32,uniform,0.0008680564199999997,0.0001298691328806297
6,32,uniform,0.0008506187200000001,0.00019052752591989318
6,32,uniform,0.0008757924800000007,0.00013029845261386134
6,32,uniform,0.0008720507199999995,0.00013965540036978328
6,32,uniform,0.0008937253199999999,0.00016807529206879613
6,32,uniform,0.0009428571600000001,0.00019566096667574976
6,32,uniform,0.0007208004200000009,0.00015447318696409565
6,32,uniform,0.00097140432,0.0002489083446957043
6,32,uniform,0.0008508201000000002,0.0001245277841029865
6,32,uniform,0.0008009111000000006,0.00010254504101753971
6,32,uniform,0.0007979331800000003,0.00015981586271303334
6,32,uniform,0.0007969516800000005,0.000156399844491291
6,32,uniform,0.00084159036,0.00012135922114505077
6,32,uniform,0.0008981499999999995,0.00006813901548753925
6,32,uniform,0.0008114956,0.000096835231558503
6,32,uniform,0.0008129930600000009,0.00011663776505351003
6,32,uniform,0.0008673454799999999,0.00016050966472683884
6,32,uniform,0.000869653200000001,0.00011787216644450974
6,32,uniform,0.001044943,0.0002976898701429616
6,32,uniform,0.0008954328200000002,0.00012451097388387555
6,32,uniform,0.0011083730399999998,0.0005274873676436244
6,32,uniform,0.0008628894799999999,0.00009761486390686382
6,32,uniform,0.0008626671800000003,0.00013958875382275208
6,32,uniform,0.0009198248600000008,0.00027015426629357946
6,32,uniform,0.0008717056400000001,0.0001487138412053311
6,32,uniform,0.0008656752399999991,0.0001589324420981723
6,32,uniform,0.0009173541,0.00015081025525400373
6,32,intrel,2.94183674934,0.026942679801832063
6,32,intrel,0.10149170783999999,0.0034509804684887207
6,32,intrel,0.059958204720000005,0.004378568067165639
6,32,intrel,0.15020918510000003,0.03814857194017632
6,32,intrel,0.009824759479999999,0.0025758792007403806
6,32,intrel,0.09447509098000001,0.020741979734724154
6,32,intrel,0.3977451585,0.019974713865251903
6,32,intrel,1.44247954004,0.4638838593361875
6,32,intrel,0.055015269480000004,0.001792588876233853
6,32,intrel,0.26747205892000003,0.022775379356180094
6,32,intrel,0.39013184619999997,0.011370831068495285
6,32,intrel,0.10337129734000002,0.011227249111119423
6,32,intrel,1.17126326406,0.07878804050014764
6,32,intrel,1.5823575496800004,0.04533762148762237
6,32,intrel,0.17069450924000001,0.016681247477151658
6,32,intrel,0.049084613900000004,0.004431788523629169
6,32,intrel,0.11191309192000001,0.03435763927485635
6,32,intrel,0.0160640024,0.0047208540908122735
6,32,intrel,0.33306492676000005,0.014348249367072352
6,32,intrel,2.01659008232,0.03211182821676875
6,32,intrel,0.10932821006,0.005500047079750468
6,32,intrel,1.5157188645400002,0.023550852455713932
6,32,intrel,0.025937921579999995,0.0020860558297652993
6,32,intrel,0.26048694825999996,0.009183662726444138
6,32,intrel,0.1178000079,0.024420891203620274
6,32,intrel,0.14734030414000004,0.016731576006736224
6,32,intrel,0.6567340358599999,0.034748601785256635
6,32,intrel,0.23451680332000002,0.009441164962985733
6,32,intrel,0.012941753699999997,0.00024643435532327836
6,32,intrel,0.014555031480000003,0.002754160059882482
6,32,intrel,0.20512275100000005,0.004535785362508581
6,32,intrel,0.21335817642000002,0.003889665960496864
6,32,intrel,0.04458085308,0.001132068570509798
6,32,intrel,1.6493130998,0.04475074462967873
6,32,intrel,0.12562619146,0.013117496352814237
6,32,intrel,0.0947573823,0.020553553161839953
6,32,intrel,1.1305179266799998,0.028005526981568312
6,32,intrel,0.9833227455200001,0.02559238014639493
6,32,intrel,1.36186167932,0.13763264145572907
6,32,intrel,0.11696341492,0.0014364450109261972
6,32,intrel,1.2007009339799999,0.1484178022238089
6,32,intrel,0.11761550766000002,0.014502054829180823
6,32,intrel,0.87873420766,0.02131429698356142
6,32,intrel,0.54440235356,0.034443825265526654
6,32,intrel,0.03698896678000001,0.0014870201120435619
6,32,intrel,0.38061740763999996,0.012688991452877803
6,32,intrel,0.09560789208,0.012711634256994573
6,32,intrel,0.0593220668,0.004788046387204257
6,32,intrel,1.5791066364600002,0.050190384076797386
6,32,intrel,0.06845762124000002,0.0017287406254615282
6,32,intrel,1.4925418192400002,0.06094767318132583
6,32,intrel,0.07507011972000001,0.005209563548345981
6,32,intrel,0.04174773828,0.008845492212320472
6,32,intrel,0.05547861170000001,0.003770139247650089
6,32,intrel,0.3298570997,0.011978445557612216
6,32,intrel,1.12950813596,0.035009991464302885
6,32,intrel,0.05810169700000001,0.01012281265335559
6,32,intrel,0.08716774042,0.01704489297148777
6,32,intrel,0.31174598041999996,0.017595263851457273
6,32,intrel,0.016463207,0.004784967737752425
6,32,intrel,0.019208856899999995,0.0004004627896475807
6,32,intrel,0.6203732237,0.01872952149787087
6,32,intrel,0.0669914297,0.002370617110119419
6,32,intrel,0.06305848076000001,0.004302185711476816
6,32,intrel,0.05451751102,0.0020792425601480727
6,32,intrel,0.12494427376000002,0.013652337203750016
6,32,intrel,0.04085163632000001,0.004429165937886168
6,32,intrel,0.059948652459999995,0.01476142260018431
6,32,intrel,0.68971208398,0.042911523945987864
6,32,intrel,1.98861621554,0.048072089773008204
6,32,intrel,0.3245693266,0.026465716472211808
6,32,intrel,0.28419886408000006,0.014218283827433469
6,32,intrel,0.044424453780000005,0.011229684539422908
6,32,intrel,0.49901563908,0.027221598207947978
6,32,intrel,0.25381763126,0.012063890909313065
6,32,intrel,0.03503337756000001,0.007307615215564148
6,32,intrel,0.14882169102,0.006671416200722034
6,32,intrel,0.014679616880000001,0.0048101946946570665
6,32,intrel,1.68109694372,0.04146036583589987
6,32,intrel,0.0414276913,0.008550832567005165
6,32,intrel,0.09348125840000002,0.04151428944246689
6,32,intrel,1.6096406896200002,0.04261933294665577
7,32,uniform,0.0008611160600000007,0.00023503206975836313
7,32,uniform,0.0008317993599999994,0.00011705516261129004
7,32,uniform,0.0009044941799999991,0.0002918310543430717
7,32,uniform,0.0007919265199999995,0.00012089642110082863
7,32,uniform,0.00090024288,0.0002250165834572348
7,32,uniform,0.0017903259600000007,0.0002389479077298137
7,32,uniform,0.0010371598,0.0008514434835663297
7,32,uniform,0.0007457850000000003,0.00015739303927503708
7,32,uniform,0.0014995697400000008,0.0004242523324228427
7,32,uniform,0.0009915028399999997,0.0004902069488956339
7,32,uniform,0.0008602323400000005,0.00020859234016254986
7,32,uniform,0.0012218851399999997,0.0006050933444952845
7,32,uniform,0.0008240911,0.00008589528477422059
7,32,uniform,0.0008440434000000007,0.0001328727189175583
7,32,uniform,0.0008629814399999998,0.00006515862070874943
7,32,uniform,0.0008419748599999999,0.00016222757097553492
7,32,uniform,0.0008628066799999997,0.00019721090560021143
7,32,uniform,0.0010019342199999997,0.00034549984350228016
7,32,uniform,0.0004146763600000005,0.00016837383769510573
7,32,uniform,0.0008579695799999995,0.00019506129587627916
7,32,uniform,0.0008668107799999992,0.0002436730471395363
7,32,uniform,0.0007884405800000002,0.00012773990489636875
7,32,uniform,0.0008287847599999998,0.00011363603287127819
7,32,uniform,0.0008719089200000009,0.000181896573985481
7,32,uniform,0.0008587356200000006,0.0002442659445710989
7,32,uniform,0.0007721054400000003,0.0001332223196863882
7,32,uniform,0.0008361610999999998,0.00011975929613353615
7,32,uniform,0.0007580236199999999,0.0001046683507279063
7,32,uniform,0.0008749069799999995,0.0001365500223265371
7,32,uniform,0.0009842664599999998,0.0003590822712332711
7,32,uniform,0.0007777949200000009,0.00023592412851877712
7,32,uniform,0.0007870601200000007,0.00012838099740092207
7,32,uniform,0.0007753777800000002,0.00014886734918641127
7,32,uniform,0.00093607954,0.00016776485622455156
7,32,uniform,0.0008959902199999991,0.00020894473975660542
7,32,uniform,0.0007761437400000006,0.00018654442239319594
7,32,uniform,0.0013491542600000002,0.0005323690078592
7,32,uniform,0.0008280905999999997,0.00012365025771748307
7,32,uniform,0.0008855001200000001,0.0001469322638355284
7,32,uniform,0.0010722233200000004,0.0003301155888771891
7,32,uniform,0.0015454395199999995,0.0014183682629079599
7,32,uniform,0.0008182280999999992,0.0001397095903295276
7,32,uniform,0.0015951825000000007,0.001001754768333875
7,32,uniform,0.00009123236399999949,0.0001309569573793056
7,32,uniform,0.0008340010400000004,0.00013960616575053793
7,32,uniform,0.0008271655400000005,0.00022736204431671918
7,32,uniform,0.0008178219600000003,0.00010704830972774242
7,32,uniform,0.0015618254000000001,0.0005132987838832706
7,32,uniform,0.0007942836000000003,0.0002091484313369867
7,32,uniform,0.0008564062000000004,0.00022001101403462615
7,32,uniform,0.0009871452400000008,0.0003610529169018642
7,32,uniform,0.0008329205000000006,0.0001362705974575342
7,32,uniform,0.0008612515199999997,0.00019708268850603458
7,32,uniform,0.0008140121199999994,0.00010610969863222787
7,32,uniform,0.00057678574,0.00009024725761201214
7,32,uniform,0.0008078640200000007,0.00010065010823358971
7,32,uniform,0.0010094505600000002,0.0002043790186770105
7,32,uniform,0.0008141191599999994,0.00013517476818614407
7,32,uniform,0.0008443585800000002,0.00017425092313531977
7,32,uniform,0.00090878288,0.0002669469025668047
7,32,uniform,0.000961732719999999,0.0002529690076749633
7,32,uniform,0.0009029417200000003,0.00023962055793990916
7,32,uniform,0.0008959737599999995,0.00021119403257796943
7,32,uniform,0.0009561989800000009,0.00024648837604596656
7,32,uniform,0.0013307326400000003,0.0003300821124120482
7,32,uniform,0.0007745206599999998,0.00009748811288106417
7,32,uniform,0.0007738417999999996,0.0006201710275023605
7,32,uniform,0.0008886431599999996,0.00043742946134445507
7,32,uniform,0.0008702401600000003,0.00017804201109114046
7,32,uniform,0.0008922221600000006,0.00021236218394905226
7,32,uniform,0.0006947845800000001,0.00013537292699424393
7,32,uniform,0.0008536106200000004,0.00020365649229621928
7,32,uniform,0.00092897348,0.00017212412197019656
7,32,uniform,0.0008941798999999997,0.00028117225361839045
7,32,uniform,0.0008465314600000003,0.00015073092809554523
7,32,uniform,0.0008553486599999991,0.00015363209383458914
7,32,uniform,0.0009180321800000002,0.00023852643662621562
7,32,uniform,0.0014904588800000002,0.0007720068468005535
7,32,uniform,0.0019419439200000007,0.00038664760865590936
7,32,uniform,0.0008359463600000003,0.0000614549676112518
7,32,uniform,0.0008477328799999998,0.00016827517544469963
7,32,uniform,0.0008258299599999998,0.0001748532445066433
7,32,uniform,0.0008428418799999993,0.00011263686769975063
7,32,uniform,0.0007831747400000002,0.0001576785978847478
7,32,uniform,0.0008740572200000004,0.00017167654766384884
7,32,uniform,0.0008596444999999997,0.00021295042240744938
7,32,uniform,0.0008465468800000004,0.00021987879978438627
7,32,uniform,0.0009010443800000004,0.00015710761888520163
7,32,uniform,0.00085175842,0.0001503827812356779
7,32,uniform,0.0008116357399999996,0.00008883425447233494
7,32,uniform,0.0009416024399999997,0.00023237473039766806
7,32,uniform,0.0007188207800000006,0.00044724581118596164
7,32,uniform,0.00092557044,0.00027386648438506195
7,32,uniform,0.0008720867800000002,0.00020011970593425115
7,32,uniform,0.00067113496,0.00017839053089082707
7,32,uniform,0.00089288878,0.00018721566561116977
7,32,uniform,0.0006583836199999994,0.0002649660353030597
7,32,uniform,0.0008506646999999996,0.000301359946673612
7,32,uniform,0.0008150036800000007,0.0001422136469243058
7,32,uniform,0.0009555343200000011,0.0002704050328208491
7,32,intrel,0.17528903367999998,0.014792579777794412
7,32,intrel,0.1077405943,0.011553328132215395
7,32,intrel,1.1329013210599999,0.033995892439487224
7,32,intrel,0.011459596800000003,0.0002422094100111624
7,32,intrel,0.036914533560000004,0.002164976979744649
7,32,intrel,0.13475633222,0.006480822566804907
7,32,intrel,0.18339892074,0.01674098835903078
7,32,intrel,0.10605109318000001,0.014012759725995071
7,32,intrel,0.50631437426,0.03330623098841226
7,32,intrel,0.04253676142,0.00944044794895663
7,32,intrel,0.015426642560000004,0.0025106430778460737
7,32,intrel,1.71011996588,0.09930298320161586
7,32,intrel,0.44199781866000015,0.018440537812693954
7,32,intrel,2.06798881014,0.3487907622660244
7,32,intrel,0.8192799166,0.15609123819811088
7,32,intrel,1.52399606536,0.022917260936469255
7,32,intrel,0.12142165590000001,0.007897168879664079
7,32,intrel,0.40555901182000004,0.017357781667098716
7,32,intrel,0.06479139596000001,0.0015313243217857093
7,32,intrel,0.14107981986,0.0025009186052460703
7,32,intrel,2.6814650224000003,0.04051370771875277
7,32,intrel,0.9863698113800001,0.01630650600060014
7,32,intrel,0.012547175120000004,0.00008410739933554536
7,32,intrel,0.30194176819999996,0.008930801487531184
7,32,intrel,0.0311845297,0.0005424294682315937
7,32,intrel,0.27555622382000006,0.020419784609310106
7,32,intrel,0.011000749360000001,0.00028294421668244855
7,32,intrel,1.4913070461000002,0.1231222301048432
7,32,intrel,0.47989054446,0.05763399116015063
7,32,intrel,0.055895636699999994,0.0016028509249160314
7,32,intrel,0.08070344930000001,0.02030465851708099
7,32,intrel,0.97718587096,0.13901922008447296
7,32,intrel,0.17269239038,0.03384472351553694
7,32,intrel,0.82975226016,0.1839450165726685
7,32,intrel,0.76891324912,0.15709674348948158
7,32,intrel,0.7647105640000001,0.06987105918982697
7,32,intrel,0.5392059832000001,0.05751837136647385
7,32,intrel,0.17021743892000002,0.019367671674094273
7,32,intrel,1.13800649426,0.19914789337951627
7,32,intrel,0.23794893816,0.014264060761348434
7,32,intrel,0.8917077581400001,0.060878937408654424
7,32,intrel,1.8477074109,0.2214684634639222
7,32,intrel,0.08697023816000002,0.008067610286596843
7,32,intrel,0.0820672084,0.005186498684059992
7,32,intrel,1.1502734367199998,0.04657232333011892
7,32,intrel,0.76353382656,0.1538580620774412
7,32,intrel,0.12320663047999998,0.009103727259297792
7,32,intrel,2.93962328272,0.6059941219456048
7,32,intrel,0.5465760609000002,0.023510306662511
7,32,intrel,0.041397127,0.0011799974866943536
7,32,intrel,0.44446743116,0.11334375774653188
7,32,intrel,0.2965874226,0.061745746094178336
7,32,intrel,0.0973071187,0.009712391353787863
7,32,intrel,2.43444432346,0.46737356858344736
7,32,intrel,0.67580677674,0.13359932641526537
7,32,intrel,0.2614320732,0.041546873044627015
7,32,intrel,0.1067444475,0.0019833259703507726
7,32,intrel,0.03055052192,0.0011471818847023122
7,32,intrel,0.96732857412,0.026432800459394803
7,32,intrel,0.19354410884,0.04346462218938842
7,32,intrel,0.6123132831,0.0849735952166136
7,32,intrel,1.02979138702,0.23368819788815415
7,32,intrel,0.07202205497999999,0.0022433408326337856
7,32,intrel,0.13079838716,0.02357879689840636
7,32,intrel,0.16105145356000003,0.01806464238084279
7,32,intrel,0.11007743020000002,0.010616653605353082
7,32,intrel,1.02869153626,0.1649994679291911
7,32,intrel,0.79019451134,0.052856677370509725
7,32,intrel,0.5297181471200001,0.007468019347884555
7,32,intrel,0.1373398644,0.01765428481040724
7,32,intrel,0.7134647321600001,0.021872396531307667
7,32,intrel,0.37074055064000005,0.0076576420724900895
7,32,intrel,1.64319204552,0.020786776928359424
7,32,intrel,0.13593203262,0.0034153716259877455
7,32,intrel,0.38580454088,0.01558989049288426
7,32,intrel,0.20709833289999996,0.006176777725850557
7,32,intrel,0.13154128286000003,0.005810829234418449
8,32,uniform,0.0017071312000000003,0.0006082153773849907
8,32,uniform,0.0009755941399999999,0.00012613276121329023
8,32,uniform,0.0009668981799999995,0.00016072497302331223
8,32,uniform,0.0009687855200000005,0.00015401379370220207
8,32,uniform,0.0009563833400000003,0.0002965095891649487
8,32,uniform,0.0009681408399999992,0.00019678930069744362
8,32,uniform,0.0009208372799999994,0.00014701664914654322
8,32,uniform,0.0007613783599999995,0.00011315693709475646
8,32,uniform,0.0008239801799999997,0.00008479493536297506
8,32,uniform,0.0009746448799999998,0.000168019987223875
8,32,uniform,0.0009302756999999995,0.0001624182557302118
8,32,uniform,0.0011158628999999997,0.00032579369187244524
8,32,uniform,0.0009250288799999999,0.00017286293059431672
8,32,uniform,0.0008755393799999989,0.00010180410208478289
8,32,uniform,0.0009469282999999999,0.00016819693374731906
8,32,uniform,0.00090776368,0.00007187023421332205
8,32,uniform,0.0010251821000000004,0.00018780232196955281
8,32,uniform,0,0
8,32,uniform,0.0008847725200000003,0.00011103135444528973
8,32,uniform,0.0008619619599999998,0.00014792403179935895
8,32,uniform,0.0008838417799999995,0.00010082915688215716
8,32,uniform,0.0009260471800000003,0.00015782486948404418
8,32,uniform,0.0012878660800000005,0.00040474069387477394
8,32,uniform,0.0005989438400000001,0.00017572723036557412
8,32,uniform,0.0009247626200000001,0.00013536232182405851
8,32,uniform,0.0009145973200000001,0.0001336316775770459
8,32,uniform,0.000863103719999999,0.00014230059985974924
8,32,uniform,0.0009760394399999994,0.00023850690316997813
8,32,uniform,0.0009122105800000006,0.00012714913768764268
8,32,uniform,0.0008334800000000004,0.00010815040683588143
8,32,uniform,0.0013897348600000006,0.0005419303387197474
8,32,uniform,0.0008748959799999995,0.0000960135115598031
8,32,uniform,0.0009336306000000008,0.00009993449943260054
8,32,uniform,0.0009610927000000005,0.00020601220189925113
8,32,uniform,0.00095822162,0.00022240709672252917
8,32,uniform,0.0008486527999999997,0.00012181470160411669
8,32,uniform,0.0008843135999999993,0.00016746068191100862
8,32,uniform,0.000821956299999999,0.00006457203483139327
8,32,uniform,0.0007946339399999995,0.00016669702113718504
8,32,uniform,0.0009137107400000001,0.00016700575609537798
8,32,uniform,0.0008682951400000004,0.0001246765474653424
8,32,uniform,0.0008243532600000009,0.00011502648081014511
8,32,uniform,0.0009738048400000003,0.00012998825917734085
8,32,uniform,0.0008874512999999997,0.00014369915728388948
8,32,uniform,0.0009505862400000002,0.00015583545438574344
8,32,uniform,0.0009876278399999997,0.00014621984587329833
8,32,uniform,0.0009490549599999997,0.00011695727997692153
8,32,uniform,0.0010588142000000004,0.0005103952968761458
8,32,uniform,0.0008788917000000004,0.000161866033058926
8,32,uniform,0.0008786180799999994,0.00015915369841327043
8,32,uniform,0.0009257157400000004,0.0001583449117817038
8,32,uniform,0.0009357287200000005,0.0001259570625694415
8,32,uniform,0.0008894746199999999,0.0001514415716529352
8,32,uniform,0.0009668838400000001,0.000206682767695514
8,32,uniform,0.0008974592399999999,0.00006593152605620476
8,32,uniform,0.0007943423000000005,0.00010340144179313947
8,32,uniform,0.00090308782,0.00017538624126437185
8,32,uniform,0.0009400929800000006,0.00007390497575859007
8,32,uniform,0.00091659154,0.00012114103061863245
8,32,uniform,0.0008944259600000001,0.00007212458672702705
8,32,uniform,0.0008987297399999997,0.00011048522777900122
8,32,uniform,0.0007226885999999999,0.00013620860393594
8,32,uniform,0.0009812977000000014,0.00012140608381630273
8,32,uniform,0.0009043721000000001,0.00012354218544866898
8,32,uniform,0.0009467607999999999,0.00016106007202521268
8,32,uniform,0.0009225774599999996,0.00016647166637495867
8,32,uniform,0.0008305916399999997,0.0001319287544748638
8,32,uniform,0.0008692323399999997,0.00010007915972113724
8,32,uniform,0.0009257011199999994,0.00013382376795024128
8,32,uniform,0.0016846692800000008,0.0011969322991745052
8,32,uniform,0.0007575555399999995,0.00009333567536115128
8,32,uniform,0.0008167266000000001,0.00011413320391450013
8,32,uniform,0.0008727554200000005,0.00008622045284972188
8,32,uniform,0.0008902533399999995,0.00013961777567507495
8,32,uniform,0.0009281532599999997,0.0000945871742162869
8,32,uniform,0.0009049312600000001,0.00014004863135294593
8,32,uniform,0.0008526909799999996,0.00008978913177247878
8,32,uniform,0.0007782876600000005,0.0000746695115887334
8,32,uniform,0.0008658961600000002,0.0003448347888839912
8,32,uniform,0.0009139304400000006,0.00017837856501986014
8,32,uniform,0.0008470420999999994,0.00011249828429881853
8,32,uniform,0.00095881552,0.00010811256402929724
8,32,uniform,0.0008977388200000002,0.0001551344187084579
8,32,uniform,0.0015097136,0.00048719584463084926
8,32,uniform,0.0005974388400000004,0.00014563551708303996
8,32,uniform,0.0008684911199999999,0.0001352497967909749
8,32,uniform,0.0009350586799999995,0.0001463316808700927
8,32,uniform,0.0009909688000000001,0.00016758107715401514
8,32,uniform,0.0008363801799999993,0.00007347121823014935
8,32,uniform,0.0009750784199999993,0.00022445195907523538
8,32,uniform,0.0011198502400000005,0.000211169375890145
8,32,uniform,0.0005682898199999996,0.00009752154617479272
8,32,uniform,0.0008965794800000001,0.0001410365665596456
8,32,uniform,0.0008852639200000003,0.00009468318552262119
8,32,uniform,0.0009929701600000008,0.00020435160554288677
8,32,uniform,0.00104910462,0.0002706923961092081
8,32,uniform,0.0009465589800000002,0.0001852038135663279
8,32,uniform,0.0009659440599999999,0.00010469426708389215
8,32,uniform,0.0009362028000000008,0.0001580683847055866
8,32,uniform,0.0008552214399999995,0.0000788786706982452
8,32,intrel,0.0416623195,0.005678301242719206
8,32,intrel,0.01966022316,0.00033397855908527614
8,32,intrel,0.2736159958800001,0.00869871108409852
8,32,intrel,1.7041366845200003,0.024001111375454926
8,32,intrel,0.18963172046,0.004056070769967819
8,32,intrel,0.20483199758,0.006457824522996206
8,32,intrel,0.06231712018,0.0019440044904844003
8,32,intrel,0.78843500326,0.015985252931361448
8,32,intrel,0.15120555106,0.007229444322340349
8,32,intrel,0.1422047311,0.005840741341809715
8,32,intrel,0.63583323878,0.014240558794103126
8,32,intrel,0.7814900781599999,0.01213701731166937
8,32,intrel,0.05109833592,0.0038257523938938524
8,32,intrel,0.03184175314,0.001933843202190869
8,32,intrel,0.42220424337999996,0.014560091772351453
8,32,intrel,0.0713142974,0.004644750346671818
8,32,intrel,0.44532096356000006,0.007907052759402015
8,32,intrel,2.5621926992199997,0.03334962215043606
8,32,intrel,0.1302695108,0.01469385338816736
8,32,intrel,0.46127808453999997,0.011871536889250538
8,32,intrel,1.2584127945799999,0.02541917885787494
8,32,intrel,0.30418869616,0.013750111676768961
8,32,intrel,0.07345426298,0.0035762474716813986
8,32,intrel,0.027770984200000005,0.001448843224120003
8,32,intrel,2.77941466952,0.5188509047631641
8,32,intrel,0.21485452700000005,0.01198731784190416
8,32,intrel,1.0256162892599998,0.12300020545546587
8,32,intrel,2.0594662695199997,0.08475157723340643
8,32,intrel,1.87541979132,0.14162803259357987
8,32,intrel,2.6896112808200003,0.07864480608935892
8,32,intrel,0.20688297596000002,0.01267472249959468
8,32,intrel,1.14732656464,0.028886402993842042
8,32,intrel,0.33998339816000006,0.01520387508794404
8,32,intrel,0.19606473766000004,0.005780420414077054
8,32,intrel,0.06663754052,0.004384527495890996
8,32,intrel,0.020193520099999997,0.010206883001475143
8,32,intrel,0.12761111146,0.004123480719583565
8,32,intrel,0.5501751430199999,0.044311187257877936
8,32,intrel,0.26615424332000004,0.08980835710748007
8,32,intrel,0.1558294573,0.03904631116794917
8,32,intrel,0.24960099185999995,0.0895453078782757
8,32,intrel,0.18498143180000004,0.058813371592139535
8,32,intrel,0.7626899071200002,0.09039157675023952
8,32,intrel,0.28932364816000006,0.0657578347220085
8,32,intrel,0.27043449948,0.057061053432051374
8,32,intrel,0.91448805528,0.08928849987232915
8,32,intrel,0.16689867366000002,0.04713472703486687
8,32,intrel,0.4734748912800001,0.04291032060720998
8,32,intrel,0.23678396034000002,0.07753566698987405
8,32,intrel,0.03741888532,0.01327100739916468
8,32,intrel,0.3229219032600001,0.04480028669047457
8,32,intrel,0.21098749316000004,0.05724908251687929
8,32,intrel,0.9176690554199999,0.06468210640866821
8,32,intrel,0.1346103371,0.055457470582982595
8,32,intrel,0.07330989214,0.03303905782710461
8,32,intrel,0.28433963078,0.05819308019053425
8,32,intrel,1.4138909909800002,0.16194834825170396
8,32,intrel,0.055822332620000005,0.0235463566757207
8,32,intrel,0.6484033522400001,0.06035448772892389
8,32,intrel,0.4858388398400001,0.07964617287012167
8,32,intrel,0.46934973420000003,0.07176359967246566
8,32,intrel,0.3863420645600001,0.07427058793932508
8,32,intrel,1.1180246530200002,0.09983454546798017
8,32,intrel,0.24866813274000005,0.06626552481929468
8,32,intrel,2.49848116388,0.12222193026367165
8,32,intrel,0.6301607898,0.08572934933383057
8,32,intrel,0.11898266521999998,0.029319739211798486
8,32,intrel,1.4729172711,0.05218577696487984
8,32,intrel,0.054191380360000006,0.006737570579972002
8,32,intrel,0.19058767676000002,0.02675183669255347
8,32,intrel,2.7447880330000003,0.17320424964195916
8,32,intrel,0.41413793612000005,0.08710994890712953
8,32,intrel,0.6582667193400001,0.09261283924812459
8,32,intrel,0.07624469910000001,0.006213506919948976
8,32,intrel,2.18018093394,0.1965742031830733
8,32,intrel,2.21729036468,0.18148874485198976
8,32,intrel,0.12580128386,0.03671886318427826
8,32,intrel,0.025579608440000002,0.006394144059033422
8,32,intrel,2.2583457751799996,0.15067390384650012
8,32,intrel,0.34169835974,0.07991176317358407
9,32,uniform,0.011268755600000003,0.004800723502690365
9,32,uniform,0.015319069,0.006860893153256715
9,32,uniform,0.01765820158,0.006325590736617078
9,32,uniform,0.012655141799999997,0.003291814521919762
9,32,uniform,0.01231711938,0.006941254279036048
9,32,uniform,0.016757792619999996,0.004568023961826938
9,32,uniform,0.01374174354,0.00745943042375755
9,32,uniform,0.009388256254000004,0.00520772774907268
9,32,uniform,0.012958123160000001,0.008547843256295398
9,32,uniform,0.014649935440000003,0.006119573988748763
9,32,uniform,0.016692024359999995,0.007072840997670803
9,32,uniform,0.019627835680000004,0.006392461780205498
9,32,uniform,0.0009987945800000008,0.0006409015298345934
9,32,uniform,0.015276729580000004,0.005767525138511232
9,32,uniform,0.01290886779,0.008083119397755668
9,32,uniform,0.01500658212,0.00570512164062493
9,32,uniform,0.009449736840000004,0.00556414659008322
9,32,uniform,0.011494241720000001,0.0039005567908051617
9,32,uniform,0.008071359668,0.006123015957100185
9,32,uniform,0.012529939700000003,0.0052678578884044714
9,32,uniform,0.016712957579999996,0.0072021220880447824
9,32,uniform,0.014415616900000002,0.008979638424651066
9,32,uniform,0.013242844379999999,0.0038154155841991686
9,32,uniform,0.014729173280000002,0.005741029137139076
9,32,uniform,0.01043865694,0.004161193742560688
9,32,uniform,0.011459366520000002,0.004702053340821132
9,32,uniform,0.012950069179999999,0.007050143756121044
9,32,uniform,0.01189298228,0.006396171223764665
9,32,uniform,0.01341431542,0.004381167016804162
9,32,uniform,0.010257153539999998,0.004339010609022267
9,32,uniform,0.007487959468000002,0.010286437592616491
9,32,uniform,0.013719462960000003,0.0064383707043445225
9,32,uniform,0.010848781140000005,0.003813924217732936
9,32,uniform,0.010733561360000001,0.006872380475347506
9,32,uniform,0.012854291220000008,0.005762631977171521
9,32,uniform,0.013740971240000002,0.007531971472698991
9,32,uniform,0.012787749519999999,0.0050272935655237445
9,32,uniform,0.011615572419999996,0.00640543624553415
9,32,uniform,0.013578891719999996,0.0044857598119231335
9,32,uniform,0.012380399859999999,0.009536013356771643
9,32,uniform,0.00013985552799999947,0.00021677107116889206
9,32,uniform,0.013946968360000003,0.004070895935200643
9,32,uniform,0.005093951136,0.00831726113817429
9,32,uniform,0.012286250540000007,0.0030422277297154194
9,32,uniform,0.020034731639999998,0.008843854286329339
9,32,uniform,0.010345507040000004,0.0039581958685495
9,32,uniform,0.011993893160000007,0.005997903344222866
9,32,uniform,0,0
9,32,uniform,0.013058316940000005,0.006785895449131158
9,32,uniform,0.013207303059999998,0.008663013248309419
9,32,uniform,0.008865904033999995,0.008698135024558452
9,32,uniform,0.0009261452400000016,0.00016768202900012877
9,32,uniform,0.012418466520000003,0.005166039450679331
9,32,uniform,0.011926502920000007,0.0032209216976385366
9,32,uniform,0.009854379439999996,0.004351872718802762
9,32,uniform,0.013838489,0.004388173147639415
9,32,uniform,0.010498780519999995,0.0050975666016485
9,32,uniform,0.013180427519999996,0.005808813973675677
9,32,uniform,0.01322666766,0.004468182581267913
9,32,uniform,0.019339318199999997,0.008489431836836751
9,32,uniform,0.011850339240000004,0.005835376798740608
9,32,uniform,0.013182387800000004,0.006761048605128041
9,32,uniform,0.016530691159999996,0.013346110033408295
9,32,uniform,0.013902051500000007,0.008595759223736725
9,32,uniform,0.01399351734,0.0072331338340319296
9,32,uniform,0.01667361152,0.004663588075235916
9,32,uniform,0.012163228580000005,0.0031623592524460454
9,32,uniform,0.010269765139999998,0.005298652486454328
9,32,uniform,0.007868972980000003,0.003498039120598847
9,32,uniform,0.014066482040000003,0.0118755551194365
9,32,uniform,0.013264482280000007,0.005951190236879623
9,32,uniform,0,0
9,32,uniform,0.013094146859999998,0.006680396898715832
9,32,uniform,0.012288247759999999,0.00637378767527062
9,32,uniform,0.019548414099999998,0.013123431231978525
9,32,uniform,0.0157793265,0.005780578195682948
9,32,uniform,0.013170550039999996,0.005117788395525374
9,32,uniform,0.013585135099999993,0.0030815962147186875
9,32,uniform,0.008426548378,0.007479654818267916
9,32,uniform,0.010358535060000007,0.0045672010134005
9,32,uniform,0.013237294059999998,0.005674127798285053
9,32,uniform,0.011191933260000005,0.006046158036998537
9,32,uniform,0.015922521600000007,0.008579074666241977
9,32,uniform,0.01293533656,0.005904406879784007
9,32,uniform,0.01450873936,0.006134919719883018
9,32,uniform,0.013299082640000005,0.005753650242293931
9,32,uniform,0.00958358573,0.005639640902985525
9,32,uniform,0.012135337639999995,0.006263776169869491
9,32,uniform,0.012858514800000002,0.0044259685169402005
9,32,uniform,0.015508521960000002,0.006031106999101883
9,32,uniform,0.01377638476,0.004327869883286599
9,32,uniform,0.012613638979999998,0.006803947356467428
9,32,uniform,0.01113164576,0.00631211658358883
9,32,uniform,0.014750999339999998,0.007920340777190213
9,32,uniform,0.011887051439999996,0.005452346881109683
9,32,uniform,0.01226984376,0.0051471243059603685
9,32,uniform,0.011713838820000003,0.005093287764770546
9,32,uniform,0.015529868519999998,0.006339743850757924
9,32,uniform,0.010411314500000006,0.0048290730142698125
9,32,uniform,0.011760213060000003,0.005717390816970172
9,32,intrel,0.68087526242,0.09426277671643747
9,32,intrel,0.05497564928,0.016580458688582208
9,32,intrel,0.816772458,0.10145280743490576
9,32,intrel,0.20214248178000002,0.03812039131610891
9,32,intrel,0.10514958566000002,0.044013355483393225
9,32,intrel,1.1885114039600002,0.09643817639237841
9,32,intrel,0.6319825507400001,0.05058122126731775
9,32,intrel,0.23284065746000002,0.08752917062147442
9,32,intrel,1.21514366228,0.07136787335223461
9,32,intrel,0.1194205527,0.031173299926928844
9,32,intrel,0.06723022606000001,0.008667418799637939
9,32,intrel,1.03412184364,0.1698466072658765
9,32,intrel,0.7940985606400002,0.12315093622742106
9,32,intrel,2.16730204192,0.16247486572537187
9,32,intrel,0.85875509454,0.1094374491578165
9,32,intrel,0.05619593870000002,0.028115811288161107
9,32,intrel,1.5947112375600005,0.12232484711854488
9,32,intrel,0.84055094438,0.1141896613368176
9,32,intrel,0.8021371012400001,0.24487128695796195
9,32,intrel,0.21706882068,0.012787096194615565
9,32,intrel,0.13081649648,0.035234621207156605
9,32,intrel,0.33693483632000004,0.014225941660596268
9,32,intrel,0.29287889046,0.07741102664450043
9,32,intrel,1.20638037192,0.11610304740745547
9,32,intrel,0.9569332060000001,0.15760157555889773
9,32,intrel,1.6621111121399998,0.19479361689534566
9,32,intrel,1.7238032143400002,0.17792566945373606
9,32,intrel,0.10433502102,0.05164300816471747
